id	batch	group	target	ref	duplicate_of_id	line
1	1	נפש	נפש	שמואל-א כד:יא		`וְאָבִי רְאֵה גַּם רְאֵה אֶת כְּנַף מְעִילְךָ בְּיָדִי כִּי בְּכָרְתִי אֶת כְּנַף מְעִילְךָ וְלֹא הֲרַגְתִּיךָ דַּע וּרְאֵה כִּי אֵין בְּיָדִי רָעָה וָפֶשַׁע וְלֹא חָטָאתִי לָךְ וְאַתָּה צֹדֶה אֶת נַפְשִׁי לְקַחְתָּהּ` (שמואל-א כד:יא)
2	1	נפש	נפש	ויקרא ד:ב		`דַּבֵּר אֶל בְּנֵי יִשְׂרָאֵל לֵאמֹר נֶפֶשׁ כִּי תֶחֱטָא בִשְׁגָגָה מִכֹּל מִצְוֺת יְהוָה אֲשֶׁר לֹא תֵעָשֶׂינָה וְעָשָׂה מֵאַחַת מֵהֵנָּה` (ויקרא ד:ב)
3	1	נפש	נפש	ויקרא יח:כט		`כִּי כָּל אֲשֶׁר יַעֲשֶׂה מִכֹּל הַתּוֹעֵבוֹת הָאֵלֶּה וְנִכְרְתוּ הַנְּפָשׁוֹת הָעֹשֹׂת מִקֶּרֶב עַמָּם` (ויקרא יח:כט)
4	1	נפש	נפש	תהילים עז:ב		`בְּיוֹם צָרָתִי אֲדֹנָי דָּרָשְׁתִּי יָדִי לַיְלָה נִגְּרָה וְלֹא תָפוּג מֵאֲנָה הִנָּחֵם נַפְשִׁי` (תהילים עז:ב)
5	1	נפש	נפש	אסתר ט:לא		`לְקַיֵּם אֵת יְמֵי הַפֻּרִים הָאֵלֶּה בִּזְמַנֵּיהֶם כַּאֲשֶׁר קִיַּם עֲלֵיהֶם מָרְדֳּכַי הַיְּהוּדִי וְאֶסְתֵּר הַמַּלְכָּה וְכַאֲשֶׁר קִיְּמוּ עַל נַפְשָׁם וְעַל זַרְעָם דִּבְרֵי הַצֹּמוֹת וְזַעֲקָתָם` (אסתר ט:לא)
6	1	חיים	חיים	ויקרא יד:נב		`וְחִטֵּא אֶת הַבַּיִת בְּדַם הַצִּפּוֹר וּבַמַּיִם הַחַיִּים וּבַצִּפֹּר הַחַיָּה וּבְעֵץ הָאֶרֶז וּבָאֵזֹב וּבִשְׁנִי הַתּוֹלָעַת` (ויקרא יד:נב)
7	1	נפש	נפש	תהילים עא:י		`כִּי אָמְרוּ אוֹיְבַי לִי וְשֹׁמְרֵי נַפְשִׁי נוֹעֲצוּ יַחְדָּו` (תהילים עא:י)
8	1	נפש	נפש	ויקרא כו:יא		`וְנָתַתִּי מִשְׁכָּנִי בְּתוֹכְכֶם וְלֹא תִגְעַל נַפְשִׁי אֶתְכֶם` (ויקרא כו:יא)
9	1	אדם	אדם	שמות ט:י	1372	`וַיִּקְחוּ אֶת פִּיחַ הַכִּבְשָׁן וַיַּעַמְדוּ לִפְנֵי פַרְעֹה וַיִּזְרֹק אֹתוֹ מֹשֶׁה הַשָּׁמָיְמָה וַיְהִי שְׁחִין אֲבַעְבֻּעֹת פֹּרֵחַ בָּאָדָם וּבַבְּהֵמָה` (שמות ט:י)
10	1	נפש	נפש	ויקרא כז:ב		`דַּבֵּר אֶל בְּנֵי יִשְׂרָאֵל וְאָמַרְתָּ אֲלֵהֶם אִישׁ כִּי יַפְלִא נֶדֶר בְּעֶרְכְּךָ נְפָשֹׁת לַיהוָה` (ויקרא כז:ב)
11	1	לב-לבב	לב	ירמיהו ד:ט		`וְהָיָה בַיּוֹם הַהוּא נְאֻם יְהוָה יֹאבַד לֵב הַמֶּלֶךְ וְלֵב הַשָּׂרִים וְנָשַׁמּוּ הַכֹּהֲנִים וְהַנְּבִיאִים יִתְמָהוּ` (ירמיהו ד:ט)
12	1	אדם	אדם	ישעיהו כט:יט		`וְיָסְפוּ עֲנָוִים בַּיהוָה שִׂמְחָה וְאֶבְיוֹנֵי אָדָם בִּקְדוֹשׁ יִשְׂרָאֵל יָגִילוּ` (ישעיהו כט:יט)
13	1	נפש	נפש	תהילים קה:כב		`לֶאְסֹר שָׂרָיו בְּנַפְשׁוֹ וּזְקֵנָיו יְחַכֵּם` (תהילים קה:כב)
14	1	חיים	חיים	ישעיהו לח:טז		`אֲדֹנָי עֲלֵיהֶם יִחְיוּ וּלְכָל בָּהֶן חַיֵּי רוּחִי וְתַחֲלִימֵנִי וְהַחֲיֵנִי` (ישעיהו לח:טז)
15	1	נפש	נפש	תהילים סג:ח		`דָּבְקָה נַפְשִׁי אַחֲרֶיךָ בִּי תָּמְכָה יְמִינֶךָ` (תהילים סג:ח)
16	1	אדם	אדם	ירמיהו מז:ב		`כֹּה אָמַר יְהוָה הִנֵּה מַיִם עֹלִים מִצָּפוֹן וְהָיוּ לְנַחַל שׁוֹטֵף וְיִשְׁטְפוּ אֶרֶץ וּמְלוֹאָהּ עִיר וְיֹשְׁבֵי בָהּ וְזָעֲקוּ הָאָדָם וְהֵילִל כֹּל יוֹשֵׁב הָאָרֶץ` (ירמיהו מז:ב)
17	1	נפש	נפש	משלי כד:יד		`כֵּן דְּעֶה חָכְמָה לְנַפְשֶׁךָ אִם מָצָאתָ וְיֵשׁ אַחֲרִית וְתִקְוָתְךָ לֹא תִכָּרֵת` (משלי כד:יד)
18	1	נפש	נפש	יהושע י:לב		`וַיִּתֵּן יְהוָה אֶת לָכִישׁ בְּיַד יִשְׂרָאֵל וַיִּלְכְּדָהּ בַּיּוֹם הַשֵּׁנִי וַיַּכֶּהָ לְפִי חֶרֶב וְאֶת כָּל הַנֶּפֶשׁ אֲשֶׁר בָּהּ כְּכֹל אֲשֶׁר עָשָׂה לְלִבְנָה` (יהושע י:לב)
19	1	איש-אשה	אשה	בראשית כ:יח		`כִּי עָצֹר עָצַר יְהוָה בְּעַד כָּל רֶחֶם לְבֵית אֲבִימֶלֶךְ עַל דְּבַר שָׂרָה אֵשֶׁת אַבְרָהָם` (בראשית כ:יח)
20	1	חיה-פועל	חיה	בראשית יט:לב		`לְכָה נַשְׁקֶה אֶת אָבִינוּ יַיִן וְנִשְׁכְּבָה עִמּוֹ וּנְחַיֶּה מֵאָבִינוּ זָרַע` (בראשית יט:לב)
21	1	נפש	נפש	במדבר טו:כח		`וְכִפֶּר הַכֹּהֵן עַל הַנֶּפֶשׁ הַשֹּׁגֶגֶת בְּחֶטְאָה בִשְׁגָגָה לִפְנֵי יְהוָה לְכַפֵּר עָלָיו וְנִסְלַח לוֹ` (במדבר טו:כח)
22	1	נפש	נפש	שמות לא:יז		`בֵּינִי וּבֵין בְּנֵי יִשְׂרָאֵל אוֹת הִוא לְעֹלָם כִּי שֵׁשֶׁת יָמִים עָשָׂה יְהוָה אֶת הַשָּׁמַיִם וְאֶת הָאָרֶץ וּבַיּוֹם הַשְּׁבִיעִי שָׁבַת וַיִּנָּפַשׁ` (שמות לא:יז)
23	1	נפש	נפש	תהילים קלח:ג		`בְּיוֹם קָרָאתִי וַתַּעֲנֵנִי תַּרְהִבֵנִי בְנַפְשִׁי עֹז` (תהילים קלח:ג)
24	1	אדם	אדם	יחזקאל ג:יז		`בֶּן אָדָם צֹפֶה נְתַתִּיךָ לְבֵית יִשְׂרָאֵל וְשָׁמַעְתָּ מִפִּי דָּבָר וְהִזְהַרְתָּ אוֹתָם מִמֶּנִּי` (יחזקאל ג:יז)
25	1	נפש	נפש	תהילים מב:ד		`אֵלֶּה אֶזְכְּרָה וְאֶשְׁפְּכָה עָלַי נַפְשִׁי כִּי אֶעֱבֹר בַּסָּךְ אֶדַּדֵּם עַד בֵּית אֱלֹהִים בְּקוֹל רִנָּה וְתוֹדָה הָמוֹן חוֹגֵג` (תהילים מב:ד)
26	2	איש-אשה	איש	שמואל-ב יב:ד	1227	`וַיָּבֹא הֵלֶךְ לְאִישׁ הֶעָשִׁיר וַיַּחְמֹל לָקַחַת מִצֹּאנוֹ וּמִבְּקָרוֹ לַעֲשׂוֹת לָאֹרֵחַ הַבָּא לוֹ וַיִּקַּח אֶת כִּבְשַׂת הָאִישׁ הָרָאשׁ וַיַּעֲשֶׂהָ לָאִישׁ הַבָּא אֵלָיו` (שמואל-ב יב:ד)
27	2	רוח	רוח	תהילים קד:ד		`עֹשֶׂה מַלְאָכָיו רוּחוֹת מְשָׁרְתָיו אֵשׁ לֹהֵט` (תהילים קד:ד)
28	2	לב-לבב	לב	שמות לה:כב		`וַיָּבֹאוּ הָאֲנָשִׁים עַל הַנָּשִׁים כֹּל נְדִיב לֵב הֵבִיאוּ חָח וָנֶזֶם וְטַבַּעַת וְכוּמָז כָּל כְּלִי זָהָב וְכָל אִישׁ אֲשֶׁר הֵנִיף תְּנוּפַת זָהָב לַיהוָה` (שמות לה:כב)
29	2	נפש	נפש	במדבר לא:כח		`וַהֲרֵמֹתָ מֶכֶס לַיהוָה מֵאֵת אַנְשֵׁי הַמִּלְחָמָה הַיֹּצְאִים לַצָּבָא אֶחָד נֶפֶשׁ מֵחֲמֵשׁ הַמֵּאוֹת מִן הָאָדָם וּמִן הַבָּקָר וּמִן הַחֲמֹרִים וּמִן הַצֹּאן` (במדבר לא:כח)
30	2	חיים	חיים	במדבר טז:ל		`וְאִם בְּרִיאָה יִבְרָא יְהוָה וּפָצְתָה הָאֲדָמָה אֶת פִּיהָ וּבָלְעָה אֹתָם וְאֶת כָּל אֲשֶׁר לָהֶם וְיָרְדוּ חַיִּים שְׁאֹלָה וִידַעְתֶּם כִּי נִאֲצוּ הָאֲנָשִׁים הָאֵלֶּה אֶת יְהוָה` (במדבר טז:ל)
31	2	נפש	נפש	איוב כא:כה		`וְזֶה יָמוּת בְּנֶפֶשׁ מָרָה וְלֹא אָכַל בַּטּוֹבָה` (איוב כא:כה)
32	2	נפש	נפש	תהילים מד:כה		`כִּי שָׁחָה לֶעָפָר נַפְשֵׁנוּ דָּבְקָה לָאָרֶץ בִּטְנֵנוּ` (תהילים מד:כה)
33	2	נפש	נפש	מלכים-א ח:מח		`וְשָׁבוּ אֵלֶיךָ בְּכָל לְבָבָם וּבְכָל נַפְשָׁם בְּאֶרֶץ אֹיְבֵיהֶם אֲשֶׁר שָׁבוּ אֹתָם וְהִתְפַּלְלוּ אֵלֶיךָ דֶּרֶךְ אַרְצָם אֲשֶׁר נָתַתָּה לַאֲבוֹתָם הָעִיר אֲשֶׁר בָּחַרְתָּ וְהַבַּיִת אֲשֶׁר בָּנִיתָ לִשְׁמֶךָ` (מלכים-א ח:מח)
34	2	נפש	נפש	אסתר ז:ג		`וַתַּעַן אֶסְתֵּר הַמַּלְכָּה וַתֹּאמַר אִם מָצָאתִי חֵן בְּעֵינֶיךָ הַמֶּלֶךְ וְאִם עַל הַמֶּלֶךְ טוֹב תִּנָּתֶן לִי נַפְשִׁי בִּשְׁאֵלָתִי וְעַמִּי בְּבַקָּשָׁתִי` (אסתר ז:ג)
35	2	נפש	נפש	ויקרא כד:יח		`וּמַכֵּה נֶפֶשׁ בְּהֵמָה יְשַׁלְּמֶנָּה נֶפֶשׁ תַּחַת נָפֶשׁ` (ויקרא כד:יח)
36	2	אדם	אדם	שמואל-א טז:ז	731	`וַיֹּאמֶר יְהוָה אֶל שְׁמוּאֵל אַל תַּבֵּט אֶל מַרְאֵהוּ וְאֶל גְּבֹהַּ קוֹמָתוֹ כִּי מְאַסְתִּיהוּ כִּי לֹא אֲשֶׁר יִרְאֶה הָאָדָם כִּי הָאָדָם יִרְאֶה לַעֵינַיִם וַיהוָה יִרְאֶה לַלֵּבָב` (שמואל-א טז:ז)
37	2	נפש	נפש	דברי-הימים-א יא:יט		`וַיֹּאמֶר חָלִילָה לִּי מֵאֱלֹהַי מֵעֲשׂוֹת זֹאת הֲדַם הָאֲנָשִׁים הָאֵלֶּה אֶשְׁתֶּה בְנַפְשׁוֹתָם כִּי בְנַפְשׁוֹתָם הֱבִיאוּם וְלֹא אָבָה לִשְׁתּוֹתָם אֵלֶּה עָשׂוּ שְׁלֹשֶׁת הַגִּבּוֹרִים` (דברי-הימים-א יא:יט)
38	2	לב-לבב	לב	משלי כג:לד		`וְהָיִיתָ כְּשֹׁכֵב בְּלֶב יָם וּכְשֹׁכֵב בְּרֹאשׁ חִבֵּל` (משלי כג:לד)
39	2	נפש	נפש	דברים י:כב		`בְּשִׁבְעִים נֶפֶשׁ יָרְדוּ אֲבֹתֶיךָ מִצְרָיְמָהּ וְעַתָּה שָׂמְךָ יְהוָה אֱלֹהֶיךָ כְּכוֹכְבֵי הַשָּׁמַיִם לָרֹב` (דברים י:כב)
40	2	נפש	נפש	איכה ג:כד		`חֶלְקִי יְהוָה אָמְרָה נַפְשִׁי עַל כֵּן אוֹחִיל לוֹ` (איכה ג:כד)
41	2	נפש	נפש	תהילים לה:כה		`אַל יֹאמְרוּ בְלִבָּם הֶאָח נַפְשֵׁנוּ אַל יֹאמְרוּ בִּלַּעֲנוּהוּ` (תהילים לה:כה)
42	2	לב-לבב	לב	קהלת א:טז		`דִּבַּרְתִּי אֲנִי עִם לִבִּי לֵאמֹר אֲנִי הִנֵּה הִגְדַּלְתִּי וְהוֹסַפְתִּי חָכְמָה עַל כָּל אֲשֶׁר הָיָה לְפָנַי עַל יְרוּשָׁלִָם וְלִבִּי רָאָה הַרְבֵּה חָכְמָה וָדָעַת` (קהלת א:טז)
43	2	נפש	נפש	שמות א:ה		`וַיְהִי כָּל נֶפֶשׁ יֹצְאֵי יֶרֶךְ יַעֲקֹב שִׁבְעִים נָפֶשׁ וְיוֹסֵף הָיָה בְמִצְרָיִם` (שמות א:ה)
44	2	איש-אשה	אשה	שופטים טז:א		`וַיֵּלֶךְ שִׁמְשׁוֹן עַזָּתָה וַיַּרְא שָׁם אִשָּׁה זוֹנָה וַיָּבֹא אֵלֶיהָ` (שופטים טז:א)
45	2	איש-אשה	איש	שופטים ט:ה		`וַיָּבֹא בֵית אָבִיו עָפְרָתָה וַיַּהֲרֹג אֶת אֶחָיו בְּנֵי יְרֻבַּעַל שִׁבְּעִים אִישׁ עַל אֶבֶן אֶחָת וַיִּוָּתֵר יוֹתָם בֶּן יְרֻבַּעַל הַקָּטֹן כִּי נֶחְבָּא` (שופטים ט:ה)
46	2	איש-אשה	איש	ירמיהו כו:יא		`וַיֹּאמְרוּ הַכֹּהֲנִים וְהַנְּבִאִים אֶל הַשָּׂרִים וְאֶל כָּל הָעָם לֵאמֹר מִשְׁפַּט מָוֶת לָאִישׁ הַזֶּה כִּי נִבָּא אֶל הָעִיר הַזֹּאת כַּאֲשֶׁר שְׁמַעְתֶּם בְּאָזְנֵיכֶם` (ירמיהו כו:יא)
47	2	נפש	נפש	תהילים קג:כב		`בָּרֲכוּ יְהוָה כָּל מַעֲשָׂיו בְּכָל מְקֹמוֹת מֶמְשַׁלְתּוֹ בָּרֲכִי נַפְשִׁי אֶת יְהוָה` (תהילים קג:כב)
48	2	לב-לבב	לבב	מלכים-ב י:לא		`וְיֵהוּא לֹא שָׁמַר לָלֶכֶת בְּתוֹרַת יְהוָה אֱלֹהֵי יִשְׂרָאֵל בְּכָל לְבָבוֹ לֹא סָר מֵעַל חַטֹּאות יָרָבְעָם אֲשֶׁר הֶחֱטִיא אֶת יִשְׂרָאֵל` (מלכים-ב י:לא)
49	2	חיה-פועל	חיה	תהילים קיט:קמד		`צֶדֶק עֵדְוֺתֶיךָ לְעוֹלָם הֲבִינֵנִי וְאֶחְיֶה` (תהילים קיט:קמד)
50	2	אדם	אדם	משלי יט:ג		`אִוֶּלֶת אָדָם תְּסַלֵּף דַּרְכּוֹ וְעַל יְהוָה יִזְעַף לִבּוֹ` (משלי יט:ג)
51	3	חיים	חיים	משלי טז:כב		`מְקוֹר חַיִּים שֵׂכֶל בְּעָלָיו וּמוּסַר אֱוִלִים אִוֶּלֶת` (משלי טז:כב)
52	3	רוח	רוח	משלי טז:יח		`לִפְנֵי שֶׁבֶר גָּאוֹן וְלִפְנֵי כִשָּׁלוֹן גֹּבַהּ רוּחַ` (משלי טז:יח)
53	3	נפש	נפש	בראשית מו:טו		`אֵלֶּה בְּנֵי לֵאָה אֲשֶׁר יָלְדָה לְיַעֲקֹב בְּפַדַּן אֲרָם וְאֵת דִּינָה בִתּוֹ כָּל נֶפֶשׁ בָּנָיו וּבְנוֹתָיו שְׁלֹשִׁים וְשָׁלֹשׁ` (בראשית מו:טו)
54	3	נפש	נפש	שמות כג:יב		`שֵׁשֶׁת יָמִים תַּעֲשֶׂה מַעֲשֶׂיךָ וּבַיּוֹם הַשְּׁבִיעִי תִּשְׁבֹּת לְמַעַן יָנוּחַ שׁוֹרְךָ וַחֲמֹרֶךָ וְיִנָּפֵשׁ בֶּן אֲמָתְךָ וְהַגֵּר` (שמות כג:יב)
55	3	חיה-פועל	חיה	בראשית ז:ג	1153	`גַּם מֵעוֹף הַשָּׁמַיִם שִׁבְעָה שִׁבְעָה זָכָר וּנְקֵבָה לְחַיּוֹת זֶרַע עַל פְּנֵי כָל הָאָרֶץ` (בראשית ז:ג)
56	3	חיה-פועל	חיה	ישעיהו לח:ט		`מִכְתָּב לְחִזְקִיָּהוּ מֶלֶךְ יְהוּדָה בַּחֲלֹתוֹ וַיְחִי מֵחָלְיוֹ` (ישעיהו לח:ט)
57	3	לב-לבב	לב	שופטים ט:ג		`וַיְדַבְּרוּ אֲחֵי אִמּוֹ עָלָיו בְּאָזְנֵי כָּל בַּעֲלֵי שְׁכֶם אֵת כָּל הַדְּבָרִים הָאֵלֶּה וַיֵּט לִבָּם אַחֲרֵי אֲבִימֶלֶךְ כִּי אָמְרוּ אָחִינוּ הוּא` (שופטים ט:ג)
58	3	חיה-פועל	חיה	דברי-הימים-ב כה:כה		`וַיְחִי אֲמַצְיָהוּ בֶן יוֹאָשׁ מֶלֶךְ יְהוּדָה אַחֲרֵי מוֹת יוֹאָשׁ בֶּן יְהוֹאָחָז מֶלֶךְ יִשְׂרָאֵל חֲמֵשׁ עֶשְׂרֵה שָׁנָה` (דברי-הימים-ב כה:כה)
59	3	נפש	נפש	משלי יב:י		`יוֹדֵעַ צַדִּיק נֶפֶשׁ בְּהֶמְתּוֹ וְרַחֲמֵי רְשָׁעִים אַכְזָרִי` (משלי יב:י)
60	3	נפש	נפש	משלי טו:לב		`פּוֹרֵעַ מוּסָר מוֹאֵס נַפְשׁוֹ וְשׁוֹמֵעַ תּוֹכַחַת קוֹנֶה לֵּב` (משלי טו:לב)
61	3	נפש	נפש	ויקרא ה:ב		`אוֹ נֶפֶשׁ אֲשֶׁר תִּגַּע בְּכָל דָּבָר טָמֵא אוֹ בְנִבְלַת חַיָּה טְמֵאָה אוֹ בְּנִבְלַת בְּהֵמָה טְמֵאָה אוֹ בְּנִבְלַת שֶׁרֶץ טָמֵא וְנֶעְלַם מִמֶּנּוּ וְהוּא טָמֵא וְאָשֵׁם` (ויקרא ה:ב)
62	3	לב-לבב	לבב	תהילים פו:יב		`אוֹדְךָ אֲדֹנָי אֱלֹהַי בְּכָל לְבָבִי וַאֲכַבְּדָה שִׁמְךָ לְעוֹלָם` (תהילים פו:יב)
63	3	חיים	חיים	תהילים לו:ט		`כִּי עִמְּךָ מְקוֹר חַיִּים בְּאוֹרְךָ נִרְאֶה אוֹר` (תהילים לו:ט)
64	3	נפש	נפש	בראשית כז:כה		`וַיֹּאמֶר הַגִּשָׁה לִּי וְאֹכְלָה מִצֵּיד בְּנִי לְמַעַן תְּבָרֶכְךָ נַפְשִׁי וַיַּגֶּשׁ לוֹ וַיֹּאכַל וַיָּבֵא לוֹ יַיִן וַיֵּשְׁתְּ` (בראשית כז:כה)
65	3	נפש	נפש	בראשית ט:ה		`וְאַךְ אֶת דִּמְכֶם לְנַפְשֹׁתֵיכֶם אֶדְרֹשׁ מִיַּד כָּל חַיָּה אֶדְרְשֶׁנּוּ וּמִיַּד הָאָדָם מִיַּד אִישׁ אָחִיו אֶדְרֹשׁ אֶת נֶפֶשׁ הָאָדָם` (בראשית ט:ה)
66	3	חיים	חיים	משלי טו:כד		`אֹרַח חַיִּים לְמַעְלָה לְמַשְׂכִּיל לְמַעַן סוּר מִשְּׁאוֹל מָטָּה` (משלי טו:כד)
67	3	אדם	אדם	משלי כד:ט		`זִמַּת אִוֶּלֶת חַטָּאת וְתוֹעֲבַת לְאָדָם לֵץ` (משלי כד:ט)
68	3	לב-לבב	לב	שמות ז:יד		`וַיֹּאמֶר יְהוָה אֶל מֹשֶׁה כָּבֵד לֵב פַּרְעֹה מֵאֵן לְשַׁלַּח הָעָם` (שמות ז:יד)
69	3	חיה-פועל	חיה	שמואל-ב יב:ג		`וְלָרָשׁ אֵין כֹּל כִּי אִם כִּבְשָׂה אַחַת קְטַנָּה אֲשֶׁר קָנָה וַיְחַיֶּהָ וַתִּגְדַּל עִמּוֹ וְעִם בָּנָיו יַחְדָּו מִפִּתּוֹ תֹאכַל וּמִכֹּסוֹ תִשְׁתֶּה וּבְחֵיקוֹ תִשְׁכָּב וַתְּהִי לוֹ כְּבַת` (שמואל-ב יב:ג)
70	3	אדם	אדם	ויקרא כב:ה		`אוֹ אִישׁ אֲשֶׁר יִגַּע בְּכָל שֶׁרֶץ אֲשֶׁר יִטְמָא לוֹ אוֹ בְאָדָם אֲשֶׁר יִטְמָא לוֹ לְכֹל טֻמְאָתוֹ` (ויקרא כב:ה)
71	3	נפש	נפש	במדבר יט:כ		`וְאִישׁ אֲשֶׁר יִטְמָא וְלֹא יִתְחַטָּא וְנִכְרְתָה הַנֶּפֶשׁ הַהִוא מִתּוֹךְ הַקָּהָל כִּי אֶת מִקְדַּשׁ יְהוָה טִמֵּא מֵי נִדָּה לֹא זֹרַק עָלָיו טָמֵא הוּא` (במדבר יט:כ)
72	3	נפש	נפש	משלי כא:י		`נֶפֶשׁ רָשָׁע אִוְּתָה רָע לֹא יֻחַן בְּעֵינָיו רֵעֵהוּ` (משלי כא:י)
73	3	נפש	נפש	משלי כז:ט		`שֶׁמֶן וּקְטֹרֶת יְשַׂמַּח לֵב וּמֶתֶק רֵעֵהוּ מֵעֲצַת נָפֶשׁ` (משלי כז:ט)
74	3	נפש	נפש	ויקרא ה:טו		`נֶפֶשׁ כִּי תִמְעֹל מַעַל וְחָטְאָה בִּשְׁגָגָה מִקָּדְשֵׁי יְהוָה וְהֵבִיא אֶת אֲשָׁמוֹ לַיהוָה אַיִל תָּמִים מִן הַצֹּאן בְּעֶרְכְּךָ כֶּסֶף שְׁקָלִים בְּשֶׁקֶל הַקֹּדֶשׁ לְאָשָׁם` (ויקרא ה:טו)
75	3	אדם	אדם	איוב לו:כח		`אֲשֶׁר יִזְּלוּ שְׁחָקִים יִרְעֲפוּ עֲלֵי אָדָם רָב` (איוב לו:כח)
76	4	נפש	נפש	שמואל-ב א:ט		`וַיֹּאמֶר אֵלַי עֲמָד נָא עָלַי וּמֹתְתֵנִי כִּי אֲחָזַנִי הַשָּׁבָץ כִּי כָל עוֹד נַפְשִׁי בִּי` (שמואל-ב א:ט)
77	4	רוח	רוח	מלכים-א יח:יב		`וְהָיָה אֲנִי אֵלֵךְ מֵאִתָּךְ וְרוּחַ יְהוָה יִשָּׂאֲךָ עַל אֲשֶׁר לֹא אֵדָע וּבָאתִי לְהַגִּיד לְאַחְאָב וְלֹא יִמְצָאֲךָ וַהֲרָגָנִי וְעַבְדְּךָ יָרֵא אֶת יְהוָה מִנְּעֻרָי` (מלכים-א יח:יב)
78	4	לב-לבב	לב	ירמיהו ט:כו	234	`עַל מִצְרַיִם וְעַל יְהוּדָה וְעַל אֱדוֹם וְעַל בְּנֵי עַמּוֹן וְעַל מוֹאָב וְעַל כָּל קְצוּצֵי פֵאָה הַיֹּשְׁבִים בַּמִּדְבָּר כִּי כָל הַגּוֹיִם עֲרֵלִים וְכָל בֵּית יִשְׂרָאֵל עַרְלֵי לֵב` (ירמיהו ט:כו)
79	4	איש-אשה	איש	שמואל-א כג:יג		`וַיָּקָם דָּוִד וַאֲנָשָׁיו כְּשֵׁשׁ מֵאוֹת אִישׁ וַיֵּצְאוּ מִקְּעִלָה וַיִּתְהַלְּכוּ בַּאֲשֶׁר יִתְהַלָּכוּ וּלְשָׁאוּל הֻגַּד כִּי נִמְלַט דָּוִד מִקְּעִילָה וַיֶּחְדַּל לָצֵאת` (שמואל-א כג:יג)
80	4	אדם	אדם	מיכה ה:ה		`וְהָיָה זֶה שָׁלוֹם אַשּׁוּר כִּי יָבוֹא בְאַרְצֵנוּ וְכִי יִדְרֹךְ בְּאַרְמְנֹתֵינוּ וַהֲקֵמֹנוּ עָלָיו שִׁבְעָה רֹעִים וּשְׁמֹנָה נְסִיכֵי אָדָם` (מיכה ה:ה)
81	4	רוח	רוח	יחזקאל יא:יט		`וְנָתַתִּי לָהֶם לֵב אֶחָד וְרוּחַ חֲדָשָׁה אֶתֵּן בְּקִרְבְּכֶם וַהֲסִרֹתִי לֵב הָאֶבֶן מִבְּשָׂרָם וְנָתַתִּי לָהֶם לֵב בָּשָׂר` (יחזקאל יא:יט)
82	4	נפש	נפש	משלי יג:יט		`תַּאֲוָה נִהְיָה תֶּעֱרַב לְנָפֶשׁ וְתוֹעֲבַת כְּסִילִים סוּר מֵרָע` (משלי יג:יט)
83	4	נפש	נפש	תהילים ג:ב		`רַבִּים אֹמְרִים לְנַפְשִׁי אֵין יְשׁוּעָתָה לּוֹ בֵאלֹהִים סֶלָה` (תהילים ג:ב)
84	4	חיים	חיים	תהילים סג:ג		`כִּי טוֹב חַסְדְּךָ מֵחַיִּים שְׂפָתַי יְשַׁבְּחוּנְךָ` (תהילים סג:ג)
85	4	חיה-פועל	חיה	עמוס ה:ו		`דִּרְשׁוּ אֶת יְהוָה וִחְיוּ פֶּן יִצְלַח כָּאֵשׁ בֵּית יוֹסֵף וְאָכְלָה וְאֵין מְכַבֶּה לְבֵית אֵל` (עמוס ה:ו)
86	4	איש-אשה	אשה	בראשית יב:יא		`וַיְהִי כַּאֲשֶׁר הִקְרִיב לָבוֹא מִצְרָיְמָה וַיֹּאמֶר אֶל שָׂרַי אִשְׁתּוֹ הִנֵּה נָא יָדַעְתִּי כִּי אִשָּׁה יְפַת מַרְאֶה אָתְּ` (בראשית יב:יא)
87	4	אדם	אדם	איוב טז:כא	1093	`וְיוֹכַח לְגֶבֶר עִם אֱלוֹהַּ וּבֶן אָדָם לְרֵעֵהוּ` (איוב טז:כא)
88	4	לב-לבב	לב	שיר-השירים ח:ו		`שִׂימֵנִי כַחוֹתָם עַל לִבֶּךָ כַּחוֹתָם עַל זְרוֹעֶךָ כִּי עַזָּה כַמָּוֶת אַהֲבָה קָשָׁה כִשְׁאוֹל קִנְאָה רְשָׁפֶיהָ רִשְׁפֵּי אֵשׁ שַׁלְהֶבֶתְיָה` (שיר-השירים ח:ו)
89	4	נפש	נפש	יהושע י:לה		`וַיִּלְכְּדוּהָ בַּיּוֹם הַהוּא וַיַּכּוּהָ לְפִי חֶרֶב וְאֵת כָּל הַנֶּפֶשׁ אֲשֶׁר בָּהּ בַּיּוֹם הַהוּא הֶחֱרִים כְּכֹל אֲשֶׁר עָשָׂה לְלָכִישׁ` (יהושע י:לה)
90	4	חיים	חיים	קהלת י:יט		`לִשְׂחוֹק עֹשִׂים לֶחֶם וְיַיִן יְשַׂמַּח חַיִּים וְהַכֶּסֶף יַעֲנֶה אֶת הַכֹּל` (קהלת י:יט)
91	4	נפש	נפש	שמואל-א א:טו		`וַתַּעַן חַנָּה וַתֹּאמֶר לֹא אֲדֹנִי אִשָּׁה קְשַׁת רוּחַ אָנֹכִי וְיַיִן וְשֵׁכָר לֹא שָׁתִיתִי וָאֶשְׁפֹּךְ אֶת נַפְשִׁי לִפְנֵי יְהוָה` (שמואל-א א:טו)
92	4	נפש	נפש	תהילים סו:ט		`הַשָּׂם נַפְשֵׁנוּ בַּחַיִּים וְלֹא נָתַן לַמּוֹט רַגְלֵנוּ` (תהילים סו:ט)
93	4	חיים	חיים	יהושע א:ה		`לֹא יִתְיַצֵּב אִישׁ לְפָנֶיךָ כֹּל יְמֵי חַיֶּיךָ כַּאֲשֶׁר הָיִיתִי עִם מֹשֶׁה אֶהְיֶה עִמָּךְ לֹא אַרְפְּךָ וְלֹא אֶעֶזְבֶךָּ` (יהושע א:ה)
94	4	חיים	חיים	משלי יג:יד	748	`תּוֹרַת חָכָם מְקוֹר חַיִּים לָסוּר מִמֹּקְשֵׁי מָוֶת` (משלי יג:יד)
95	4	לב-לבב	לב	איכה ג:סה		`תִּתֵּן לָהֶם מְגִנַּת לֵב תַּאֲלָתְךָ לָהֶם` (איכה ג:סה)
96	4	חיה-פועל	חיה	ישעיהו ז:כא	705	`וְהָיָה בַּיּוֹם הַהוּא יְחַיֶּה אִישׁ עֶגְלַת בָּקָר וּשְׁתֵּי צֹאן` (ישעיהו ז:כא)
97	4	נפש	נפש	משלי יט:טז		`שֹׁמֵר מִצְוָה שֹׁמֵר נַפְשׁוֹ בּוֹזֵה דְרָכָיו יוּמָת` (משלי יט:טז)
98	4	נפש	נפש	איוב ו:יא		`מַה כֹּחִי כִי אֲיַחֵל וּמַה קִּצִּי כִּי אַאֲרִיךְ נַפְשִׁי` (איוב ו:יא)
99	4	לב-לבב	לב	יחזקאל יד:ה		`לְמַעַן תְּפֹשׂ אֶת בֵּית יִשְׂרָאֵל בְּלִבָּם אֲשֶׁר נָזֹרוּ מֵעָלַי בְּגִלּוּלֵיהֶם כֻּלָּם` (יחזקאל יד:ה)
100	4	לב-לבב	לב	נחמיה ב:ב		`וַיֹּאמֶר לִי הַמֶּלֶךְ מַדּוּעַ פָּנֶיךָ רָעִים וְאַתָּה אֵינְךָ חוֹלֶה אֵין זֶה כִּי אִם רֹעַ לֵב וָאִירָא הַרְבֵּה מְאֹד` (נחמיה ב:ב)
101	5	לב-לבב	לבב	ויקרא כו:לו		`וְהַנִּשְׁאָרִים בָּכֶם וְהֵבֵאתִי מֹרֶךְ בִּלְבָבָם בְּאַרְצֹת אֹיְבֵיהֶם וְרָדַף אֹתָם קוֹל עָלֶה נִדָּף וְנָסוּ מְנֻסַת חֶרֶב וְנָפְלוּ וְאֵין רֹדֵף` (ויקרא כו:לו)
102	5	רוח	רוח	תהילים נא:י		`לֵב טָהוֹר בְּרָא לִי אֱלֹהִים וְרוּחַ נָכוֹן חַדֵּשׁ בְּקִרְבִּי` (תהילים נא:י)
103	5	נפש	נפש	במדבר כא:ד		`וַיִּסְעוּ מֵהֹר הָהָר דֶּרֶךְ יַם סוּף לִסְבֹב אֶת אֶרֶץ אֱדוֹם וַתִּקְצַר נֶפֶשׁ הָעָם בַּדָּרֶךְ` (במדבר כא:ד)
104	5	אדם	אדם	בראשית ג:כד		`וַיְגָרֶשׁ אֶת הָאָדָם וַיַּשְׁכֵּן מִקֶּדֶם לְגַן עֵדֶן אֶת הַכְּרֻבִים וְאֵת לַהַט הַחֶרֶב הַמִּתְהַפֶּכֶת לִשְׁמֹר אֶת דֶּרֶךְ עֵץ הַחַיִּים` (בראשית ג:כד)
105	5	נפש	נפש	תהילים קכ:ו		`רַבַּת שָׁכְנָה לָּהּ נַפְשִׁי עִם שׂוֹנֵא שָׁלוֹם` (תהילים קכ:ו)
106	5	איש-אשה	איש	משלי ו:יא	1160	`וּבָא כִמְהַלֵּךְ רֵאשֶׁךָ וּמַחְסֹרְךָ כְּאִישׁ מָגֵן` (משלי ו:יא)
107	5	נפש	נפש	מלכים-א יט:ב		`וַתִּשְׁלַח אִיזֶבֶל מַלְאָךְ אֶל אֵלִיָּהוּ לֵאמֹר כֹּה יַעֲשׂוּן אֱלֹהִים וְכֹה יוֹסִפוּן כִּי כָעֵת מָחָר אָשִׂים אֶת נַפְשְׁךָ כְּנֶפֶשׁ אַחַד מֵהֶם` (מלכים-א יט:ב)
108	5	איש-אשה	איש	מלכים-א ד:כח		`וְהַשְּׂעֹרִים וְהַתֶּבֶן לַסּוּסִים וְלָרָכֶשׁ יָבִאוּ אֶל הַמָּקוֹם אֲשֶׁר יִהְיֶה שָּׁם אִישׁ כְּמִשְׁפָּטוֹ` (מלכים-א ד:כח)
109	5	רוח	רוח	הושע יג:טו		`כִּי הוּא בֵּן אַחִים יַפְרִיא יָבוֹא קָדִים רוּחַ יְהוָה מִמִּדְבָּר עֹלֶה וְיֵבוֹשׁ מְקוֹרוֹ וְיֶחֱרַב מַעְיָנוֹ הוּא יִשְׁסֶה אוֹצַר כָּל כְּלִי חֶמְדָּה` (הושע יג:טו)
110	5	רוח	רוח	שמואל-א יא:ו		`וַתִּצְלַח רוּחַ אֱלֹהִים עַל שָׁאוּל בְּשָׁמְעוֹ אֶת הַדְּבָרִים הָאֵלֶּה וַיִּחַר אַפּוֹ מְאֹד` (שמואל-א יא:ו)
111	5	נפש	נפש	יחזקאל ג:כא		`וְאַתָּה כִּי הִזְהַרְתּוֹ צַדִּיק לְבִלְתִּי חֲטֹא צַדִּיק וְהוּא לֹא חָטָא חָיוֹ יִחְיֶה כִּי נִזְהָר וְאַתָּה אֶת נַפְשְׁךָ הִצַּלְתָּ` (יחזקאל ג:כא)
112	5	אדם	אדם	במדבר טז:לב		`וַתִּפְתַּח הָאָרֶץ אֶת פִּיהָ וַתִּבְלַע אֹתָם וְאֶת בָּתֵּיהֶם וְאֵת כָּל הָאָדָם אֲשֶׁר לְקֹרַח וְאֵת כָּל הָרֲכוּשׁ` (במדבר טז:לב)
113	5	אדם	אדם	ישעיהו יז:ז		`בַּיּוֹם הַהוּא יִשְׁעֶה הָאָדָם עַל עֹשֵׂהוּ וְעֵינָיו אֶל קְדוֹשׁ יִשְׂרָאֵל תִּרְאֶינָה` (ישעיהו יז:ז)
114	5	נפש	נפש	איוב לב:ב		`וַיִּחַר אַף אֱלִיהוּא בֶן בַּרַכְאֵל הַבּוּזִי מִמִּשְׁפַּחַת רָם בְּאִיּוֹב חָרָה אַפּוֹ עַל צַדְּקוֹ נַפְשׁוֹ מֵאֱלֹהִים` (איוב לב:ב)
115	5	נפש	נפש	משלי טז:כד		`צוּף דְּבַשׁ אִמְרֵי נֹעַם מָתוֹק לַנֶּפֶשׁ וּמַרְפֵּא לָעָצֶם` (משלי טז:כד)
116	5	לב-לבב	לב	בראשית יח:ה		`וְאֶקְחָה פַת לֶחֶם וְסַעֲדוּ לִבְּכֶם אַחַר תַּעֲבֹרוּ כִּי עַל כֵּן עֲבַרְתֶּם עַל עַבְדְּכֶם וַיֹּאמְרוּ כֵּן תַּעֲשֶׂה כַּאֲשֶׁר דִּבַּרְתָּ` (בראשית יח:ה)
117	5	רוח	רוח	יחזקאל לז:א		`הָיְתָה עָלַי יַד יְהוָה וַיּוֹצִאֵנִי בְרוּחַ יְהוָה וַיְנִיחֵנִי בְּתוֹךְ הַבִּקְעָה וְהִיא מְלֵאָה עֲצָמוֹת` (יחזקאל לז:א)
118	5	אדם	אדם	משלי יב:כג		`אָדָם עָרוּם כֹּסֶה דָּעַת וְלֵב כְּסִילִים יִקְרָא אִוֶּלֶת` (משלי יב:כג)
119	5	רוח	רוח	מלכים-ב ב:טז		`וַיֹּאמְרוּ אֵלָיו הִנֵּה נָא יֵשׁ אֶת עֲבָדֶיךָ חֲמִשִּׁים אֲנָשִׁים בְּנֵי חַיִל יֵלְכוּ נָא וִיבַקְשׁוּ אֶת אֲדֹנֶיךָ פֶּן נְשָׂאוֹ רוּחַ יְהוָה וַיַּשְׁלִכֵהוּ בְּאַחַד הֶהָרִים אוֹ בְּאַחַת הַגְּיָאוֹת וַיֹּאמֶר לֹא תִשְׁלָחוּ` (מלכים-ב ב:טז)
120	5	חיים	חיים	משלי ט:יא		`כִּי בִי יִרְבּוּ יָמֶיךָ וְיוֹסִיפוּ לְּךָ שְׁנוֹת חַיִּים` (משלי ט:יא)
121	5	נפש	נפש	משלי ו:לב	433	`נֹאֵף אִשָּׁה חֲסַר לֵב מַשְׁחִית נַפְשׁוֹ הוּא יַעֲשֶׂנָּה` (משלי ו:לב)
122	5	רוח	רוח	יחזקאל ג:כד		`וַתָּבֹא בִי רוּחַ וַתַּעֲמִדֵנִי עַל רַגְלָי וַיְדַבֵּר אֹתִי וַיֹּאמֶר אֵלַי בֹּא הִסָּגֵר בְּתוֹךְ בֵּיתֶךָ` (יחזקאל ג:כד)
123	5	נפש	נפש	דברים כח:סה		`וּבַגּוֹיִם הָהֵם לֹא תַרְגִּיעַ וְלֹא יִהְיֶה מָנוֹחַ לְכַף רַגְלֶךָ וְנָתַן יְהוָה לְךָ שָׁם לֵב רַגָּז וְכִלְיוֹן עֵינַיִם וְדַאֲבוֹן נָפֶשׁ` (דברים כח:סה)
124	5	חיים	חיים	ירמיהו נב:לד		`וַאֲרֻחָתוֹ אֲרֻחַת תָּמִיד נִתְּנָה לּוֹ מֵאֵת מֶלֶךְ בָּבֶל דְּבַר יוֹם בְּיוֹמוֹ עַד יוֹם מוֹתוֹ כֹּל יְמֵי חַיָּיו` (ירמיהו נב:לד)
125	5	נפש	נפש	מלכים-א כ:מב		`וַיֹּאמֶר אֵלָיו כֹּה אָמַר יְהוָה יַעַן שִׁלַּחְתָּ אֶת אִישׁ חֶרְמִי מִיָּד וְהָיְתָה נַפְשְׁךָ תַּחַת נַפְשׁוֹ וְעַמְּךָ תַּחַת עַמּוֹ` (מלכים-א כ:מב)
126	6	חיים	חיים	דברים ה:כו		`כִּי מִי כָל בָּשָׂר אֲשֶׁר שָׁמַע קוֹל אֱלֹהִים חַיִּים מְדַבֵּר מִתּוֹךְ הָאֵשׁ כָּמֹנוּ וַיֶּחִי` (דברים ה:כו)
127	6	נפש	נפש	שמואל-א כב:כג		`שְׁבָה אִתִּי אַל תִּירָא כִּי אֲשֶׁר יְבַקֵּשׁ אֶת נַפְשִׁי יְבַקֵּשׁ אֶת נַפְשֶׁךָ כִּי מִשְׁמֶרֶת אַתָּה עִמָּדִי` (שמואל-א כב:כג)
128	6	איש-אשה	איש	יחזקאל ז:יג		`כִּי הַמּוֹכֵר אֶל הַמִּמְכָּר לֹא יָשׁוּב וְעוֹד בַּחַיִּים חַיָּתָם כִּי חָזוֹן אֶל כָּל הֲמוֹנָהּ לֹא יָשׁוּב וְאִישׁ בַּעֲוֺנוֹ חַיָּתוֹ לֹא יִתְחַזָּקוּ` (יחזקאל ז:יג)
129	6	נפש	נפש	ישעיהו י:יח		`וּכְבוֹד יַעְרוֹ וְכַרְמִלּוֹ מִנֶּפֶשׁ וְעַד בָּשָׂר יְכַלֶּה וְהָיָה כִּמְסֹס נֹסֵס` (ישעיהו י:יח)
130	6	אדם	אדם	בראשית ב:כג		`וַיֹּאמֶר הָאָדָם זֹאת הַפַּעַם עֶצֶם מֵעֲצָמַי וּבָשָׂר מִבְּשָׂרִי לְזֹאת יִקָּרֵא אִשָּׁה כִּי מֵאִישׁ לֻקֳחָה זֹּאת` (בראשית ב:כג)
131	6	נפש	נפש	משלי ח:לו		`וְחֹטְאִי חֹמֵס נַפְשׁוֹ כָּל מְשַׂנְאַי אָהֲבוּ מָוֶת` (משלי ח:לו)
132	6	נפש	נפש	דברים כו:טז		`הַיּוֹם הַזֶּה יְהוָה אֱלֹהֶיךָ מְצַוְּךָ לַעֲשׂוֹת אֶת הַחֻקִּים הָאֵלֶּה וְאֶת הַמִּשְׁפָּטִים וְשָׁמַרְתָּ וְעָשִׂיתָ אוֹתָם בְּכָל לְבָבְךָ וּבְכָל נַפְשֶׁךָ` (דברים כו:טז)
133	6	נפש	נפש	שמואל-א כה:כט		`וַיָּקָם אָדָם לִרְדָפְךָ וּלְבַקֵּשׁ אֶת נַפְשֶׁךָ וְהָיְתָה נֶפֶשׁ אֲדֹנִי צְרוּרָה בִּצְרוֹר הַחַיִּים אֵת יְהוָה אֱלֹהֶיךָ וְאֵת נֶפֶשׁ אֹיְבֶיךָ יְקַלְּעֶנָּה בְּתוֹךְ כַּף הַקָּלַע` (שמואל-א כה:כט)
134	6	נפש	נפש	תהילים קיט:פא		`כָּלְתָה לִתְשׁוּעָתְךָ נַפְשִׁי לִדְבָרְךָ יִחָלְתִּי` (תהילים קיט:פא)
135	6	איש-אשה	אשה	דברי-הימים-ב כט:ט	1434	`וְהִנֵּה נָפְלוּ אֲבוֹתֵינוּ בֶּחָרֶב וּבָנֵינוּ וּבְנוֹתֵינוּ וְנָשֵׁינוּ בַּשְּׁבִי עַל זֹאת` (דברי-הימים-ב כט:ט)
136	6	חיים	חיים	משלי טו:לא		`אֹזֶן שֹׁמַעַת תּוֹכַחַת חַיִּים בְּקֶרֶב חֲכָמִים תָּלִין` (משלי טו:לא)
137	6	נפש	נפש	שמואל-ב יד:יד		`כִּי מוֹת נָמוּת וְכַמַּיִם הַנִּגָּרִים אַרְצָה אֲשֶׁר לֹא יֵאָסֵפוּ וְלֹא יִשָּׂא אֱלֹהִים נֶפֶשׁ וְחָשַׁב מַחֲשָׁבוֹת לְבִלְתִּי יִדַּח מִמֶּנּוּ נִדָּח` (שמואל-ב יד:יד)
138	6	נפש	נפש	עמוס ו:ח		`נִשְׁבַּע אֲדֹנָי יְהוִה בְּנַפְשׁוֹ נְאֻם יְהוָה אֱלֹהֵי צְבָאוֹת מְתָאֵב אָנֹכִי אֶת גְּאוֹן יַעֲקֹב וְאַרְמְנֹתָיו שָׂנֵאתִי וְהִסְגַּרְתִּי עִיר וּמְלֹאָהּ` (עמוס ו:ח)
139	6	חיים	חיים	יהושע ד:יד		`בַּיּוֹם הַהוּא גִּדַּל יְהוָה אֶת יְהוֹשֻׁעַ בְּעֵינֵי כָּל יִשְׂרָאֵל וַיִּרְאוּ אֹתוֹ כַּאֲשֶׁר יָרְאוּ אֶת מֹשֶׁה כָּל יְמֵי חַיָּיו` (יהושע ד:יד)
140	6	נפש	נפש	ישעיהו נג:יא		`מֵעֲמַל נַפְשׁוֹ יִרְאֶה יִשְׂבָּע בְּדַעְתּוֹ יַצְדִּיק צַדִּיק עַבְדִּי לָרַבִּים וַעֲוֺנֹתָם הוּא יִסְבֹּל` (ישעיהו נג:יא)
141	6	חיים	חיים	בראשית מז:כח	623	`וַיְחִי יַעֲקֹב בְּאֶרֶץ מִצְרַיִם שְׁבַע עֶשְׂרֵה שָׁנָה וַיְהִי יְמֵי יַעֲקֹב שְׁנֵי חַיָּיו שֶׁבַע שָׁנִים וְאַרְבָּעִים וּמְאַת שָׁנָה` (בראשית מז:כח)
142	6	נפש	נפש	בראשית ב:יט		`וַיִּצֶר יְהוָה אֱלֹהִים מִן הָאֲדָמָה כָּל חַיַּת הַשָּׂדֶה וְאֵת כָּל עוֹף הַשָּׁמַיִם וַיָּבֵא אֶל הָאָדָם לִרְאוֹת מַה יִּקְרָא לוֹ וְכֹל אֲשֶׁר יִקְרָא לוֹ הָאָדָם נֶפֶשׁ חַיָּה הוּא שְׁמוֹ` (בראשית ב:יט)
143	6	נפש	נפש	ירמיהו יג:יז		`וְאִם לֹא תִשְׁמָעוּהָ בְּמִסְתָּרִים תִּבְכֶּה נַפְשִׁי מִפְּנֵי גֵוָה וְדָמֹעַ תִּדְמַע וְתֵרַד עֵינִי דִּמְעָה כִּי נִשְׁבָּה עֵדֶר יְהוָה` (ירמיהו יג:יז)
144	6	נפש	נפש	דברים כד:ז	681	`כִּי יִמָּצֵא אִישׁ גֹּנֵב נֶפֶשׁ מֵאֶחָיו מִבְּנֵי יִשְׂרָאֵל וְהִתְעַמֶּר בּוֹ וּמְכָרוֹ וּמֵת הַגַּנָּב הַהוּא וּבִעַרְתָּ הָרָע מִקִּרְבֶּךָ` (דברים כד:ז)
145	6	נפש	נפש	ישעיהו ג:כ		`הַפְּאֵרִים וְהַצְּעָדוֹת וְהַקִּשֻּׁרִים וּבָתֵּי הַנֶּפֶשׁ וְהַלְּחָשִׁים` (ישעיהו ג:כ)
146	6	חיים	חיים	משלי י:יז		`אֹרַח לְחַיִּים שׁוֹמֵר מוּסָר וְעוֹזֵב תּוֹכַחַת מַתְעֶה` (משלי י:יז)
147	6	חיים	חיים	ויקרא יד:ו		`אֶת הַצִּפֹּר הַחַיָּה יִקַּח אֹתָהּ וְאֶת עֵץ הָאֶרֶז וְאֶת שְׁנִי הַתּוֹלַעַת וְאֶת הָאֵזֹב וְטָבַל אוֹתָם וְאֵת הַצִּפֹּר הַחַיָּה בְּדַם הַצִּפֹּר הַשְּׁחֻטָה עַל הַמַּיִם הַחַיִּים` (ויקרא יד:ו)
148	6	נפש	נפש	במדבר ו:יא		`וְעָשָׂה הַכֹּהֵן אֶחָד לְחַטָּאת וְאֶחָד לְעֹלָה וְכִפֶּר עָלָיו מֵאֲשֶׁר חָטָא עַל הַנָּפֶשׁ וְקִדַּשׁ אֶת רֹאשׁוֹ בַּיּוֹם הַהוּא` (במדבר ו:יא)
149	6	חיה-פועל	חיה	בראשית מב:ב		`וַיֹּאמֶר הִנֵּה שָׁמַעְתִּי כִּי יֶשׁ שֶׁבֶר בְּמִצְרָיִם רְדוּ שָׁמָּה וְשִׁבְרוּ לָנוּ מִשָּׁם וְנִחְיֶה וְלֹא נָמוּת` (בראשית מב:ב)
150	6	נפש	נפש	איכה ה:ט		`בְּנַפְשֵׁנוּ נָבִיא לַחְמֵנוּ מִפְּנֵי חֶרֶב הַמִּדְבָּר` (איכה ה:ט)
151	7	נפש	נפש	תהילים קל:ו	577	`נַפְשִׁי לַאדֹנָי מִשֹּׁמְרִים לַבֹּקֶר שֹׁמְרִים לַבֹּקֶר` (תהילים קל:ו)
152	7	חיה-פועל	חיה	יהושע ט:כא		`וַיֹּאמְרוּ אֲלֵיהֶם הַנְּשִׂיאִים יִחְיוּ וַיִּהְיוּ חֹטְבֵי עֵצִים וְשֹׁאֲבֵי מַיִם לְכָל הָעֵדָה כַּאֲשֶׁר דִּבְּרוּ לָהֶם הַנְּשִׂיאִים` (יהושע ט:כא)
153	7	נפש	נפש	שמואל-א כג:כ		`וְעַתָּה לְכָל אַוַּת נַפְשְׁךָ הַמֶּלֶךְ לָרֶדֶת רֵד וְלָנוּ הַסְגִּירוֹ בְּיַד הַמֶּלֶךְ` (שמואל-א כג:כ)
154	7	נפש	נפש	ירמיהו מ:יד		`וַיֹּאמְרוּ אֵלָיו הֲיָדֹעַ תֵּדַע כִּי בַּעֲלִיס מֶלֶךְ בְּנֵי עַמּוֹן שָׁלַח אֶת יִשְׁמָעֵאל בֶּן נְתַנְיָה לְהַכֹּתְךָ נָפֶשׁ וְלֹא הֶאֱמִין לָהֶם גְּדַלְיָהוּ בֶּן אֲחִיקָם` (ירמיהו מ:יד)
155	7	איש-אשה	איש	שופטים כא:כה		`בַּיָּמִים הָהֵם אֵין מֶלֶךְ בְּיִשְׂרָאֵל אִישׁ הַיָּשָׁר בְּעֵינָיו יַעֲשֶׂה` (שופטים כא:כה)
156	7	לב-לבב	לב	זכריה י:ז	1027	`וְהָיוּ כְגִבּוֹר אֶפְרַיִם וְשָׂמַח לִבָּם כְּמוֹ יָיִן וּבְנֵיהֶם יִרְאוּ וְשָׂמֵחוּ יָגֵל לִבָּם בַּיהוָה` (זכריה י:ז)
157	7	חיים	חיים	דברים ל:כ		`לְאַהֲבָה אֶת יְהוָה אֱלֹהֶיךָ לִשְׁמֹעַ בְּקֹלוֹ וּלְדָבְקָה בוֹ כִּי הוּא חַיֶּיךָ וְאֹרֶךְ יָמֶיךָ לָשֶׁבֶת עַל הָאֲדָמָה אֲשֶׁר נִשְׁבַּע יְהוָה לַאֲבֹתֶיךָ לְאַבְרָהָם לְיִצְחָק וּלְיַעֲקֹב לָתֵת לָהֶם` (דברים ל:כ)
158	7	נפש	נפש	איוב ג:כ		`לָמָּה יִתֵּן לְעָמֵל אוֹר וְחַיִּים לְמָרֵי נָפֶשׁ` (איוב ג:כ)
159	7	נפש	נפש	מיכה ז:ג		`עַל הָרַע כַּפַּיִם לְהֵיטִיב הַשַּׂר שֹׁאֵל וְהַשֹּׁפֵט בַּשִׁלּוּם וְהַגָּדוֹל דֹּבֵר הַוַּת נַפְשׁוֹ הוּא וַיְעַבְּתוּהָ` (מיכה ז:ג)
160	7	נפש	נפש	במדבר כט:ז		`וּבֶעָשׂוֹר לַחֹדֶשׁ הַשְּׁבִיעִי הַזֶּה מִקְרָא קֹדֶשׁ יִהְיֶה לָכֶם וְעִנִּיתֶם אֶת נַפְשֹׁתֵיכֶם כָּל מְלָאכָה לֹא תַעֲשׂוּ` (במדבר כט:ז)
161	7	אדם	אדם	יחזקאל ד:טז		`וַיֹּאמֶר אֵלַי בֶּן אָדָם הִנְנִי שֹׁבֵר מַטֵּה לֶחֶם בִּירוּשָׁלִַם וְאָכְלוּ לֶחֶם בְּמִשְׁקָל וּבִדְאָגָה וּמַיִם בִּמְשׂוּרָה וּבְשִׁמָּמוֹן יִשְׁתּוּ` (יחזקאל ד:טז)
162	7	אדם	אדם	תהילים צד:יא		`יְהוָה יֹדֵעַ מַחְשְׁבוֹת אָדָם כִּי הֵמָּה הָבֶל` (תהילים צד:יא)
163	7	נפש	נפש	תהילים קמג:ח		`הַשְׁמִיעֵנִי בַבֹּקֶר חַסְדֶּךָ כִּי בְךָ בָטָחְתִּי הוֹדִיעֵנִי דֶּרֶךְ זוּ אֵלֵךְ כִּי אֵלֶיךָ נָשָׂאתִי נַפְשִׁי` (תהילים קמג:ח)
164	7	חיים	חיים	שמואל-א יז:כו		`וַיֹּאמֶר דָּוִד אֶל הָאֲנָשִׁים הָעֹמְדִים עִמּוֹ לֵאמֹר מַה יֵּעָשֶׂה לָאִישׁ אֲשֶׁר יַכֶּה אֶת הַפְּלִשְׁתִּי הַלָּז וְהֵסִיר חֶרְפָּה מֵעַל יִשְׂרָאֵל כִּי מִי הַפְּלִשְׁתִּי הֶעָרֵל הַזֶּה כִּי חֵרֵף מַעַרְכוֹת אֱלֹהִים חַיִּים` (שמואל-א יז:כו)
165	7	חיה-פועל	חיה	מלכים-ב כ:ז		`וַיֹּאמֶר יְשַׁעְיָהוּ קְחוּ דְּבֶלֶת תְּאֵנִים וַיִּקְחוּ וַיָּשִׂימוּ עַל הַשְּׁחִין וַיֶּחִי` (מלכים-ב כ:ז)
166	7	נפש	נפש	בראשית כז:ד		`וַעֲשֵׂה לִי מַטְעַמִּים כַּאֲשֶׁר אָהַבְתִּי וְהָבִיאָה לִּי וְאֹכֵלָה בַּעֲבוּר תְּבָרֶכְךָ נַפְשִׁי בְּטֶרֶם אָמוּת` (בראשית כז:ד)
167	7	חיים	חיים	משלי ה:ו	1189	`אֹרַח חַיִּים פֶּן תְּפַלֵּס נָעוּ מַעְגְּלֹתֶיהָ לֹא תֵדָע` (משלי ה:ו)
168	7	נפש	נפש	מלכים-ב י:כד		`וַיָּבֹאוּ לַעֲשׂוֹת זְבָחִים וְעֹלוֹת וְיֵהוּא שָׂם לוֹ בַחוּץ שְׁמֹנִים אִישׁ וַיֹּאמֶר הָאִישׁ אֲשֶׁר יִמָּלֵט מִן הָאֲנָשִׁים אֲשֶׁר אֲנִי מֵבִיא עַל יְדֵיכֶם נַפְשׁוֹ תַּחַת נַפְשׁוֹ` (מלכים-ב י:כד)
169	7	אדם	אדם	משלי כט:כה		`חֶרְדַּת אָדָם יִתֵּן מוֹקֵשׁ וּבוֹטֵחַ בַּיהוָה יְשֻׂגָּב` (משלי כט:כה)
170	7	חיים	חיים	משלי כב:ד		`עֵקֶב עֲנָוָה יִרְאַת יְהוָה עֹשֶׁר וְכָבוֹד וְחַיִּים` (משלי כב:ד)
171	7	נפש	נפש	תהילים קה:יח		`עִנּוּ בַכֶּבֶל רַגְלָיו בַּרְזֶל בָּאָה נַפְשׁוֹ` (תהילים קה:יח)
172	7	נפש	נפש	ויקרא יז:טו		`וְכָל נֶפֶשׁ אֲשֶׁר תֹּאכַל נְבֵלָה וּטְרֵפָה בָּאֶזְרָח וּבַגֵּר וְכִבֶּס בְּגָדָיו וְרָחַץ בַּמַּיִם וְטָמֵא עַד הָעֶרֶב וְטָהֵר` (ויקרא יז:טו)
173	7	לב-לבב	לב	במדבר לב:ט		`וַיַּעֲלוּ עַד נַחַל אֶשְׁכּוֹל וַיִּרְאוּ אֶת הָאָרֶץ וַיָּנִיאוּ אֶת לֵב בְּנֵי יִשְׂרָאֵל לְבִלְתִּי בֹא אֶל הָאָרֶץ אֲשֶׁר נָתַן לָהֶם יְהוָה` (במדבר לב:ט)
174	7	איש-אשה	איש	שופטים יג:י		`וַתְּמַהֵר הָאִשָּׁה וַתָּרָץ וַתַּגֵּד לְאִישָׁהּ וַתֹּאמֶר אֵלָיו הִנֵּה נִרְאָה אֵלַי הָאִישׁ אֲשֶׁר בָּא בַיּוֹם אֵלָי` (שופטים יג:י)
175	7	נפש	נפש	ויקרא ז:כ		`וְהַנֶּפֶשׁ אֲשֶׁר תֹּאכַל בָּשָׂר מִזֶּבַח הַשְּׁלָמִים אֲשֶׁר לַיהוָה וְטֻמְאָתוֹ עָלָיו וְנִכְרְתָה הַנֶּפֶשׁ הַהִוא מֵעַמֶּיהָ` (ויקרא ז:כ)
176	8	רוח	רוח	במדבר יא:כו		`וַיִּשָּׁאֲרוּ שְׁנֵי אֲנָשִׁים בַּמַּחֲנֶה שֵׁם הָאֶחָד אֶלְדָּד וְשֵׁם הַשֵּׁנִי מֵידָד וַתָּנַח עֲלֵיהֶם הָרוּחַ וְהֵמָּה בַּכְּתֻבִים וְלֹא יָצְאוּ הָאֹהֱלָה וַיִּתְנַבְּאוּ בַּמַּחֲנֶה` (במדבר יא:כו)
177	8	איש-אשה	איש	יחזקאל י:ו	658	`וַיְהִי בְּצַוֺּתוֹ אֶת הָאִישׁ לְבֻשׁ הַבַּדִּים לֵאמֹר קַח אֵשׁ מִבֵּינוֹת לַגַּלְגַּל מִבֵּינוֹת לַכְּרוּבִים וַיָּבֹא וַיַּעֲמֹד אֵצֶל הָאוֹפָן` (יחזקאל י:ו)
178	8	נפש	נפש	יהושע כג:יד		`וְהִנֵּה אָנֹכִי הוֹלֵךְ הַיּוֹם בְּדֶרֶךְ כָּל הָאָרֶץ וִידַעְתֶּם בְּכָל לְבַבְכֶם וּבְכָל נַפְשְׁכֶם כִּי לֹא נָפַל דָּבָר אֶחָד מִכֹּל הַדְּבָרִים הַטּוֹבִים אֲשֶׁר דִּבֶּר יְהוָה אֱלֹהֵיכֶם עֲלֵיכֶם הַכֹּל בָּאוּ לָכֶם לֹא נָפַל מִמֶּנּוּ דָּבָר אֶחָד` (יהושע כג:יד)
179	8	נפש	נפש	איוב יח:ד		`טֹרֵף נַפְשׁוֹ בְּאַפּוֹ הַלְמַעַנְךָ תֵּעָזַב אָרֶץ וְיֶעְתַּק צוּר מִמְּקֹמוֹ` (איוב יח:ד)
180	8	אדם	אדם	שופטים טז:יא		`וַיֹּאמֶר אֵלֶיהָ אִם אָסוֹר יַאַסְרוּנִי בַּעֲבֹתִים חֲדָשִׁים אֲשֶׁר לֹא נַעֲשָׂה בָהֶם מְלָאכָה וְחָלִיתִי וְהָיִיתִי כְּאַחַד הָאָדָם` (שופטים טז:יא)
181	8	איש-אשה	איש	דברי-הימים-ב יח:ט		`וּמֶלֶךְ יִשְׂרָאֵל וִיהוֹשָׁפָט מֶלֶךְ יְהוּדָה יוֹשְׁבִים אִישׁ עַל כִּסְאוֹ מְלֻבָּשִׁים בְּגָדִים וְיֹשְׁבִים בְּגֹרֶן פֶּתַח שַׁעַר שֹׁמְרוֹן וְכָל הַנְּבִיאִים מִתְנַבְּאִים לִפְנֵיהֶם` (דברי-הימים-ב יח:ט)
182	8	חיים	חיים	תהילים קד:לג		`אָשִׁירָה לַיהוָה בְּחַיָּי אֲזַמְּרָה לֵאלֹהַי בְּעוֹדִי` (תהילים קד:לג)
183	8	נפש	נפש	תהילים מ:יד		`יֵבֹשׁוּ וְיַחְפְּרוּ יַחַד מְבַקְשֵׁי נַפְשִׁי לִסְפּוֹתָהּ יִסֹּגוּ אָחוֹר וְיִכָּלְמוּ חֲפֵצֵי רָעָתִי` (תהילים מ:יד)
184	8	אדם	אדם	ישעיהו ב:כב		`חִדְלוּ לָכֶם מִן הָאָדָם אֲשֶׁר נְשָׁמָה בְּאַפּוֹ כִּי בַמֶּה נֶחְשָׁב הוּא` (ישעיהו ב:כב)
185	8	נפש	נפש	יחזקאל מז:ט		`וְהָיָה כָל נֶפֶשׁ חַיָּה אֲ‍שֶׁר יִשְׁרֹץ אֶל כָּל אֲשֶׁר יָבוֹא שָׁם נַחֲלַיִם יִחְיֶה וְהָיָה הַדָּגָה רַבָּה מְאֹד כִּי בָאוּ שָׁמָּה הַמַּיִם הָאֵלֶּה וְיֵרָפְאוּ וָחָי כֹּל אֲשֶׁר יָבוֹא שָׁמָּה הַנָּחַל` (יחזקאל מז:ט)
186	8	נפש	נפש	דברים יט:יא		`וְכִי יִהְיֶה אִישׁ שֹׂנֵא לְרֵעֵהוּ וְאָרַב לוֹ וְקָם עָלָיו וְהִכָּהוּ נֶפֶשׁ וָמֵת וְנָס אֶל אַחַת הֶעָרִים הָאֵל` (דברים יט:יא)
187	8	נפש	נפש	במדבר ל:י		`וְאִם בֵּית אִישָׁהּ נָדָרָה אוֹ אָסְרָה אִסָּר עַל נַפְשָׁהּ בִּשְׁבֻעָה` (במדבר ל:י)
188	8	אדם	אדם	איוב לא:לג		`אִם כִּסִּיתִי כְאָדָם פְּשָׁעָי לִטְמוֹן בְּחֻבִּי עֲוֺנִי` (איוב לא:לג)
189	8	נפש	נפש	יחזקאל יח:כ		`הַנֶּפֶשׁ הַחֹטֵאת הִיא תָמוּת בֵּן לֹא יִשָּׂא בַּעֲוֺן הָאָב וְאָב לֹא יִשָּׂא בַּעֲוֺן הַבֵּן צִדְקַת הַצַּדִּיק עָלָיו תִּהְיֶה וְרִשְׁעַת רָשָׁע עָלָיו תִּהְיֶה` (יחזקאל יח:כ)
190	8	נפש	נפש	שמואל-א כ:א	1440	`וַיִּבְרַח דָּוִד מִנֹּוִות בָּרָמָה וַיָּבֹא וַיֹּאמֶר לִפְנֵי יְהוֹנָתָן מֶה עָשִׂיתִי מֶה עֲוֺנִי וּמֶה חַטָּאתִי לִפְנֵי אָבִיךָ כִּי מְבַקֵּשׁ אֶת נַפְשִׁי` (שמואל-א כ:א)
191	8	רוח	רוח	משלי א:כג		`תָּשׁוּבוּ לְתוֹכַחְתִּי הִנֵּה אַבִּיעָה לָכֶם רוּחִי אוֹדִיעָה דְבָרַי אֶתְכֶם` (משלי א:כג)
192	8	נפש	נפש	במדבר כא:ה		`וַיְדַבֵּר הָעָם בֵּאלֹהִים וּבְמֹשֶׁה לָמָה הֶעֱלִיתֻנוּ מִמִּצְרַיִם לָמוּת בַּמִּדְבָּר כִּי אֵין לֶחֶם וְאֵין מַיִם וְנַפְשֵׁנוּ קָצָה בַּלֶּחֶם הַקְּלֹקֵל` (במדבר כא:ה)
193	8	חיה-פועל	חיה	מלכים-ב יג:כא		`וַיְהִי הֵם קֹבְרִים אִישׁ וְהִנֵּה רָאוּ אֶת הַגְּדוּד וַיַּשְׁלִיכוּ אֶת הָאִישׁ בְּקֶבֶר אֱלִישָׁע וַיֵּלֶךְ וַיִּגַּע הָאִישׁ בְּעַצְמוֹת אֱלִישָׁע וַיְחִי וַיָּקָם עַל רַגְלָיו` (מלכים-ב יג:כא)
194	8	נפש	נפש	ירמיהו מח:ו		`נֻסוּ מַלְּטוּ נַפְשְׁכֶם וְתִהְיֶינָה כַּעֲרוֹעֵר בַּמִּדְבָּר` (ירמיהו מח:ו)
195	8	נפש	נפש	במדבר לא:מו		`וְנֶפֶשׁ אָדָם שִׁשָּׁה עָשָׂר אָלֶף` (במדבר לא:מו)
196	8	איש-אשה	איש	שופטים ז:ו	891	`וַיְהִי מִסְפַּר הַמֲלַקְקִים בְּיָדָם אֶל פִּיהֶם שְׁלֹשׁ מֵאוֹת אִישׁ וְכֹל יֶתֶר הָעָם כָּרְעוּ עַל בִּרְכֵיהֶם לִשְׁתּוֹת מָיִם` (שופטים ז:ו)
197	8	נפש	נפש	מלכים-א יט:יד		`וַיֹּאמֶר קַנֹּא קִנֵּאתִי לַיהוָה אֱלֹהֵי צְבָאוֹת כִּי עָזְבוּ בְרִיתְךָ בְּנֵי יִשְׂרָאֵל אֶת מִזְבְּחֹתֶיךָ הָרָסוּ וְאֶת נְבִיאֶיךָ הָרְגוּ בֶחָרֶב וָאִוָּתֵר אֲנִי לְבַדִּי וַיְבַקְשׁוּ אֶת נַפְשִׁי לְקַחְתָּהּ` (מלכים-א יט:יד)
198	8	נפש	נפש	במדבר יט:יח		`וְלָקַח אֵזוֹב וְטָבַל בַּמַּיִם אִישׁ טָהוֹר וְהִזָּה עַל הָאֹהֶל וְעַל כָּל הַכֵּלִים וְעַל הַנְּפָשׁוֹת אֲשֶׁר הָיוּ שָׁם וְעַל הַנֹּגֵעַ בַּעֶצֶם אוֹ בֶחָלָל אוֹ בַמֵּת אוֹ בַקָּבֶר` (במדבר יט:יח)
199	8	חיה-פועל	חיה	מלכים-ב יד:יז		`וַיְחִי אֲמַצְיָהוּ בֶן יוֹאָשׁ מֶלֶךְ יְהוּדָה אַחֲרֵי מוֹת יְהוֹאָשׁ בֶּן יְהוֹאָחָז מֶלֶךְ יִשְׂרָאֵל חֲמֵשׁ עֶשְׂרֵה שָׁנָה` (מלכים-ב יד:יז)
200	8	נפש	נפש	תהילים מב:יא		`מַה תִּשְׁתּוֹחֲחִי נַפְשִׁי וּמַה תֶּהֱמִי עָלָי הוֹחִילִי לֵאלֹהִים כִּי עוֹד אוֹדֶנּוּ יְשׁוּעֹת פָּנַי וֵאלֹהָי` (תהילים מב:יא)
201	9	אדם	אדם	ירמיהו נא:מג		`הָיוּ עָרֶיהָ לְשַׁמָּה אֶרֶץ צִיָּה וַעֲרָבָה אֶרֶץ לֹא יֵשֵׁב בָּהֵן כָּל אִישׁ וְלֹא יַעֲבֹר בָּהֵן בֶּן אָדָם` (ירמיהו נא:מג)
202	9	נפש	נפש	תהילים קז:יח	235	`כָּל אֹכֶל תְּתַעֵב נַפְשָׁם וַיַּגִּיעוּ עַד שַׁעֲרֵי מָוֶת` (תהילים קז:יח)
203	9	נפש	נפש	תהילים עב:יג	261	`יָחֹס עַל דַּל וְאֶבְיוֹן וְנַפְשׁוֹת אֶבְיוֹנִים יוֹשִׁיעַ` (תהילים עב:יג)
204	9	אדם	אדם	זכריה יא:ו		`כִּי לֹא אֶחְמוֹל עוֹד עַל יֹשְׁבֵי הָאָרֶץ נְאֻם יְהוָה וְהִנֵּה אָנֹכִי מַמְצִיא אֶת הָאָדָם אִישׁ בְּיַד רֵעֵהוּ וּבְיַד מַלְכּוֹ וְכִתְּתוּ אֶת הָאָרֶץ וְלֹא אַצִּיל מִיָּדָם` (זכריה יא:ו)
205	9	נפש	נפש	ויקרא כ:ו		`וְהַנֶּפֶשׁ אֲשֶׁר תִּפְנֶה אֶל הָאֹבֹת וְאֶל הַיִּדְּעֹנִים לִזְנוֹת אַחֲרֵיהֶם וְנָתַתִּי אֶת פָּנַי בַּנֶּפֶשׁ הַהִוא וְהִכְרַתִּי אֹתוֹ מִקֶּרֶב עַמּוֹ` (ויקרא כ:ו)
206	9	רוח	רוח	יחזקאל א:כא		`בְּלֶכְתָּם יֵלֵכוּ וּבְעָמְדָם יַעֲמֹדוּ וּבְהִנָּשְׂאָם מֵעַל הָאָרֶץ יִנָּשְׂאוּ הָאוֹפַנִּים לְעֻמָּתָם כִּי רוּחַ הַחַיָּה בָּאוֹפַנִּים` (יחזקאל א:כא)
207	9	חיה-פועל	חיה	ישעיהו לח:כא		`וַיֹּאמֶר יְשַׁעְיָהוּ יִשְׂאוּ דְּבֶלֶת תְּאֵנִים וְיִמְרְחוּ עַל הַשְּׁחִין וְיֶחִי` (ישעיהו לח:כא)
208	9	לב-לבב	לב	ישעיהו נז:טו		`כִּי כֹה אָמַר רָם וְנִשָּׂא שֹׁכֵן עַד וְקָדוֹשׁ שְׁמוֹ מָרוֹם וְקָדוֹשׁ אֶשְׁכּוֹן וְאֶת דַּכָּא וּשְׁפַל רוּחַ לְהַחֲיוֹת רוּחַ שְׁפָלִים וּלְהַחֲיוֹת לֵב נִדְכָּאִים` (ישעיהו נז:טו)
209	9	חיים	חיים	בראשית ז:טו		`וַיָּבֹאוּ אֶל נֹחַ אֶל הַתֵּבָה שְׁנַיִם שְׁנַיִם מִכָּל הַבָּשָׂר אֲשֶׁר בּוֹ רוּחַ חַיִּים` (בראשית ז:טו)
210	9	נפש	נפש	מלכים-א ב:ד	1602	`לְמַעַן יָקִים יְהוָה אֶת דְּבָרוֹ אֲשֶׁר דִּבֶּר עָלַי לֵאמֹר אִם יִשְׁמְרוּ בָנֶיךָ אֶת דַּרְכָּם לָלֶכֶת לְפָנַי בֶּאֱמֶת בְּכָל לְבָבָם וּבְכָל נַפְשָׁם לֵאמֹר לֹא יִכָּרֵת לְךָ אִישׁ מֵעַל כִּסֵּא יִשְׂרָאֵל` (מלכים-א ב:ד)
211	9	לב-לבב	לב	משלי יד:יג		`גַּם בִּשְׂחוֹק יִכְאַב לֵב וְאַחֲרִיתָהּ שִׂמְחָה תוּגָה` (משלי יד:יג)
212	9	נפש	נפש	ויקרא כא:יא		`וְעַל כָּל נַפְשֹׁת מֵת לֹא יָבֹא לְאָבִיו וּלְאִמּוֹ לֹא יִטַּמָּא` (ויקרא כא:יא)
213	9	נפש	נפש	תהילים עב:יד		`מִתּוֹךְ וּמֵחָמָס יִגְאַל נַפְשָׁם וְיֵיקַר דָּמָם בְּעֵינָיו` (תהילים עב:יד)
214	9	רוח	רוח	יחזקאל לו:כז		`וְאֶת רוּחִי אֶתֵּן בְּקִרְבְּכֶם וְעָשִׂיתִי אֵת אֲשֶׁר בְּחֻקַּי תֵּלֵכוּ וּמִשְׁפָּטַי תִּשְׁמְרוּ וַעֲשִׂיתֶם` (יחזקאל לו:כז)
215	9	נפש	נפש	משלי ו:ל		`לֹא יָבוּזוּ לַגַּנָּב כִּי יִגְנוֹב לְמַלֵּא נַפְשׁוֹ כִּי יִרְעָב` (משלי ו:ל)
216	9	אדם	אדם	משלי טו:כ	566	`בֵּן חָכָם יְשַׂמַּח אָב וּכְסִיל אָדָם בּוֹזֶה אִמּוֹ` (משלי טו:כ)
217	9	אדם	אדם	קהלת ח:טו		`וְשִׁבַּחְתִּי אֲנִי אֶת הַשִּׂמְחָה אֲשֶׁר אֵין טוֹב לָאָדָם תַּחַת הַשֶּׁמֶשׁ כִּי אִם לֶאֱכוֹל וְלִשְׁתּוֹת וְלִשְׂמוֹחַ וְהוּא יִלְוֶנּוּ בַעֲמָלוֹ יְמֵי חַיָּיו אֲשֶׁר נָתַן לוֹ הָאֱלֹהִים תַּחַת הַשָּׁמֶשׁ` (קהלת ח:טו)
218	9	לב-לבב	לב	משלי ג:ה		`בְּטַח אֶל יְהוָה בְּכָל לִבֶּךָ וְאֶל בִּינָתְךָ אַל תִּשָּׁעֵן` (משלי ג:ה)
219	9	נפש	נפש	ויקרא כא:א		`וַיֹּאמֶר יְהוָה אֶל מֹשֶׁה אֱמֹר אֶל הַכֹּהֲנִים בְּנֵי אַהֲרֹן וְאָמַרְתָּ אֲלֵהֶם לְנֶפֶשׁ לֹא יִטַּמָּא בְּעַמָּיו` (ויקרא כא:א)
220	9	לב-לבב	לבב	מלכים-א ג:ו		`וַיֹּאמֶר שְׁלֹמֹה אַתָּה עָשִׂיתָ עִם עַבְדְּךָ דָוִד אָבִי חֶסֶד גָּדוֹל כַּאֲשֶׁר הָלַךְ לְפָנֶיךָ בֶּאֱמֶת וּבִצְדָקָה וּבְיִשְׁרַת לֵבָב עִמָּךְ וַתִּשְׁמָר לוֹ אֶת הַחֶסֶד הַגָּדוֹל הַזֶּה וַתִּתֶּן לוֹ בֵן יֹשֵׁב עַל כִּסְאוֹ כַּיּוֹם הַזֶּה` (מלכים-א ג:ו)
221	9	נפש	נפש	מלכים-א יא:לז	1565	`וְאֹתְךָ אֶקַּח וּמָלַכְתָּ בְּכֹל אֲשֶׁר תְּאַוֶּה נַפְשֶׁךָ וְהָיִיתָ מֶּלֶךְ עַל יִשְׂרָאֵל` (מלכים-א יא:לז)
222	9	נפש	נפש	שמואל-ב ד:ח		`וַיָּבִאוּ אֶת רֹאשׁ אִישׁ בֹּשֶׁת אֶל דָּוִד חֶבְרוֹן וַיֹּאמְרוּ אֶל הַמֶּלֶךְ הִנֵּה רֹאשׁ אִישׁ בֹּשֶׁת בֶּן שָׁאוּל אֹיִבְךָ אֲשֶׁר בִּקֵּשׁ אֶת נַפְשֶׁךָ וַיִּתֵּן יְהוָה לַאדֹנִי הַמֶּלֶךְ נְקָמוֹת הַיּוֹם הַזֶּה מִשָּׁאוּל וּמִזַּרְעוֹ` (שמואל-ב ד:ח)
223	9	נפש	נפש	חגי ב:יג		`וַיֹּאמֶר חַגַּי אִם יִגַּע טְמֵא נֶפֶשׁ בְּכָל אֵלֶּה הֲיִטְמָא וַיַּעֲנוּ הַכֹּהֲנִים וַיֹּאמְרוּ יִטְמָא` (חגי ב:יג)
224	9	חיים	חיים	משלי לא:יב		`גְּמָלַתְהוּ טוֹב וְלֹא רָע כֹּל יְמֵי חַיֶּיה` (משלי לא:יב)
225	9	לב-לבב	לבב	תהילים צה:ח		`אַל תַּקְשׁוּ לְבַבְכֶם כִּמְרִיבָה כְּיוֹם מַסָּה בַּמִּדְבָּר` (תהילים צה:ח)
226	10	נפש	נפש	מלכים-ב ז:ז		`וַיָּקוּמוּ וַיָּנוּסוּ בַנֶּשֶׁף וַיַּעַזְבוּ אֶת אָהֳלֵיהֶם וְאֶת סוּסֵיהֶם וְאֶת חֲמֹרֵיהֶם הַמַּחֲנֶה כַּאֲשֶׁר הִיא וַיָּנֻסוּ אֶל נַפְשָׁם` (מלכים-ב ז:ז)
227	10	נפש	נפש	במדבר ל:ה		`וְאִם הֵנִיא אָבִיהָ אֹתָהּ בְּיוֹם שָׁמְעוֹ כָּל נְדָרֶיהָ וֶאֱסָרֶיהָ אֲשֶׁר אָסְרָה עַל נַפְשָׁהּ לֹא יָקוּם וַיהוָה יִסְלַח לָהּ כִּי הֵנִיא אָבִיהָ אֹתָהּ` (במדבר ל:ה)
228	10	לב-לבב	לבב	מלכים-א יא:ד		`וַיְהִי לְעֵת זִקְנַת שְׁלֹמֹה נָשָׁיו הִטּוּ אֶת לְבָבוֹ אַחֲרֵי אֱלֹהִים אֲחֵרִים וְלֹא הָיָה לְבָבוֹ שָׁלֵם עִם יְהוָה אֱלֹהָיו כִּלְבַב דָּוִיד אָבִיו` (מלכים-א יא:ד)
229	10	נפש	נפש	תהילים קיו:ז		`שׁוּבִי נַפְשִׁי לִמְנוּחָיְכִי כִּי יְהוָה גָּמַל עָלָיְכִי` (תהילים קיו:ז)
230	10	נפש	נפש	ויקרא ה:יז		`וְאִם נֶפֶשׁ כִּי תֶחֱטָא וְעָשְׂתָה אַחַת מִכָּל מִצְוֺת יְהוָה אֲשֶׁר לֹא תֵעָשֶׂינָה וְלֹא יָדַע וְאָשֵׁם וְנָשָׂא עֲוֺנוֹ` (ויקרא ה:יז)
231	10	רוח	רוח	יחזקאל א:כא	206	`בְּלֶכְתָּם יֵלֵכוּ וּבְעָמְדָם יַעֲמֹדוּ וּבְהִנָּשְׂאָם מֵעַל הָאָרֶץ יִנָּשְׂאוּ הָאוֹפַנִּים לְעֻמָּתָם כִּי רוּחַ הַחַיָּה בָּאוֹפַנִּים` (יחזקאל א:כא)
232	10	נפש	נפש	ירמיהו ד:יט		`מֵעַי מֵעַי אָחוּלָה קִירוֹת לִבִּי הֹמֶה לִּי לִבִּי לֹא אַחֲרִישׁ כִּי קוֹל שׁוֹפָר שָׁמַעְתִּי נַפְשִׁי תְּרוּעַת מִלְחָמָה` (ירמיהו ד:יט)
233	10	נפש	נפש	ויקרא יא:מד		`כִּי אֲנִי יְהוָה אֱלֹהֵיכֶם וְהִתְקַדִּשְׁתֶּם וִהְיִיתֶם קְדֹשִׁים כִּי קָדוֹשׁ אָנִי וְלֹא תְטַמְּאוּ אֶת נַפְשֹׁתֵיכֶם בְּכָל הַשֶּׁרֶץ הָרֹמֵשׂ עַל הָאָרֶץ` (ויקרא יא:מד)
234	10	לב-לבב	לב	ירמיהו ט:כו		`עַל מִצְרַיִם וְעַל יְהוּדָה וְעַל אֱדוֹם וְעַל בְּנֵי עַמּוֹן וְעַל מוֹאָב וְעַל כָּל קְצוּצֵי פֵאָה הַיֹּשְׁבִים בַּמִּדְבָּר כִּי כָל הַגּוֹיִם עֲרֵלִים וְכָל בֵּית יִשְׂרָאֵל עַרְלֵי לֵב` (ירמיהו ט:כו)
235	10	נפש	נפש	תהילים קז:יח		`כָּל אֹכֶל תְּתַעֵב נַפְשָׁם וַיַּגִּיעוּ עַד שַׁעֲרֵי מָוֶת` (תהילים קז:יח)
236	10	נפש	נפש	עמוס ב:טו		`וְתֹפֵשׂ הַקֶּשֶׁת לֹא יַעֲמֹד וְקַל בְּרַגְלָיו לֹא יְמַלֵּט וְרֹכֵב הַסּוּס לֹא יְמַלֵּט נַפְשׁוֹ` (עמוס ב:טו)
237	10	נפש	נפש	תהילים לג:כ		`נַפְשֵׁנוּ חִכְּתָה לַיהוָה עֶזְרֵנוּ וּמָגִנֵּנוּ הוּא` (תהילים לג:כ)
238	10	נפש	נפש	שמואל-ב יט:ה		`וַיָּבֹא יוֹאָב אֶל הַמֶּלֶךְ הַבָּיִת וַיֹּאמֶר הֹבַשְׁתָּ הַיּוֹם אֶת פְּנֵי כָל עֲבָדֶיךָ הַמְמַלְּטִים אֶת נַפְשְׁךָ הַיּוֹם וְאֵת נֶפֶשׁ בָּנֶיךָ וּבְנֹתֶיךָ וְנֶפֶשׁ נָשֶׁיךָ וְנֶפֶשׁ פִּלַגְשֶׁיךָ` (שמואל-ב יט:ה)
239	10	איש-אשה	איש	תהילים מט:ז		`אָח לֹא פָדֹה יִפְדֶּה אִישׁ לֹא יִתֵּן לֵאלֹהִים כָּפְרוֹ` (תהילים מט:ז)
240	10	איש-אשה	איש	שמואל-א טז:יח		`וַיַּעַן אֶחָד מֵהַנְּעָרִים וַיֹּאמֶר הִנֵּה רָאִיתִי בֵּן לְיִשַׁי בֵּית הַלַּחְמִי יֹדֵעַ נַגֵּן וְגִבּוֹר חַיִל וְאִישׁ מִלְחָמָה וּנְבוֹן דָּבָר וְאִישׁ תֹּאַר וַיהוָה עִמּוֹ` (שמואל-א טז:יח)
241	10	אדם	אדם	הושע יג:ב		`וְעַתָּה יוֹסִפוּ לַחֲטֹא וַיַּעְשׂוּ לָהֶם מַסֵּכָה מִכַּסְפָּם כִּתְבוּנָם עֲצַבִּים מַעֲשֵׂה חָרָשִׁים כֻּלֹּה לָהֶם הֵם אֹמְרִים זֹבְחֵי אָדָם עֲגָלִים יִשָּׁקוּן` (הושע יג:ב)
242	10	נפש	נפש	ישעיהו נה:ג		`הַטּוּ אָזְנְכֶם וּלְכוּ אֵלַי שִׁמְעוּ וּתְחִי נַפְשְׁכֶם וְאֶכְרְתָה לָכֶם בְּרִית עוֹלָם חַסְדֵי דָוִד הַנֶּאֱמָנִים` (ישעיהו נה:ג)
243	10	נפש	נפש	שיר-השירים ו:יב		`לֹא יָדַעְתִּי נַפְשִׁי שָׂמַתְנִי מַרְכְּבוֹת עַמִּי נָדִיב` (שיר-השירים ו:יב)
244	10	נפש	נפש	במדבר טז:לח	589	`אֵת מַחְתּוֹת הַחַטָּאִים הָאֵלֶּה בְּנַפְשֹׁתָם וְעָשׂוּ אֹתָם רִקֻּעֵי פַחִים צִפּוּי לַמִּזְבֵּחַ כִּי הִקְרִיבֻם לִפְנֵי יְהוָה וַיִּקְדָּשׁוּ וְיִהְיוּ לְאוֹת לִבְנֵי יִשְׂרָאֵל` (במדבר טז:לח)
245	10	אדם	אדם	קהלת ח:א		`מִי כְּהֶחָכָם וּמִי יוֹדֵעַ פֵּשֶׁר דָּבָר חָכְמַת אָדָם תָּאִיר פָּנָיו וְעֹז פָּנָיו יְשֻׁנֶּא` (קהלת ח:א)
246	10	לב-לבב	לב	משלי כה:ג		`שָׁמַיִם לָרוּם וָאָרֶץ לָעֹמֶק וְלֵב מְלָכִים אֵין חֵקֶר` (משלי כה:ג)
247	10	אדם	אדם	קהלת ה:יט		`גַּם כָּל הָאָדָם אֲשֶׁר נָתַן לוֹ הָאֱלֹהִים עֹשֶׁר וּנְכָסִים וְהִשְׁלִיטוֹ לֶאֱכֹל מִמֶּנּוּ וְלָשֵׂאת אֶת חֶלְקוֹ וְלִשְׂמֹחַ בַּעֲמָלוֹ זֹה מַתַּת אֱלֹהִים הִיא` (קהלת ה:יט)
248	10	חיים	חיים	דברים טז:ג		`לֹא תֹאכַל עָלָיו חָמֵץ שִׁבְעַת יָמִים תֹּאכַל עָלָיו מַצּוֹת לֶחֶם עֹנִי כִּי בְחִפָּזוֹן יָצָאתָ מֵאֶרֶץ מִצְרַיִם לְמַעַן תִּזְכֹּר אֶת יוֹם צֵאתְךָ מֵאֶרֶץ מִצְרַיִם כֹּל יְמֵי חַיֶּיךָ` (דברים טז:ג)
249	10	נפש	נפש	שופטים טז:ל		`וַיֹּאמֶר שִׁמְשׁוֹן תָּמוֹת נַפְשִׁי עִם פְּלִשְׁתִּים וַיֵּט בְּכֹחַ וַיִּפֹּל הַבַּיִת עַל הַסְּרָנִים וְעַל כָּל הָעָם אֲשֶׁר בּוֹ וַיִּהְיוּ הַמֵּתִים אֲשֶׁר הֵמִית בְּמוֹתוֹ רַבִּים מֵאֲשֶׁר הֵמִית בְּחַיָּיו` (שופטים טז:ל)
250	10	איש-אשה	איש	יחזקאל כא:לא		`וְשָׁפַכְתִּי עָלַיִךְ זַעְמִי בְּאֵשׁ עֶבְרָתִי אָפִיחַ עָלָיִךְ וּנְתַתִּיךְ בְּיַד אֲנָשִׁים בֹּעֲרִים חָרָשֵׁי מַשְׁחִית` (יחזקאל כא:לא)
251	11	נפש	נפש	איוב ל:טז		`וְעַתָּה עָלַי תִּשְׁתַּפֵּךְ נַפְשִׁי יֹאחֲזוּנִי יְמֵי עֹנִי` (איוב ל:טז)
252	11	איש-אשה	אשה	מלכים-ב ח:ו		`וַיִּשְׁאַל הַמֶּלֶךְ לָאִשָּׁה וַתְּסַפֶּר לוֹ וַיִּתֶּן לָהּ הַמֶּלֶךְ סָרִיס אֶחָד לֵאמֹר הָשֵׁיב אֶת כָּל אֲשֶׁר לָהּ וְאֵת כָּל תְּבוּאֹת הַשָּׂדֶה מִיּוֹם עָזְבָה אֶת הָאָרֶץ וְעַד עָתָּה` (מלכים-ב ח:ו)
253	11	לב-לבב	לב	קהלת ג:יא		`אֶת הַכֹּל עָשָׂה יָפֶה בְעִתּוֹ גַּם אֶת הָעֹלָם נָתַן בְּלִבָּם מִבְּלִי אֲשֶׁר לֹא יִמְצָא הָאָדָם אֶת הַמַּעֲשֶׂה אֲשֶׁר עָשָׂה הָאֱלֹהִים מֵרֹאשׁ וְעַד סוֹף` (קהלת ג:יא)
254	11	נפש	נפש	ויקרא ו:ב		`נֶפֶשׁ כִּי תֶחֱטָא וּמָעֲלָה מַעַל בַּיהוָה וְכִחֵשׁ בַּעֲמִיתוֹ בְּפִקָּדוֹן אוֹ בִתְשׂוּמֶת יָד אוֹ בְגָזֵל אוֹ עָשַׁק אֶת עֲמִיתוֹ` (ויקרא ו:ב)
255	11	נפש	נפש	ירמיהו נב:ל		`בִּשְׁנַת שָׁלֹשׁ וְעֶשְׂרִים לִנְבוּכַדְרֶאצַּר הֶגְלָה נְבוּזַרְאֲדָן רַב טַבָּחִים יְהוּדִים נֶפֶשׁ שְׁבַע מֵאוֹת אַרְבָּעִים וַחֲמִשָּׁה כָּל נֶפֶשׁ אַרְבַּעַת אֲלָפִים וְשֵׁשׁ מֵאוֹת` (ירמיהו נב:ל)
256	11	חיים	חיים	ירמיהו יא:יט		`וַאֲנִי כְּכֶבֶשׂ אַלּוּף יוּבַל לִטְבוֹחַ וְלֹא יָדַעְתִּי כִּי עָלַי חָשְׁבוּ מַחֲשָׁבוֹת נַשְׁחִיתָה עֵץ בְּלַחְמוֹ וְנִכְרְתֶנּוּ מֵאֶרֶץ חַיִּים וּשְׁמוֹ לֹא יִזָּכֵר עוֹד` (ירמיהו יא:יט)
257	11	נפש	נפש	בראשית ט:י		`וְאֵת כָּל נֶפֶשׁ הַחַיָּה אֲשֶׁר אִתְּכֶם בָּעוֹף בַּבְּהֵמָה וּבְכָל חַיַּת הָאָרֶץ אִתְּכֶם מִכֹּל יֹצְאֵי הַתֵּבָה לְכֹל חַיַּת הָאָרֶץ` (בראשית ט:י)
258	11	אדם	אדם	קהלת א:ג		`מַה יִּתְרוֹן לָאָדָם בְּכָל עֲמָלוֹ שֶׁיַּעֲמֹל תַּחַת הַשָּׁמֶשׁ` (קהלת א:ג)
259	11	נפש	נפש	שמות לא:יד		`וּשְׁמַרְתֶּם אֶת הַשַּׁבָּת כִּי קֹדֶשׁ הִוא לָכֶם מְחַלְלֶיהָ מוֹת יוּמָת כִּי כָּל הָעֹשֶׂה בָהּ מְלָאכָה וְנִכְרְתָה הַנֶּפֶשׁ הַהִוא מִקֶּרֶב עַמֶּיהָ` (שמות לא:יד)
260	11	נפש	נפש	תהילים קד:א		`בָּרֲכִי נַפְשִׁי אֶת יְהוָה יְהוָה אֱלֹהַי גָּדַלְתָּ מְּאֹד הוֹד וְהָדָר לָבָשְׁתָּ` (תהילים קד:א)
261	11	נפש	נפש	תהילים עב:יג		`יָחֹס עַל דַּל וְאֶבְיוֹן וְנַפְשׁוֹת אֶבְיוֹנִים יוֹשִׁיעַ` (תהילים עב:יג)
262	11	לב-לבב	לב	שופטים יט:ה		`וַיְהִי בַּיּוֹם הָרְבִיעִי וַיַּשְׁכִּימוּ בַבֹּקֶר וַיָּקָם לָלֶכֶת וַיֹּאמֶר אֲבִי הַנַּעֲרָה אֶל חֲתָנוֹ סְעָד לִבְּךָ פַּת לֶחֶם וְאַחַר תֵּלֵכוּ` (שופטים יט:ה)
263	11	נפש	נפש	במדבר ט:יג		`וְהָאִישׁ אֲשֶׁר הוּא טָהוֹר וּבְדֶרֶךְ לֹא הָיָה וְחָדַל לַעֲשׂוֹת הַפֶּסַח וְנִכְרְתָה הַנֶּפֶשׁ הַהִוא מֵעַמֶּיהָ כִּי קָרְבַּן יְהוָה לֹא הִקְרִיב בְּמֹעֲדוֹ חֶטְאוֹ יִשָּׂא הָאִישׁ הַהוּא` (במדבר ט:יג)
264	11	לב-לבב	לב	שופטים טז:כה		`וַיְהִי כִּי טוֹב לִבָּם וַיֹּאמְרוּ קִרְאוּ לְשִׁמְשׁוֹן וִישַׂחֶק לָנוּ וַיִּקְרְאוּ לְשִׁמְשׁוֹן מִבֵּית האסירים וַיְצַחֵק לִפְנֵיהֶם וַיַּעֲמִידוּ אוֹתוֹ בֵּין הָעַמּוּדִים` (שופטים טז:כה)
265	11	נפש	נפש	במדבר יט:יא		`הַנֹּגֵעַ בְּמֵת לְכָל נֶפֶשׁ אָדָם וְטָמֵא שִׁבְעַת יָמִים` (במדבר יט:יא)
266	11	חיים	חיים	בראשית ג:יד	963	`וַיֹּאמֶר יְהֹוָה אֱלֹהִים אֶל הַנָּחָשׁ כִּי עָשִׂיתָ זֹּאת אָרוּר אַתָּה מִכָּל הַבְּהֵמָה וּמִכֹּל חַיַּת הַשָּׂדֶה עַל גְּחֹנְךָ תֵלֵךְ וְעָפָר תֹּאכַל כָּל יְמֵי חַיֶּיךָ` (בראשית ג:יד)
267	11	נפש	נפש	ויקרא ז:כה		`כִּי כָּל אֹכֵל חֵלֶב מִן הַבְּהֵמָה אֲשֶׁר יַקְרִיב מִמֶּנָּה אִשֶּׁה לַיהוָה וְנִכְרְתָה הַנֶּפֶשׁ הָאֹכֶלֶת מֵעַמֶּיהָ` (ויקרא ז:כה)
268	11	נפש	נפש	יהושע י:כח		`וְאֶת מַקֵּדָה לָכַד יְהוֹשֻׁעַ בַּיּוֹם הַהוּא וַיַּכֶּהָ לְפִי חֶרֶב וְאֶת מַלְכָּהּ הֶחֱרִם אוֹתָם וְאֶת כָּל הַנֶּפֶשׁ אֲשֶׁר בָּהּ לֹא הִשְׁאִיר שָׂרִיד וַיַּעַשׂ לְמֶלֶךְ מַקֵּדָה כַּאֲשֶׁר עָשָׂה לְמֶלֶךְ יְרִיחוֹ` (יהושע י:כח)
269	11	חיים	חיים	משלי א:יב		`נִבְלָעֵם כִּשְׁאוֹל חַיִּים וּתְמִימִים כְּיוֹרְדֵי בוֹר` (משלי א:יב)
270	11	אדם	אדם	ויקרא יג:ב		`אָדָם כִּי יִהְיֶה בְעוֹר בְּשָׂרוֹ שְׂאֵת אוֹ סַפַּחַת אוֹ בַהֶרֶת וְהָיָה בְעוֹר בְּשָׂרוֹ לְנֶגַע צָרָעַת וְהוּבָא אֶל אַהֲרֹן הַכֹּהֵן אוֹ אֶל אַחַד מִבָּנָיו הַכֹּהֲנִים` (ויקרא יג:ב)
271	11	לב-לבב	לב	תהילים קמג:ד		`וַתִּתְעַטֵּף עָלַי רוּחִי בְּתוֹכִי יִשְׁתּוֹמֵם לִבִּי` (תהילים קמג:ד)
272	11	נפש	נפש	במדבר ו:ו		`כָּל יְמֵי הַזִּירוֹ לַיהוָה עַל נֶפֶשׁ מֵת לֹא יָבֹא` (במדבר ו:ו)
273	11	חיה-פועל	חיה	יחזקאל יח:כד		`וּבְשׁוּב צַדִּיק מִצִּדְקָתוֹ וְעָשָׂה עָוֶל כְּכֹל הַתּוֹעֵבוֹת אֲשֶׁר עָשָׂה הָרָשָׁע יַעֲשֶׂה וָחָי כָּל צִדְקָתוֹ אֲשֶׁר עָשָׂה לֹא תִזָּכַרְנָה בְּמַעֲלוֹ אֲשֶׁר מָעַל וּבְחַטָּאתוֹ אֲשֶׁר חָטָא בָּם יָמוּת` (יחזקאל יח:כד)
274	11	חיה-פועל	חיה	בראשית ה:יב		`וַיְחִי קֵינָן שִׁבְעִים שָׁנָה וַיּוֹלֶד אֶת מַהֲלַלְאֵל` (בראשית ה:יב)
275	11	חיים	חיים	ירמיהו ב:יג		`כִּי שְׁתַּיִם רָעוֹת עָשָׂה עַמִּי אֹתִי עָזְבוּ מְקוֹר מַיִם חַיִּים לַחְצֹב לָהֶם בֹּארוֹת בֹּארֹת נִשְׁבָּרִים אֲשֶׁר לֹא יָכִלוּ הַמָּיִם` (ירמיהו ב:יג)
276	12	רוח	רוח	ירמיהו ד:יא		`בָּעֵת הַהִיא יֵאָמֵר לָעָם הַזֶּה וְלִירוּשָׁלִַם רוּחַ צַח שְׁפָיִים בַּמִּדְבָּר דֶּרֶךְ בַּת עַמִּי לוֹא לִזְרוֹת וְלוֹא לְהָבַר` (ירמיהו ד:יא)
277	12	איש-אשה	אשה	יהושע ב:א		`וַיִּשְׁלַח יְהוֹשֻׁעַ בִּן נוּן מִן הַשִּׁטִּים שְׁנַיִם אֲנָשִׁים מְרַגְּלִים חֶרֶשׁ לֵאמֹר לְכוּ רְאוּ אֶת הָאָרֶץ וְאֶת יְרִיחוֹ וַיֵּלְכוּ וַיָּבֹאוּ בֵּית אִשָּׁה זוֹנָה וּשְׁמָהּ רָחָב וַיִּשְׁכְּבוּ שָׁמָּה` (יהושע ב:א)
278	12	נפש	נפש	תהילים פח:ג		`כִּי שָׂבְעָה בְרָעוֹת נַפְשִׁי וְחַיַּי לִשְׁאוֹל הִגִּיעוּ` (תהילים פח:ג)
279	12	נפש	נפש	שופטים ט:יז	345	`אֲשֶׁר נִלְחַם אָבִי עֲלֵיכֶם וַיַּשְׁלֵךְ אֶת נַפְשׁוֹ מִנֶּגֶד וַיַּצֵּל אֶתְכֶם מִיַּד מִדְיָן` (שופטים ט:יז)
280	12	אדם	אדם	משלי כא:טז		`אָדָם תּוֹעֶה מִדֶּרֶךְ הַשְׂכֵּל בִּקְהַל רְפָאִים יָנוּחַ` (משלי כא:טז)
281	12	איש-אשה	אשה	בראשית ו:ב		`וַיִּרְאוּ בְנֵי הָאֱלֹהִים אֶת בְּנוֹת הָאָדָם כִּי טֹבֹת הֵנָּה וַיִּקְחוּ לָהֶם נָשִׁים מִכֹּל אֲשֶׁר בָּחָרוּ` (בראשית ו:ב)
282	12	נפש	נפש	תהילים כה:א		`לְדָוִד אֵלֶיךָ יְהוָה נַפְשִׁי אֶשָּׂא` (תהילים כה:א)
283	12	נפש	נפש	איוב כג:יג		`וְהוּא בְאֶחָד וּמִי יְשִׁיבֶנּוּ וְנַפְשׁוֹ אִוְּתָה וַיָּעַשׂ` (איוב כג:יג)
284	12	לב-לבב	לב	תהילים עח:ח		`וְלֹא יִהְיוּ כַּאֲבוֹתָם דּוֹר סוֹרֵר וּמֹרֶה דּוֹר לֹא הֵכִין לִבּוֹ וְלֹא נֶאֶמְנָה אֶת אֵל רוּחוֹ` (תהילים עח:ח)
285	12	לב-לבב	לבב	שמואל-א יז:כח		`וַיִּשְׁמַע אֱלִיאָב אָחִיו הַגָּדוֹל בְּדַבְּרוֹ אֶל הָאֲנָשִׁים וַיִּחַר אַף אֱלִיאָב בְּדָוִד וַיֹּאמֶר לָמָּה זֶּה יָרַדְתָּ וְעַל מִי נָטַשְׁתָּ מְעַט הַצֹּאן הָהֵנָּה בַּמִּדְבָּר אֲנִי יָדַעְתִּי אֶת זְדֹנְךָ וְאֵת רֹעַ לְבָבֶךָ כִּי לְמַעַן רְאוֹת הַמִּלְחָמָה יָרָדְתָּ` (שמואל-א יז:כח)
286	12	חיים	חיים	שמואל-א יז:לו	1400	`גַּם אֶת הָאֲרִי גַּם הַדּוֹב הִכָּה עַבְדֶּךָ וְהָיָה הַפְּלִשְׁתִּי הֶעָרֵל הַזֶּה כְּאַחַד מֵהֶם כִּי חֵרֵף מַעַרְכֹת אֱלֹהִים חַיִּים` (שמואל-א יז:לו)
287	12	נפש	נפש	רות ד:טו		`וְהָיָה לָךְ לְמֵשִׁיב נֶפֶשׁ וּלְכַלְכֵּל אֶת שֵׂיבָתֵךְ כִּי כַלָּתֵךְ אֲ‍שֶׁר אֲהֵבַתֶךְ יְלָדַתּוּ אֲשֶׁר הִיא טוֹבָה לָךְ מִשִּׁבְעָה בָּנִים` (רות ד:טו)
288	12	חיה-פועל	חיה	נחמיה ה:ב		`וְיֵשׁ אֲשֶׁר אֹמְרִים בָּנֵינוּ וּבְנֹתֵינוּ אֲנַחְנוּ רַבִּים וְנִקְחָה דָגָן וְנֹאכְלָה וְנִחְיֶה` (נחמיה ה:ב)
289	12	נפש	נפש	ויקרא כג:לב		`שַׁבַּת שַׁבָּתוֹן הוּא לָכֶם וְעִנִּיתֶם אֶת נַפְשֹׁתֵיכֶם בְּתִשְׁעָה לַחֹדֶשׁ בָּעֶרֶב מֵעֶרֶב עַד עֶרֶב תִּשְׁבְּתוּ שַׁבַּתְּכֶם` (ויקרא כג:לב)
290	12	נפש	נפש	תהילים מב:ב		`צָמְאָה נַפְשִׁי לֵאלֹהִים לְאֵל חָי מָתַי אָבוֹא וְאֵרָאֶה פְּנֵי אֱלֹהִים` (תהילים מב:ב)
291	12	נפש	נפש	ירמיהו ג:יא		`וַיֹּאמֶר יְהוָה אֵלַי צִדְּקָה נַפְשָׁהּ מְשֻׁבָה יִשְׂרָאֵל מִבֹּגֵדָה יְהוּדָה` (ירמיהו ג:יא)
292	12	איש-אשה	איש	זכריה ח:יז		`וְאִישׁ אֶת רָעַת רֵעֵהוּ אַל תַּחְשְׁבוּ בִּלְבַבְכֶם וּשְׁבֻעַת שֶׁקֶר אַל תֶּאֱהָבוּ כִּי אֶת כָּל אֵלֶּה אֲשֶׁר שָׂנֵאתִי נְאֻם יְהוָה` (זכריה ח:יז)
293	12	אדם	אדם	יחזקאל לג:י		`וְאַתָּה בֶן אָדָם אֱמֹר אֶל בֵּית יִשְׂרָאֵל כֵּן אֲמַרְתֶּם לֵאמֹר כִּי פְשָׁעֵינוּ וְחַטֹּאתֵינוּ עָלֵינוּ וּבָם אֲנַחְנוּ נְמַקִּים וְאֵיךְ נִחְיֶה` (יחזקאל לג:י)
294	12	איש-אשה	אשה	אסתר א:ט		`גַּם וַשְׁתִּי הַמַּלְכָּה עָשְׂתָה מִשְׁתֵּה נָשִׁים בֵּית הַמַּלְכוּת אֲשֶׁר לַמֶּלֶךְ אֲחַשְׁוֵרוֹשׁ` (אסתר א:ט)
295	12	נפש	נפש	תהילים מט:טו		`אַךְ אֱלֹהִים יִפְדֶּה נַפְשִׁי מִיַּד שְׁאוֹל כִּי יִקָּחֵנִי סֶלָה` (תהילים מט:טו)
296	12	חיים	חיים	מלכים-א ד:כא		`וּשְׁלֹמֹה הָיָה מוֹשֵׁל בְּכָל הַמַּמְלָכוֹת מִן הַנָּהָר אֶרֶץ פְּלִשְׁתִּים וְעַד גְּבוּל מִצְרָיִם מַגִּשִׁים מִנְחָה וְעֹבְדִים אֶת שְׁלֹמֹה כָּל יְמֵי חַיָּיו` (מלכים-א ד:כא)
297	12	לב-לבב	לב	משלי כג:טו		`בְּנִי אִם חָכַם לִבֶּךָ יִשְׂמַח לִבִּי גַם אָנִי` (משלי כג:טו)
298	12	לב-לבב	לבב	דברים יז:כ	1322	`לְבִלְתִּי רוּם לְבָבוֹ מֵאֶחָיו וּלְבִלְתִּי סוּר מִן הַמִּצְוָה יָמִין וּשְׂמֹאול לְמַעַן יַאֲרִיךְ יָמִים עַל מַמְלַכְתּוֹ הוּא וּבָנָיו בְּקֶרֶב יִשְׂרָאֵל` (דברים יז:כ)
299	12	רוח	רוח	משלי יז:כב		`לֵב שָׂמֵחַ יֵיטִב גֵּהָה וְרוּחַ נְכֵאָה תְּיַבֶּשׁ גָּרֶם` (משלי יז:כב)
300	12	נפש	נפש	יונה ב:ה		`אֲפָפוּנִי מַיִם עַד נֶפֶשׁ תְּהוֹם יְסֹבְבֵנִי סוּף חָבוּשׁ לְרֹאשִׁי` (יונה ב:ה)
301	13	איש-אשה	איש	ישעיהו מ:יג		`מִי תִכֵּן אֶת רוּחַ יְהוָה וְאִישׁ עֲצָתוֹ יוֹדִיעֶנּוּ` (ישעיהו מ:יג)
302	13	נפש	נפש	תהילים לח:יב	791	`וַיְנַקְשׁוּ מְבַקְשֵׁי נַפְשִׁי וְדֹרְשֵׁי רָעָתִי דִּבְּרוּ הַוּוֹת וּמִרְמוֹת כָּל הַיּוֹם יֶהְגּוּ` (תהילים לח:יב)
303	13	איש-אשה	אשה	מלכים-א טז:לא		`וַיְהִי הֲנָקֵל לֶכְתּוֹ בְּחַטֹּאות יָרָבְעָם בֶּן נְבָט וַיִּקַּח אִשָּׁה אֶת אִיזֶבֶל בַּת אֶתְבַּעַל מֶלֶךְ צִידֹנִים וַיֵּלֶךְ וַיַּעֲבֹד אֶת הַבַּעַל וַיִּשְׁתַּחוּ לוֹ` (מלכים-א טז:לא)
304	13	נפש	נפש	במדבר טו:לא		`כִּי דְבַר יְהוָה בָּזָה וְאֶת מִצְוָתוֹ הֵפַר הִכָּרֵת תִּכָּרֵת הַנֶּפֶשׁ הַהִוא עֲוֺנָה בָהּ` (במדבר טו:לא)
305	13	נפש	נפש	משלי כב:ה		`צִנִּים פַּחִים בְּדֶרֶךְ עִקֵּשׁ שׁוֹמֵר נַפְשׁוֹ יִרְחַק מֵהֶם` (משלי כב:ה)
306	13	נפש	נפש	שיר-השירים א:ז		`הַגִּידָה לִּי שֶׁאָהֲבָה נַפְשִׁי אֵיכָה תִרְעֶה אֵיכָה תַּרְבִּיץ בַּצָּהֳרָיִם שַׁלָּמָה אֶהְיֶה כְּעֹטְיָה עַל עֶדְרֵי חֲבֵרֶיךָ` (שיר-השירים א:ז)
307	13	חיים	חיים	ויקרא יד:נא		`וְלָקַח אֶת עֵץ הָאֶרֶז וְאֶת הָאֵזֹב וְאֵת שְׁנִי הַתּוֹלַעַת וְאֵת הַצִּפֹּר הַחַיָּה וְטָבַל אֹתָם בְּדַם הַצִּפֹּר הַשְּׁחוּטָה וּבַמַּיִם הַחַיִּים וְהִזָּה אֶל הַבַּיִת שֶׁבַע פְּעָמִים` (ויקרא יד:נא)
308	13	אדם	אדם	קהלת ב:ג		`תַּרְתִּי בְלִבִּי לִמְשׁוֹךְ בַּיַּיִן אֶת בְּשָׂרִי וְלִבִּי נֹהֵג בַּחָכְמָה וְלֶאֱחֹז בְּסִכְלוּת עַד אֲשֶׁר אֶרְאֶה אֵי זֶה טוֹב לִבְנֵי הָאָדָם אֲשֶׁר יַעֲשׂוּ תַּחַת הַשָּׁמַיִם מִסְפַּר יְמֵי חַיֵּיהֶם` (קהלת ב:ג)
309	13	לב-לבב	לבב	בראשית כ:ו	480	`וַיֹּאמֶר אֵלָיו הָאֱלֹהִים בַּחֲלֹם גַּם אָנֹכִי יָדַעְתִּי כִּי בְתָם לְבָבְךָ עָשִׂיתָ זֹּאת וָאֶחְשֹׂךְ גַּם אָנֹכִי אוֹתְךָ מֵחֲטוֹ לִי עַל כֵּן לֹא נְתַתִּיךָ לִנְגֹּעַ אֵלֶיהָ` (בראשית כ:ו)
310	13	לב-לבב	לב	שמואל-א י:ט		`וְהָיָה כְּהַפְנֹתוֹ שִׁכְמוֹ לָלֶכֶת מֵעִם שְׁמוּאֵל וַיַּהֲפָךְ לוֹ אֱלֹהִים לֵב אַחֵר וַיָּבֹאוּ כָּל הָאֹתוֹת הָאֵלֶּה בַּיּוֹם הַהוּא` (שמואל-א י:ט)
311	13	נפש	נפש	תהילים לה:יב		`יְשַׁלְּמוּנִי רָעָה תַּחַת טוֹבָה שְׁכוֹל לְנַפְשִׁי` (תהילים לה:יב)
312	13	נפש	נפש	תהילים לה:ז		`כִּי חִנָּם טָמְנוּ לִי שַׁחַת רִשְׁתָּם חִנָּם חָפְרוּ לְנַפְשִׁי` (תהילים לה:ז)
313	13	איש-אשה	אשה	נחמיה ז:סג		`וּמִן הַכֹּהֲנִים בְּנֵי חֳבַיָּה בְּנֵי הַקּוֹץ בְּנֵי בַרְזִלַּי אֲשֶׁר לָקַח מִבְּנוֹת בַּרְזִלַּי הַגִּלְעָדִי אִשָּׁה וַיִּקָּרֵא עַל שְׁמָם` (נחמיה ז:סג)
314	13	חיים	חיים	תהילים לח:יט		`וְאֹיְבַי חַיִּים עָצֵמוּ וְרַבּוּ שֹׂנְאַי שָׁקֶר` (תהילים לח:יט)
315	13	חיים	חיים	דברים ל:טו		`רְאֵה נָתַתִּי לְפָנֶיךָ הַיּוֹם אֶת הַחַיִּים וְאֶת הַטּוֹב וְאֶת הַמָּוֶת וְאֶת הָרָע` (דברים ל:טו)
316	13	נפש	נפש	תהילים פו:יד		`אֱלֹהִים זֵדִים קָמוּ עָלַי וַעֲדַת עָרִיצִים בִּקְשׁוּ נַפְשִׁי וְלֹא שָׂמוּךָ לְנֶגְדָּם` (תהילים פו:יד)
317	13	חיים	חיים	תהילים כז:יג	436	`לׅׄוּלֵׅׄאׅׄ הֶאֱמַנְתִּי לִרְאוֹת בְּטוּב יְהוָה בְּאֶרֶץ חַיִּים` (תהילים כז:יג)
318	13	נפש	נפש	בראשית מו:כז	690	`וּבְנֵי יוֹסֵף אֲשֶׁר יֻלַּד לוֹ בְמִצְרַיִם נֶפֶשׁ שְׁנָיִם כָּל הַנֶּפֶשׁ לְבֵית יַעֲקֹב הַבָּאָה מִצְרַיְמָה שִׁבְעִים` (בראשית מו:כז)
319	13	רוח	רוח	שמואל-א ל:יב		`וַיִּתְּנוּ לוֹ פֶלַח דְּבֵלָה וּשְׁנֵי צִמֻּקִים וַיֹּאכַל וַתָּשָׁב רוּחוֹ אֵלָיו כִּי לֹא אָכַל לֶחֶם וְלֹא שָׁתָה מַיִם שְׁלֹשָׁה יָמִים וּשְׁלֹשָׁה לֵילוֹת` (שמואל-א ל:יב)
320	13	חיים	חיים	קהלת ט:ט		`רְאֵה חַיִּים עִם אִשָּׁה אֲשֶׁר אָהַבְתָּ כָּל יְמֵי חַיֵּי הֶבְלֶךָ אֲשֶׁר נָתַן לְךָ תַּחַת הַשֶּׁמֶשׁ כֹּל יְמֵי הֶבְלֶךָ כִּי הוּא חֶלְקְךָ בַּחַיִּים וּבַעֲמָלְךָ אֲשֶׁר אַתָּה עָמֵל תַּחַת הַשָּׁמֶשׁ` (קהלת ט:ט)
321	13	נפש	נפש	ויקרא טז:לא		`שַׁבַּת שַׁבָּתוֹן הִיא לָכֶם וְעִנִּיתֶם אֶת נַפְשֹׁתֵיכֶם חֻקַּת עוֹלָם` (ויקרא טז:לא)
322	13	איש-אשה	אשה	בראשית כד:ז		`יְהוָה אֱלֹהֵי הַשָּׁמַיִם אֲשֶׁר לְקָחַנִי מִבֵּית אָבִי וּמֵאֶרֶץ מוֹלַדְתִּי וַאֲשֶׁר דִּבֶּר לִי וַאֲשֶׁר נִשְׁבַּע לִי לֵאמֹר לְזַרְעֲךָ אֶתֵּן אֶת הָאָרֶץ הַזֹּאת הוּא יִשְׁלַח מַלְאָכוֹ לְפָנֶיךָ וְלָקַחְתָּ אִשָּׁה לִבְנִי מִשָּׁם` (בראשית כד:ז)
323	13	איש-אשה	אשה	שמואל-ב יב:ט		`מַדּוּעַ בָּזִיתָ אֶת דְּבַר יְהוָה לַעֲשׂוֹת הָרַע בְּעֵינוֹ אֵת אוּרִיָּה הַחִתִּי הִכִּיתָ בַחֶרֶב וְאֶת אִשְׁתּוֹ לָקַחְתָּ לְּךָ לְאִשָּׁה וְאֹתוֹ הָרַגְתָּ בְּחֶרֶב בְּנֵי עַמּוֹן` (שמואל-ב יב:ט)
324	13	רוח	רוח	שופטים יג:כה		`וַתָּחֶל רוּחַ יְהוָה לְפַעֲמוֹ בְּמַחֲנֵה דָן בֵּין צָרְעָה וּבֵין אֶשְׁתָּאֹל` (שופטים יג:כה)
325	13	נפש	נפש	שמואל-א כח:כא		`וַתָּבוֹא הָאִשָּׁה אֶל שָׁאוּל וַתֵּרֶא כִּי נִבְהַל מְאֹד וַתֹּאמֶר אֵלָיו הִנֵּה שָׁמְעָה שִׁפְחָתְךָ בְּקוֹלֶךָ וָאָשִׂים נַפְשִׁי בְּכַפִּי וָאֶשְׁמַע אֶת דְּבָרֶיךָ אֲשֶׁר דִּבַּרְתָּ אֵלָי` (שמואל-א כח:כא)
326	14	נפש	נפש	ישעיהו נה:ב		`לָמָּה תִשְׁקְלוּ כֶסֶף בְּלוֹא לֶחֶם וִיגִיעֲכֶם בְּלוֹא לְשָׂבְעָה שִׁמְעוּ שָׁמוֹעַ אֵלַי וְאִכְלוּ טוֹב וְתִתְעַנַּג בַּדֶּשֶׁן נַפְשְׁכֶם` (ישעיהו נה:ב)
327	14	אדם	אדם	איוב לד:כט		`וְהוּא יַשְׁקִט וּמִי יַרְשִׁעַ וְיַסְתֵּר פָּנִים וּמִי יְשׁוּרֶנּוּ וְעַל גּוֹי וְעַל אָדָם יָחַד` (איוב לד:כט)
328	14	נפש	נפש	ויקרא ז:כא		`וְנֶפֶשׁ כִּי תִגַּע בְּכָל טָמֵא בְּטֻמְאַת אָדָם אוֹ בִּבְהֵמָה טְמֵאָה אוֹ בְּכָל שֶׁקֶץ טָמֵא וְאָכַל מִבְּשַׂר זֶבַח הַשְּׁלָמִים אֲשֶׁר לַיהוָה וְנִכְרְתָה הַנֶּפֶשׁ הַהִוא מֵעַמֶּיהָ` (ויקרא ז:כא)
329	14	נפש	נפש	ישעיהו כו:ח		`אַף אֹרַח מִשְׁפָּטֶיךָ יְהוָה קִוִּינוּךָ לְשִׁמְךָ וּלְזִכְרְךָ תַּאֲוַת נָפֶשׁ` (ישעיהו כו:ח)
330	14	נפש	נפש	שמואל-א ב:לה		`וַהֲקִימֹתִי לִי כֹּהֵן נֶאֱמָן כַּאֲשֶׁר בִּלְבָבִי וּבְנַפְשִׁי יַעֲשֶׂה וּבָנִיתִי לוֹ בַּיִת נֶאֱמָן וְהִתְהַלֵּךְ לִפְנֵי מְשִׁיחִי כָּל הַיָּמִים` (שמואל-א ב:לה)
331	14	נפש	נפש	בראשית יב:יג		`אִמְרִי נָא אֲחֹתִי אָתְּ לְמַעַן יִיטַב לִי בַעֲבוּרֵךְ וְחָיְתָה נַפְשִׁי בִּגְלָלֵךְ` (בראשית יב:יג)
332	14	איש-אשה	איש	דברי-הימים-ב כג:ח		`וַיַּעֲשׂוּ הַלְוִיִּם וְכָל יְהוּדָה כְּכֹל אֲשֶׁר צִוָּה יְהוֹיָדָע הַכֹּהֵן וַיִּקְחוּ אִישׁ אֶת אֲנָשָׁיו בָּאֵי הַשַּׁבָּת עִם יוֹצְאֵי הַשַּׁבָּת כִּי לֹא פָטַר יְהוֹיָדָע הַכֹּהֵן אֶת הַמַּחְלְקוֹת` (דברי-הימים-ב כג:ח)
333	14	נפש	נפש	משלי כב:כה		`פֶּן תֶּאֱלַף אָרְחָתוֹ וְלָקַחְתָּ מוֹקֵשׁ לְנַפְשֶׁךָ` (משלי כב:כה)
334	14	חיה-פועל	חיה	יחזקאל כ:כא		`וַיַּמְרוּ בִי הַבָּנִים בְּחֻקּוֹתַי לֹא הָלָכוּ וְאֶת מִשְׁפָּטַי לֹא שָׁמְרוּ לַעֲשׂוֹת אוֹתָם אֲשֶׁר יַעֲשֶׂה אוֹתָם הָאָדָם וָחַי בָּהֶם אֶת שַׁבְּתוֹתַי חִלֵּלוּ וָאֹמַר לִשְׁפֹּךְ חֲמָתִי עֲלֵיהֶם לְכַלּוֹת אַפִּי בָּם בַּמִּדְבָּר` (יחזקאל כ:כא)
335	14	נפש	נפש	איוב ז:טו		`וַתִּבְחַר מַחֲנָק נַפְשִׁי מָוֶת מֵעַצְמוֹתָי` (איוב ז:טו)
336	14	נפש	נפש	שמואל-א כו:כא		`וַיֹּאמֶר שָׁאוּל חָטָאתִי שׁוּב בְּנִי דָוִד כִּי לֹא אָרַע לְךָ עוֹד תַּחַת אֲשֶׁר יָקְרָה נַפְשִׁי בְּעֵינֶיךָ הַיּוֹם הַזֶּה הִנֵּה הִסְכַּלְתִּי וָאֶשְׁגֶּה הַרְבֵּה מְאֹד` (שמואל-א כו:כא)
337	14	לב-לבב	לב	תהילים נז:ז		`נָכוֹן לִבִּי אֱלֹהִים נָכוֹן לִבִּי אָשִׁירָה וַאֲזַמֵּרָה` (תהילים נז:ז)
338	14	איש-אשה	איש	שמואל-א ב:יג		`וּמִשְׁפַּט הַכֹּהֲנִים אֶת הָעָם כָּל אִישׁ זֹבֵחַ זֶבַח וּבָא נַעַר הַכֹּהֵן כְּבַשֵּׁל הַבָּשָׂר וְהַמַּזְלֵג שְׁלֹשׁ הַשִּׁנַּיִם בְּיָדוֹ` (שמואל-א ב:יג)
339	14	איש-אשה	איש	עזרא ג:ב		`וַיָּקָם יֵשׁוּעַ בֶּן יוֹצָדָק וְאֶחָיו הַכֹּהֲנִים וּזְרֻבָּבֶל בֶּן שְׁאַלְתִּיאֵל וְאֶחָיו וַיִּבְנוּ אֶת מִזְבַּח אֱלֹהֵי יִשְׂרָאֵל לְהַעֲלוֹת עָלָיו עֹלוֹת כַּכָּתוּב בְּתוֹרַת מֹשֶׁה אִישׁ הָאֱלֹהִים` (עזרא ג:ב)
340	14	נפש	נפש	יחזקאל כז:יג	989	`יָוָן תֻּבַל וָמֶשֶׁךְ הֵמָּה רֹכְלָיִךְ בְּנֶפֶשׁ אָדָם וּכְלֵי נְחֹשֶׁת נָתְנוּ מַעֲרָבֵךְ` (יחזקאל כז:יג)
341	14	רוח	רוח	יחזקאל יא:א		`וַתִּשָּׂא אֹתִי רוּחַ וַתָּבֵא אֹתִי אֶל שַׁעַר בֵּית יְהוָה הַקַּדְמוֹנִי הַפּוֹנֶה קָדִימָה וְהִנֵּה בְּפֶתַח הַשַּׁעַר עֶשְׂרִים וַחֲמִשָּׁה אִישׁ וָאֶרְאֶה בְתוֹכָם אֶת יַאֲזַנְיָה בֶן עַזֻּר וְאֶת פְּלַטְיָהוּ בֶן בְּנָיָהוּ שָׂרֵי הָעָם` (יחזקאל יא:א)
342	14	רוח	רוח	יחזקאל יב:יד		`וְכֹל אֲשֶׁר סְבִיבֹתָיו עֶזְרֹה וְכָל אֲגַפָּיו אֱזָרֶה לְכָל רוּחַ וְחֶרֶב אָרִיק אַחֲרֵיהֶם` (יחזקאל יב:יד)
343	14	אדם	אדם	בראשית ה:א		`זֶה סֵפֶר תּוֹלְדֹת אָדָם בְּיוֹם בְּרֹא אֱלֹהִים אָדָם בִּדְמוּת אֱלֹהִים עָשָׂה אֹתוֹ` (בראשית ה:א)
344	14	נפש	נפש	ויקרא יז:יא		`כִּי נֶפֶשׁ הַבָּשָׂר בַּדָּם הִוא וַאֲנִי נְתַתִּיו לָכֶם עַל הַמִּזְבֵּחַ לְכַפֵּר עַל נַפְשֹׁתֵיכֶם כִּי הַדָּם הוּא בַּנֶּפֶשׁ יְכַפֵּר` (ויקרא יז:יא)
345	14	נפש	נפש	שופטים ט:יז		`אֲשֶׁר נִלְחַם אָבִי עֲלֵיכֶם וַיַּשְׁלֵךְ אֶת נַפְשׁוֹ מִנֶּגֶד וַיַּצֵּל אֶתְכֶם מִיַּד מִדְיָן` (שופטים ט:יז)
346	14	נפש	נפש	במדבר ל:ז		`וְשָׁמַע אִישָׁהּ בְּיוֹם שָׁמְעוֹ וְהֶחֱרִישׁ לָהּ וְקָמוּ נְדָרֶיהָ וֶאֱסָרֶהָ אֲשֶׁר אָסְרָה עַל נַפְשָׁהּ יָקֻמוּ` (במדבר ל:ז)
347	14	חיה-פועל	חיה	יחזקאל יח:יז		`מֵעָנִי הֵשִׁיב יָדוֹ נֶשֶׁךְ וְתַרְבִּית לֹא לָקָח מִשְׁפָּטַי עָשָׂה בְּחֻקּוֹתַי הָלָךְ הוּא לֹא יָמוּת בַּעֲוֺן אָבִיו חָיֹה יִחְיֶה` (יחזקאל יח:יז)
348	14	נפש	נפש	שופטים יח:כה		`וַיֹּאמְרוּ אֵלָיו בְּנֵי דָן אַל תַּשְׁמַע קוֹלְךָ עִמָּנוּ פֶּן יִפְגְּעוּ בָכֶם אֲנָשִׁים מָרֵי נֶפֶשׁ וְאָסַפְתָּה נַפְשְׁךָ וְנֶפֶשׁ בֵּיתֶךָ` (שופטים יח:כה)
349	14	איש-אשה	איש	במדבר כה:ה		`וַיֹּאמֶר מֹשֶׁה אֶל שֹׁפְטֵי יִשְׂרָאֵל הִרְגוּ אִישׁ אֲנָשָׁיו הַנִּצְמָדִים לְבַעַל פְּעוֹר` (במדבר כה:ה)
350	14	נפש	נפש	יחזקאל כד:כא	606	`אֱמֹר לְבֵית יִשְׂרָאֵל כֹּה אָמַר אֲדֹנָי יְהוִה הִנְנִי מְחַלֵּל אֶת מִקְדָּשִׁי גְּאוֹן עֻזְּכֶם מַחְמַד עֵינֵיכֶם וּמַחְמַל נַפְשְׁכֶם וּבְנֵיכֶם וּבְנוֹתֵיכֶם אֲשֶׁר עֲזַבְתֶּם בַּחֶרֶב יִפֹּלוּ` (יחזקאל כד:כא)
351	15	נפש	נפש	שמות כא:ל		`אִם כֹּפֶר יוּשַׁת עָלָיו וְנָתַן פִּדְיֹן נַפְשׁוֹ כְּכֹל אֲשֶׁר יוּשַׁת עָלָיו` (שמות כא:ל)
352	15	נפש	נפש	ירמיהו כב:כה		`וּנְתַתִּיךָ בְּיַד מְבַקְשֵׁי נַפְשֶׁךָ וּבְיַד אֲשֶׁר אַתָּה יָגוֹר מִפְּנֵיהֶם וּבְיַד נְבוּכַדְרֶאצַּר מֶלֶךְ בָּבֶל וּבְיַד הַכַּשְׂדִּים` (ירמיהו כב:כה)
353	15	איש-אשה	איש	ירמיהו לו:יט		`וַיֹּאמְרוּ הַשָּׂרִים אֶל בָּרוּךְ לֵךְ הִסָּתֵר אַתָּה וְיִרְמְיָהוּ וְאִישׁ אַל יֵדַע אֵיפֹה אַתֶּם` (ירמיהו לו:יט)
354	15	נפש	נפש	תהילים יא:ה	1383	`יְהוָה צַדִּיק יִבְחָן וְרָשָׁע וְאֹהֵב חָמָס שָׂנְאָה נַפְשׁוֹ` (תהילים יא:ה)
355	15	נפש	נפש	תהילים קל:ה		`קִוִּיתִי יְהוָה קִוְּתָה נַפְשִׁי וְלִדְבָרוֹ הוֹחָלְתִּי` (תהילים קל:ה)
356	15	נפש	נפש	יחזקאל לג:ה		`אֵת קוֹל הַשּׁוֹפָר שָׁמַע וְלֹא נִזְהָר דָּמוֹ בּוֹ יִהְיֶה וְהוּא נִזְהָר נַפְשׁוֹ מִלֵּט` (יחזקאל לג:ה)
357	15	חיים	חיים	תהילים סט:כח		`יִמָּחוּ מִסֵּפֶר חַיִּים וְעִם צַדִּיקִים אַל יִכָּתֵבוּ` (תהילים סט:כח)
358	15	לב-לבב	לב	ישעיהו סה:יז		`כִּי הִנְנִי בוֹרֵא שָׁמַיִם חֲדָשִׁים וָאָרֶץ חֲדָשָׁה וְלֹא תִזָּכַרְנָה הָרִאשֹׁנוֹת וְלֹא תַעֲלֶינָה עַל לֵב` (ישעיהו סה:יז)
359	15	נפש	נפש	בראשית יט:יט		`הִנֵּה נָא מָצָא עַבְדְּךָ חֵן בְּעֵינֶיךָ וַתַּגְדֵּל חַסְדְּךָ אֲשֶׁר עָשִׂיתָ עִמָּדִי לְהַחֲיוֹת אֶת נַפְשִׁי וְאָנֹכִי לֹא אוּכַל לְהִמָּלֵט הָהָרָה פֶּן תִּדְבָּקַנִי הָרָעָה וָמַתִּי` (בראשית יט:יט)
360	15	נפש	נפש	תהילים עח:יח		`וַיְנַסּוּ אֵל בִּלְבָבָם לִשְׁאָל אֹכֶל לְנַפְשָׁם` (תהילים עח:יח)
361	15	נפש	נפש	שמות יב:יט		`שִׁבְעַת יָמִים שְׂאֹר לֹא יִמָּצֵא בְּבָתֵּיכֶם כִּי כָּל אֹכֵל מַחְמֶצֶת וְנִכְרְתָה הַנֶּפֶשׁ הַהִוא מֵעֲדַת יִשְׂרָאֵל בַּגֵּר וּבְאֶזְרַח הָאָרֶץ` (שמות יב:יט)
362	15	נפש	נפש	תהילים נו:ו		`יָגוּרוּ יַצְפִּינוּ הֵמָּה עֲקֵבַי יִשְׁמֹרוּ כַּאֲשֶׁר קִוּוּ נַפְשִׁי` (תהילים נו:ו)
363	15	נפש	נפש	במדבר ל:ד		`וְשָׁמַע אָבִיהָ אֶת נִדְרָהּ וֶאֱסָרָהּ אֲשֶׁר אָסְרָה עַל נַפְשָׁהּ וְהֶחֱרִישׁ לָהּ אָבִיהָ וְקָמוּ כָּל נְדָרֶיהָ וְכָל אִסָּר אֲשֶׁר אָסְרָה עַל נַפְשָׁהּ יָקוּם` (במדבר ל:ד)
364	15	איש-אשה	אשה	יחזקאל כג:ב	1140	`בֶּן אָדָם שְׁתַּיִם נָשִׁים בְּנוֹת אֵם אַחַת הָיוּ` (יחזקאל כג:ב)
365	15	לב-לבב	לב	ירמיהו ח:יח		`מַבְלִיגִיתִי עֲלֵי יָגוֹן עָלַי לִבִּי דַוָּי` (ירמיהו ח:יח)
366	15	נפש	נפש	ויקרא כג:ל		`וְכָל הַנֶּפֶשׁ אֲשֶׁר תַּעֲשֶׂה כָּל מְלָאכָה בְּעֶצֶם הַיּוֹם הַזֶּה וְהַאֲבַדְתִּי אֶת הַנֶּפֶשׁ הַהִוא מִקֶּרֶב עַמָּהּ` (ויקרא כג:ל)
367	15	לב-לבב	לבב	דברי-הימים-א כב:ז		`וַיֹּאמֶר דָּוִיד לִשְׁלֹמֹה בְּנוֹ אֲנִי הָיָה עִם לְבָבִי לִבְנוֹת בַּיִת לְשֵׁם יְהוָה אֱלֹהָי` (דברי-הימים-א כב:ז)
368	15	איש-אשה	אשה	ויקרא יח:טז		`עֶרְוַת אֵשֶׁת אָחִיךָ לֹא תְגַלֵּה עֶרְוַת אָחִיךָ הִוא` (ויקרא יח:טז)
369	15	נפש	נפש	ירמיהו נ:יט		`וְשֹׁבַבְתִּי אֶת יִשְׂרָאֵל אֶל נָוֵהוּ וְרָעָה הַכַּרְמֶל וְהַבָּשָׁן וּבְהַר אֶפְרַיִם וְהַגִּלְעָד תִּשְׂבַּע נַפְשׁוֹ` (ירמיהו נ:יט)
370	15	חיים	חיים	ירמיהו ח:ג		`וְנִבְחַר מָוֶת מֵחַיִּים לְכֹל הַשְּׁאֵרִית הַנִּשְׁאָרִים מִן הַמִּשְׁפָּחָה הָרָעָה הַזֹּאת בְּכָל הַמְּקֹמוֹת הַנִּשְׁאָרִים אֲשֶׁר הִדַּחְתִּים שָׁם נְאֻם יְהוָה צְבָאוֹת` (ירמיהו ח:ג)
371	15	לב-לבב	לב	שמואל-ב כד:י		`וַיַּךְ לֵב דָּוִד אֹתוֹ אַחֲרֵי כֵן סָפַר אֶת הָעָם וַיֹּאמֶר דָּוִד אֶל יְהוָה חָטָאתִי מְאֹד אֲשֶׁר עָשִׂיתִי וְעַתָּה יְהוָה הַעֲבֶר נָא אֶת עֲוֺן עַבְדְּךָ כִּי נִסְכַּלְתִּי מְאֹד` (שמואל-ב כד:י)
372	15	חיה-פועל	חיה	בראשית כ:ז		`וְעַתָּה הָשֵׁב אֵשֶׁת הָאִישׁ כִּי נָבִיא הוּא וְיִתְפַּלֵּל בַּעַדְךָ וֶחְיֵה וְאִם אֵינְךָ מֵשִׁיב דַּע כִּי מוֹת תָּמוּת אַתָּה וְכָל אֲשֶׁר לָךְ` (בראשית כ:ז)
373	15	אדם	אדם	משלי יב:ג		`לֹא יִכּוֹן אָדָם בְּרֶשַׁע וְשֹׁרֶשׁ צַדִּיקִים בַּל יִמּוֹט` (משלי יב:ג)
374	15	אדם	אדם	יחזקאל יב:ג		`וְאַתָּה בֶן אָדָם עֲשֵׂה לְךָ כְּלֵי גוֹלָה וּגְלֵה יוֹמָם לְעֵינֵיהֶם וְגָלִיתָ מִמְּקוֹמְךָ אֶל מָקוֹם אַחֵר לְעֵינֵיהֶם אוּלַי יִרְאוּ כִּי בֵּית מְרִי הֵמָּה` (יחזקאל יב:ג)
375	15	נפש	נפש	קהלת ד:ח	1051	`יֵשׁ אֶחָד וְאֵין שֵׁנִי גַּם בֵּן וָאָח אֵין לוֹ וְאֵין קֵץ לְכָל עֲמָלוֹ גַּם עֵינָיו לֹא תִשְׂבַּע עֹשֶׁר וּלְמִי אֲנִי עָמֵל וּמְחַסֵּר אֶת נַפְשִׁי מִטּוֹבָה גַּם זֶה הֶבֶל וְעִנְיַן רָע הוּא` (קהלת ד:ח)
376	16	איש-אשה	אשה	שמואל-ב יד:יב	1342	`וַתֹּאמֶר הָאִשָּׁה תְּדַבֶּר נָא שִׁפְחָתְךָ אֶל אֲדֹנִי הַמֶּלֶךְ דָּבָר וַיֹּאמֶר דַּבֵּרִי` (שמואל-ב יד:יב)
377	16	אדם	אדם	יחזקאל טז:ב		`בֶּן אָדָם הוֹדַע אֶת יְרוּשָׁלִַם אֶת תּוֹעֲבֹתֶיהָ` (יחזקאל טז:ב)
378	16	נפש	נפש	תהילים לה:ט	856	`וְנַפְשִׁי תָּגִיל בַּיהוָה תָּשִׂישׂ בִּישׁוּעָתוֹ` (תהילים לה:ט)
379	16	נפש	נפש	ישעיהו לח:יז		`הִנֵּה לְשָׁלוֹם מַר לִי מָר וְאַתָּה חָשַׁקְתָּ נַפְשִׁי מִשַּׁחַת בְּלִי כִּי הִשְׁלַכְתָּ אַחֲרֵי גֵוְךָ כָּל חֲטָאָי` (ישעיהו לח:יז)
380	16	נפש	נפש	בראשית לה:יח		`וַיְהִי בְּצֵאת נַפְשָׁהּ כִּי מֵתָה וַתִּקְרָא שְׁמוֹ בֶּן אוֹנִי וְאָבִיו קָרָא לוֹ בִנְיָמִין` (בראשית לה:יח)
381	16	איש-אשה	אשה	יהושע ו:כא	1334	`וַיַּחֲרִימוּ אֶת כָּל אֲשֶׁר בָּעִיר מֵאִישׁ וְעַד אִשָּׁה מִנַּעַר וְעַד זָקֵן וְעַד שׁוֹר וָשֶׂה וַחֲמוֹר לְפִי חָרֶב` (יהושע ו:כא)
382	16	נפש	נפש	תהילים יז:יג		`קוּמָה יְהוָה קַדְּמָה פָנָיו הַכְרִיעֵהוּ פַּלְּטָה נַפְשִׁי מֵרָשָׁע חַרְבֶּךָ` (תהילים יז:יג)
383	16	נפש	נפש	במדבר לה:טו		`לִבְנֵי יִשְׂרָאֵל וְלַגֵּר וְלַתּוֹשָׁב בְּתוֹכָם תִּהְיֶינָה שֵׁשׁ הֶעָרִים הָאֵלֶּה לְמִקְלָט לָנוּס שָׁמָּה כָּל מַכֵּה נֶפֶשׁ בִּשְׁגָגָה` (במדבר לה:טו)
384	16	לב-לבב	לבב	צפניה א:יב		`וְהָיָה בָּעֵת הַהִיא אֲחַפֵּשׂ אֶת יְרוּשָׁלִַם בַּנֵּרוֹת וּפָקַדְתִּי עַל הָאֲנָשִׁים הַקֹּפְאִים עַל שִׁמְרֵיהֶם הָאֹמְרִים בִּלְבָבָם לֹא יֵיטִיב יְהוָה וְלֹא יָרֵעַ` (צפניה א:יב)
385	16	חיים	חיים	קהלת ט:ה		`כִּי הַחַיִּים יוֹדְעִים שֶׁיָּמֻתוּ וְהַמֵּתִים אֵינָם יוֹדְעִים מְאוּמָה וְאֵין עוֹד לָהֶם שָׂכָר כִּי נִשְׁכַּח זִכְרָם` (קהלת ט:ה)
386	16	נפש	נפש	תהילים מא:ד		`אֲ‍נִי אָמַרְתִּי יְהוָה חָנֵּנִי רְפָאָה נַפְשִׁי כִּי חָטָאתִי לָךְ` (תהילים מא:ד)
387	16	לב-לבב	לב	ירמיהו יב:יא		`שָׂמָהּ לִשְׁמָמָה אָבְלָה עָלַי שְׁמֵמָה נָשַׁמָּה כָּל הָאָרֶץ כִּי אֵין אִישׁ שָׂם עַל לֵב` (ירמיהו יב:יא)
388	16	איש-אשה	איש	זכריה ח:כג		`כֹּה אָמַר יְהוָה צְבָאוֹת בַּיָּמִים הָהֵמָּה אֲשֶׁר יַחֲזִיקוּ עֲשָׂרָה אֲנָשִׁים מִכֹּל לְשֹׁנוֹת הַגּוֹיִם וְהֶחֱזִיקוּ בִּכְנַף אִישׁ יְהוּדִי לֵאמֹר נֵלְכָה עִמָּכֶם כִּי שָׁמַעְנוּ אֱלֹהִים עִמָּכֶם` (זכריה ח:כג)
389	16	אדם	אדם	יחזקאל ל:כא		`בֶּן אָדָם אֶת זְרוֹעַ פַּרְעֹה מֶלֶךְ מִצְרַיִם שָׁבָרְתִּי וְהִנֵּה לֹא חֻבְּשָׁה לָתֵת רְפֻאוֹת לָשׂוּם חִתּוּל לְחָבְשָׁהּ לְחָזְקָהּ לִתְפֹּשׂ בֶּחָרֶב` (יחזקאל ל:כא)
390	16	נפש	נפש	תהילים קכד:ה		`אֲזַי עָבַר עַל נַפְשֵׁנוּ הַמַּיִם הַזֵּידוֹנִים` (תהילים קכד:ה)
391	16	נפש	נפש	שמואל-ב ג:כא		`וַיֹּאמֶר אַבְנֵר אֶל דָּוִד אָקוּמָה וְאֵלֵכָה וְאֶקְבְּצָה אֶל אֲדֹנִי הַמֶּלֶךְ אֶת כָּל יִשְׂרָאֵל וְיִכְרְתוּ אִתְּךָ בְּרִית וּמָלַכְתָּ בְּכֹל אֲשֶׁר תְּאַוֶּה נַפְשֶׁךָ וַיְּשַׁלַּח דָּוִד אֶת אַבְנֵר וַיֵּלֶךְ בְּשָׁלוֹם` (שמואל-ב ג:כא)
392	16	לב-לבב	לב	דברי-הימים-ב ו:יד		`וַיֹּאמַר יְהוָה אֱלֹהֵי יִשְׂרָאֵל אֵין כָּמוֹךָ אֱלֹהִים בַּשָּׁמַיִם וּבָאָרֶץ שֹׁמֵר הַבְּרִית וְהַחֶסֶד לַעֲבָדֶיךָ הַהֹלְכִים לְפָנֶיךָ בְּכָל לִבָּם` (דברי-הימים-ב ו:יד)
393	16	נפש	נפש	יהושע כב:ה	707	`רַק שִׁמְרוּ מְאֹד לַעֲשׂוֹת אֶת הַמִּצְוָה וְאֶת הַתּוֹרָה אֲשֶׁר צִוָּה אֶתְכֶם מֹשֶׁה עֶבֶד יְהוָה לְאַהֲבָה אֶת יְהוָה אֱלֹהֵיכֶם וְלָלֶכֶת בְּכָל דְּרָכָיו וְלִשְׁמֹר מִצְוֺתָיו וּלְדָבְקָה בוֹ וּלְעָבְדוֹ בְּכָל לְבַבְכֶם וּבְכָל נַפְשְׁכֶם` (יהושע כב:ה)
394	16	חיים	חיים	יחזקאל לב:כז	975	`וְלֹא יִשְׁכְּבוּ אֶת גִּבּוֹרִים נֹפְלִים מֵעֲרֵלִים אֲשֶׁר יָרְדוּ שְׁאוֹל בִּכְלֵי מִלְחַמְתָּם וַיִּתְּנוּ אֶת חַרְבוֹתָם תַּחַת רָאשֵׁיהֶם וַתְּהִי עֲוֺנֹתָם עַל עַצְמוֹתָם כִּי חִתִּית גִּבּוֹרִים בְּאֶרֶץ חַיִּים` (יחזקאל לב:כז)
395	16	חיים	חיים	דברים ה:ג		`לֹא אֶת אֲבֹתֵינוּ כָּרַת יְהוָה אֶת הַבְּרִית הַזֹּאת כִּי אִתָּנוּ אֲנַחְנוּ אֵלֶּה פֹה הַיּוֹם כֻּלָּנוּ חַיִּים` (דברים ה:ג)
396	16	נפש	נפש	תהילים ו:ג		`וְנַפְשִׁי נִבְהֲלָה מְאֹד וְאַתְּ יְהוָה עַד מָתָי` (תהילים ו:ג)
397	16	לב-לבב	לב	תהילים טז:ט		`לָכֵן שָׂמַח לִבִּי וַיָּגֶל כְּבוֹדִי אַף בְּשָׂרִי יִשְׁכֹּן לָבֶטַח` (תהילים טז:ט)
398	16	נפש	נפש	שופטים יב:ג		`וָאֶרְאֶה כִּי אֵינְךָ מוֹשִׁיע וָאָשִׂימָה נַפְשִׁי בְכַפִּי וָאֶעְבְּרָה אֶל בְּנֵי עַמּוֹן וַיִּתְּנֵם יְהוָה בְּיָדִי וְלָמָה עֲלִיתֶם אֵלַי הַיּוֹם הַזֶּה לְהִלָּחֶם בִּי` (שופטים יב:ג)
399	16	איש-אשה	אשה	דניאל יא:לז		`וְעַל אֱלֹהֵי אֲבֹתָיו לֹא יָבִין וְעַל חֶמְדַּת נָשִׁים וְעַל כָּל אֱלוֹהַּ לֹא יָבִין כִּי עַל כֹּל יִתְגַּדָּל` (דניאל יא:לז)
400	16	חיים	חיים	משלי ד:כג		`מִכָּל מִשְׁמָר נְצֹר לִבֶּךָ כִּי מִמֶּנּוּ תּוֹצְאוֹת חַיִּים` (משלי ד:כג)
401	17	איש-אשה	אשה	יחזקאל א:כג		`וְתַחַת הָרָקִיעַ כַּנְפֵיהֶם יְשָׁרוֹת אִשָּׁה אֶל אֲחוֹתָהּ לְאִישׁ שְׁתַּיִם מְכַסּוֹת לָהֵנָּה וּלְאִישׁ שְׁתַּיִם מְכַסּוֹת לָהֵנָּה אֵת גְּוִיֹּתֵיהֶם` (יחזקאל א:כג)
402	17	נפש	נפש	משלי כ:ב		`נַהַם כַּכְּפִיר אֵימַת מֶלֶךְ מִתְעַבְּרוֹ חוֹטֵא נַפְשׁוֹ` (משלי כ:ב)
403	17	נפש	נפש	ישעיהו סו:ג		`שׁוֹחֵט הַשּׁוֹר מַכֵּה אִישׁ זוֹבֵחַ הַשֶּׂה עֹרֵף כֶּלֶב מַעֲלֵה מִנְחָה דַּם חֲזִיר מַזְכִּיר לְבֹנָה מְבָרֵךְ אָוֶן גַּם הֵמָּה בָּחֲרוּ בְּדַרְכֵיהֶם וּבְשִׁקּוּצֵיהֶם נַפְשָׁם חָפֵצָה` (ישעיהו סו:ג)
404	17	חיים	חיים	משלי ב:יט		`כָּל בָּאֶיהָ לֹא יְשׁוּבוּן וְלֹא יַשִּׂיגוּ אָרְחוֹת חַיִּים` (משלי ב:יט)
405	17	חיים	חיים	משלי ח:לה	435	`כִּי מֹצְאִי מֹצְאֵי חַיִּים וַיָּפֶק רָצוֹן מֵיְהוָה` (משלי ח:לה)
406	17	נפש	נפש	מלכים-ב כג:ג		`וַיַּעֲמֹד הַמֶּלֶךְ עַל הָעַמּוּד וַיִּכְרֹת אֶת הַבְּרִית לִפְנֵי יְהוָה לָלֶכֶת אַחַר יְהוָה וְלִשְׁמֹר מִצְוֺתָיו וְאֶת עֵדְוֺתָיו וְאֶת חֻקֹּתָיו בְּכָל לֵב וּבְכָל נֶפֶשׁ לְהָקִים אֶת דִּבְרֵי הַבְּרִית הַזֹּאת הַכְּתֻבִים עַל הַסֵּפֶר הַזֶּה וַיַּעֲמֹד כָּל הָעָם בַּבְּרִית` (מלכים-ב כג:ג)
407	17	לב-לבב	לב	מלאכי ב:ב		`אִם לֹא תִשְׁמְעוּ וְאִם לֹא תָשִׂימוּ עַל לֵב לָתֵת כָּבוֹד לִשְׁמִי אָמַר יְהוָה צְבָאוֹת וְשִׁלַּחְתִּי בָכֶם אֶת הַמְּאֵרָה וְאָרוֹתִי אֶת בִּרְכוֹתֵיכֶם וְגַם אָרוֹתִיהָ כִּי אֵינְכֶם שָׂמִים עַל לֵב` (מלאכי ב:ב)
408	17	נפש	נפש	תהילים לא:ז		`אָגִילָה וְאֶשְׂמְחָה בְּחַסְדֶּךָ אֲשֶׁר רָאִיתָ אֶת עָנְיִי יָדַעְתָּ בְּצָרוֹת נַפְשִׁי` (תהילים לא:ז)
409	17	נפש	נפש	שמואל-א כו:כד		`וְהִנֵּה כַּאֲשֶׁר גָּדְלָה נַפְשְׁךָ הַיּוֹם הַזֶּה בְּעֵינָי כֵּן תִּגְדַּל נַפְשִׁי בְּעֵינֵי יְהוָה וְיַצִּלֵנִי מִכָּל צָרָה` (שמואל-א כו:כד)
410	17	רוח	רוח	איוב לג:ד		`רוּחַ אֵל עָשָׂתְנִי וְנִשְׁמַת שַׁדַּי תְּחַיֵּנִי` (איוב לג:ד)
411	17	נפש	נפש	תהילים קיט:כ		`גָּרְסָה נַפְשִׁי לְתַאֲבָה אֶל מִשְׁפָּטֶיךָ בְכָל עֵת` (תהילים קיט:כ)
412	17	נפש	נפש	עמוס ב:יד		`וְאָבַד מָנוֹס מִקָּל וְחָזָק לֹא יְאַמֵּץ כֹּחוֹ וְגִבּוֹר לֹא יְמַלֵּט נַפְשׁוֹ` (עמוס ב:יד)
413	17	נפש	נפש	ישעיהו נח:י		`וְתָפֵק לָרָעֵב נַפְשֶׁךָ וְנֶפֶשׁ נַעֲנָה תַּשְׂבִּיעַ וְזָרַח בַּחֹשֶׁךְ אוֹרֶךָ וַאֲפֵלָתְךָ כַּצָּהֳרָיִם` (ישעיהו נח:י)
414	17	נפש	נפש	תהילים לד:כב		`פּוֹדֶה יְהוָה נֶפֶשׁ עֲבָדָיו וְלֹא יֶאְשְׁמוּ כָּל הַחֹסִים בּוֹ` (תהילים לד:כב)
415	17	לב-לבב	לבב	דברים יא:טז		`הִשָּׁמְרוּ לָכֶם פֶּן יִפְתֶּה לְבַבְכֶם וְסַרְתֶּם וַעֲבַדְתֶּם אֱלֹהִים אֲחֵרִים וְהִשְׁתַּחֲוִיתֶם לָהֶם` (דברים יא:טז)
416	17	חיים	חיים	משלי ג:יח		`עֵץ חַיִּים הִיא לַמַּחֲזִיקִים בָּהּ וְתֹמְכֶיהָ מְאֻשָּׁר` (משלי ג:יח)
417	17	נפש	נפש	תהילים עד:יט		`אַל תִּתֵּן לְחַיַּת נֶפֶשׁ תּוֹרֶךָ חַיַּת עֲנִיֶּיךָ אַל תִּשְׁכַּח לָנֶצַח` (תהילים עד:יט)
418	17	איש-אשה	איש	עובדיה א:ט		`וְחַתּוּ גִבּוֹרֶיךָ תֵּימָן לְמַעַן יִכָּרֶת אִישׁ מֵהַר עֵשָׂו מִקָּטֶל` (עובדיה א:ט)
419	17	חיים	חיים	ישעיהו לח:יא		`אָמַרְתִּי לֹא אֶרְאֶה יָהּ יָהּ בְּאֶרֶץ הַחַיִּים לֹא אַבִּיט אָדָם עוֹד עִם יוֹשְׁבֵי חָדֶל` (ישעיהו לח:יא)
420	17	נפש	נפש	תהילים צד:יט		`בְּרֹב שַׂרְעַפַּי בְּקִרְבִּי תַּנְחוּמֶיךָ יְשַׁעַשְׁעוּ נַפְשִׁי` (תהילים צד:יט)
421	17	נפש	נפש	יחזקאל לג:ט		`וְאַתָּה כִּי הִזְהַרְתָּ רָשָׁע מִדַּרְכּוֹ לָשׁוּב מִמֶּנָּה וְלֹא שָׁב מִדַּרְכּוֹ הוּא בַּעֲוֺנוֹ יָמוּת וְאַתָּה נַפְשְׁךָ הִצַּלְתָּ` (יחזקאל לג:ט)
422	17	חיים	חיים	קהלת ד:טו		`רָאִיתִי אֶת כָּל הַחַיִּים הַמְהַלְּכִים תַּחַת הַשָּׁמֶשׁ עִם הַיֶּלֶד הַשֵּׁנִי אֲשֶׁר יַעֲמֹד תַּחְתָּיו` (קהלת ד:טו)
423	17	לב-לבב	לב	משלי כו:כג	920	`כֶּסֶף סִיגִים מְצֻפֶּה עַל חָרֶשׂ שְׂפָתַיִם דֹּלְקִים וְלֶב רָע` (משלי כו:כג)
424	17	חיים	חיים	משלי י:יא		`מְקוֹר חַיִּים פִּי צַדִּיק וּפִי רְשָׁעִים יְכַסֶּה חָמָס` (משלי י:יא)
425	17	נפש	נפש	תהילים נט:ג		`כִּי הִנֵּה אָרְבוּ לְנַפְשִׁי יָגוּרוּ עָלַי עַזִים לֹא פִשְׁעִי וְלֹא חַטָּאתִי יְהוָה` (תהילים נט:ג)
426	18	נפש	נפש	משלי יח:ז		`פִּי כְסִיל מְחִתָּה לוֹ וּשְׂפָתָיו מוֹקֵשׁ נַפְשׁוֹ` (משלי יח:ז)
427	18	לב-לבב	לב	משלי יב:כ		`מִרְמָה בְּלֶב חֹרְשֵׁי רָע וּלְיֹעֲצֵי שָׁלוֹם שִׂמְחָה` (משלי יב:כ)
428	18	נפש	נפש	במדבר לא:לה		`וְנֶפֶשׁ אָדָם מִן הַנָּשִׁים אֲשֶׁר לֹא יָדְעוּ מִשְׁכַּב זָכָר כָּל נֶפֶשׁ שְׁנַיִם וּשְׁלֹשִׁים אָלֶף` (במדבר לא:לה)
429	18	נפש	נפש	איוב ז:יא		`גַּם אֲנִי לֹא אֶחֱשָׂךְ פִּי אֲ‍דַבְּרָה בְּצַר רוּחִי אָשִׂיחָה בְּמַר נַפְשִׁי` (איוב ז:יא)
430	18	נפש	נפש	משלי כט:יז		`יַסֵּר בִּנְךָ וִינִיחֶךָ וְיִתֵּן מַעֲדַנִּים לְנַפְשֶׁךָ` (משלי כט:יז)
431	18	נפש	נפש	ויקרא כג:כט		`כִּי כָל הַנֶּפֶשׁ אֲשֶׁר לֹא תְעֻנֶּה בְּעֶצֶם הַיּוֹם הַזֶּה וְנִכְרְתָה מֵעַמֶּיהָ` (ויקרא כג:כט)
432	18	איש-אשה	איש	שמואל-א כו:כג		`וַיהוָה יָשִׁיב לָאִישׁ אֶת צִדְקָתוֹ וְאֶת אֱמֻנָתוֹ אֲשֶׁר נְתָנְךָ יְהוָה הַיּוֹם בְּיָד וְלֹא אָבִיתִי לִשְׁלֹחַ יָדִי בִּמְשִׁיחַ יְהוָה` (שמואל-א כו:כג)
433	18	נפש	נפש	משלי ו:לב		`נֹאֵף אִשָּׁה חֲסַר לֵב מַשְׁחִית נַפְשׁוֹ הוּא יַעֲשֶׂנָּה` (משלי ו:לב)
434	18	נפש	נפש	ויקרא כב:ו		`נֶפֶשׁ אֲשֶׁר תִּגַּע בּוֹ וְטָמְאָה עַד הָעָרֶב וְלֹא יֹאכַל מִן הַקֳּדָשִׁים כִּי אִם רָחַץ בְּשָׂרוֹ בַּמָּיִם` (ויקרא כב:ו)
435	18	חיים	חיים	משלי ח:לה		`כִּי מֹצְאִי מֹצְאֵי חַיִּים וַיָּפֶק רָצוֹן מֵיְהוָה` (משלי ח:לה)
436	18	חיים	חיים	תהילים כז:יג		`לׅׄוּלֵׅׄאׅׄ הֶאֱמַנְתִּי לִרְאוֹת בְּטוּב יְהוָה בְּאֶרֶץ חַיִּים` (תהילים כז:יג)
437	18	רוח	רוח	במדבר כז:טז		`יִפְקֹד יְהוָה אֱלֹהֵי הָרוּחֹת לְכָל בָּשָׂר אִישׁ עַל הָעֵדָה` (במדבר כז:טז)
438	18	לב-לבב	לב	ירמיהו ט:יד		`וַיֵּלְכוּ אַחֲרֵי שְׁרִרוּת לִבָּם וְאַחֲרֵי הַבְּעָלִים אֲשֶׁר לִמְּדוּם אֲבוֹתָם` (ירמיהו ט:יד)
439	18	איש-אשה	איש	שופטים ז:כא		`וַיַּעַמְדוּ אִישׁ תַּחְתָּיו סָבִיב לַמַּחֲנֶה וַיָּרָץ כָּל הַמַּחֲנֶה וַיָּרִיעוּ וַיָּנִיסוּ` (שופטים ז:כא)
440	18	נפש	נפש	תהילים קכא:ז		`יְהוָה יִשְׁמָרְךָ מִכָּל רָע יִשְׁמֹר אֶת נַפְשֶׁךָ` (תהילים קכא:ז)
441	18	נפש	נפש	ישעיהו נח:יא		`וְנָחֲךָ יְהוָה תָּמִיד וְהִשְׂבִּיעַ בְּצַחְצָחוֹת נַפְשֶׁךָ וְעַצְמֹתֶיךָ יַחֲלִיץ וְהָיִיתָ כְּגַן רָוֶה וּכְמוֹצָא מַיִם אֲשֶׁר לֹא יְכַזְּבוּ מֵימָיו` (ישעיהו נח:יא)
442	18	רוח	רוח	ישעיהו יז:יג		`לְאֻמִּים כִּשְׁאוֹן מַיִם רַבִּים יִשָּׁאוּן וְגָעַר בּוֹ וְנָס מִמֶּרְחָק וְרֻדַּף כְּמֹץ הָרִים לִפְנֵי רוּחַ וּכְגַלְגַּל לִפְנֵי סוּפָה` (ישעיהו יז:יג)
443	18	נפש	נפש	ירמיהו כא:ז		`וְאַחֲרֵי כֵן נְאֻם יְהוָה אֶתֵּן אֶת צִדְקִיָּהוּ מֶלֶךְ יְהוּדָה וְאֶת עֲבָדָיו וְאֶת הָעָם וְאֶת הַנִּשְׁאָרִים בָּעִיר הַזֹּאת מִן הַדֶּבֶר מִן הַחֶרֶב וּמִן הָרָעָב בְּיַד נְבוּכַדְרֶאצַּר מֶלֶךְ בָּבֶל וּבְיַד אֹיְבֵיהֶם וּבְיַד מְבַקְשֵׁי נַפְשָׁם וְהִכָּם לְפִי חֶרֶב לֹא יָחוּס עֲלֵיהֶם וְלֹא יַחְמֹל וְלֹא יְרַחֵם` (ירמיהו כא:ז)
444	18	איש-אשה	אשה	אסתר ו:יג		`וַיְסַפֵּר הָמָן לְזֶרֶשׁ אִשְׁתּוֹ וּלְכָל אֹהֲבָיו אֵת כָּל אֲשֶׁר קָרָהוּ וַיֹּאמְרוּ לוֹ חֲכָמָיו וְזֶרֶשׁ אִשְׁתּוֹ אִם מִזֶּרַע הַיְּהוּדִים מָרְדֳּכַי אֲשֶׁר הַחִלּוֹתָ לִנְפֹּל לְפָנָיו לֹא תוּכַל לוֹ כִּי נָפוֹל תִּפּוֹל לְפָנָיו` (אסתר ו:יג)
445	18	נפש	נפש	איוב ו:ז		`מֵאֲנָה לִנְגּוֹעַ נַפְשִׁי הֵמָּה כִּדְוֵי לַחְמִי` (איוב ו:ז)
446	18	נפש	נפש	מלכים-א יט:ד		`וְהוּא הָלַךְ בַּמִּדְבָּר דֶּרֶךְ יוֹם וַיָּבֹא וַיֵּשֶׁב תַּחַת רֹתֶם אֶחָת וַיִּשְׁאַל אֶת נַפְשׁוֹ לָמוּת וַיֹּאמֶר רַב עַתָּה יְהוָה קַח נַפְשִׁי כִּי לֹא טוֹב אָנֹכִי מֵאֲבֹתָי` (מלכים-א יט:ד)
447	18	אדם	אדם	ירמיהו כא:ו	1166	`וְהִכֵּיתִי אֶת יוֹשְׁבֵי הָעִיר הַזֹּאת וְאֶת הָאָדָם וְאֶת הַבְּהֵמָה בְּדֶבֶר גָּדוֹל יָמֻתוּ` (ירמיהו כא:ו)
448	18	אדם	אדם	תהילים סו:ה		`לְכוּ וּרְאוּ מִפְעֲלוֹת אֱלֹהִים נוֹרָא עֲלִילָה עַל בְּנֵי אָדָם` (תהילים סו:ה)
449	18	אדם	אדם	יחזקאל כא:כח		`וְאַתָּה בֶן אָדָם הִנָּבֵא וְאָמַרְתָּ כֹּה אָמַר אֲדֹנָי יְהֹוִה אֶל בְּנֵי עַמּוֹן וְאֶל חֶרְפָּתָם וְאָמַרְתָּ חֶרֶב חֶרֶב פְּתוּחָה לְטֶבַח מְרוּטָה לְהָכִיל לְמַעַן בָּרָק` (יחזקאל כא:כח)
450	18	נפש	נפש	תהילים קמא:ח		`כִּי אֵלֶיךָ יְהֹוִה אֲדֹנָי עֵינָי בְּכָה חָסִיתִי אַל תְּעַר נַפְשִׁי` (תהילים קמא:ח)
451	19	איש-אשה	אשה	ויקרא כ:יח		`וְאִישׁ אֲשֶׁר יִשְׁכַּב אֶת אִשָּׁה דָּוָה וְגִלָּה אֶת עֶרְוָתָהּ אֶת מְקֹרָהּ הֶעֱרָה וְהִיא גִּלְּתָה אֶת מְקוֹר דָּמֶיהָ וְנִכְרְתוּ שְׁנֵיהֶם מִקֶּרֶב עַמָּם` (ויקרא כ:יח)
452	19	איש-אשה	איש	שופטים ב:ו	1283	`וַיְשַׁלַּח יְהוֹשֻׁעַ אֶת הָעָם וַיֵּלְכוּ בְנֵי יִשְׂרָאֵל אִישׁ לְנַחֲלָתוֹ לָרֶשֶׁת אֶת הָאָרֶץ` (שופטים ב:ו)
453	19	אדם	אדם	שמות יג:ב		`קַדֶּשׁ לִי כָל בְּכוֹר פֶּטֶר כָּל רֶחֶם בִּבְנֵי יִשְׂרָאֵל בָּאָדָם וּבַבְּהֵמָה לִי הוּא` (שמות יג:ב)
454	19	נפש	נפש	במדבר ל:ו		`וְאִם הָיוֹ תִהְיֶה לְאִישׁ וּנְדָרֶיהָ עָלֶיהָ אוֹ מִבְטָא שְׂפָתֶיהָ אֲשֶׁר אָסְרָה עַל נַפְשָׁהּ` (במדבר ל:ו)
455	19	אדם	אדם	יחזקאל א:ה		`וּמִתּוֹכָהּ דְּמוּת אַרְבַּע חַיּוֹת וְזֶה מַרְאֵיהֶן דְּמוּת אָדָם לָהֵנָּה` (יחזקאל א:ה)
456	19	נפש	נפש	בראשית מו:כו		`כָּל הַנֶּפֶשׁ הַבָּאָה לְיַעֲקֹב מִצְרַיְמָה יֹצְאֵי יְרֵכוֹ מִלְּבַד נְשֵׁי בְנֵי יַעֲקֹב כָּל נֶפֶשׁ שִׁשִּׁים וָשֵׁשׁ` (בראשית מו:כו)
457	19	נפש	נפש	איוב ב:ד		`וַיַּעַן הַשָּׂטָן אֶת יְהוָה וַיֹּאמַר עוֹר בְּעַד עוֹר וְכֹל אֲשֶׁר לָאִישׁ יִתֵּן בְּעַד נַפְשׁוֹ` (איוב ב:ד)
458	19	נפש	נפש	ירמיהו כב:כז	933	`וְעַל הָאָרֶץ אֲשֶׁר הֵם מְנַשְּׂאִים אֶת נַפְשָׁם לָשׁוּב שָׁם שָׁמָּה לֹא יָשׁוּבוּ` (ירמיהו כב:כז)
459	19	רוח	רוח	במדבר יא:יז		`וְיָרַדְתִּי וְדִבַּרְתִּי עִמְּךָ שָׁם וְאָצַלְתִּי מִן הָרוּחַ אֲשֶׁר עָלֶיךָ וְשַׂמְתִּי עֲלֵיהֶם וְנָשְׂאוּ אִתְּךָ בְּמַשָּׂא הָעָם וְלֹא תִשָּׂא אַתָּה לְבַדֶּךָ` (במדבר יא:יז)
460	19	אדם	אדם	תהילים עג:ה		`בַּעֲמַל אֱנוֹשׁ אֵינֵמוֹ וְעִם אָדָם לֹא יְנֻגָּעוּ` (תהילים עג:ה)
461	19	איש-אשה	אשה	בראשית יא:כט		`וַיִּקַּח אַבְרָם וְנָחוֹר לָהֶם נָשִׁים שֵׁם אֵשֶׁת אַבְרָם שָׂרָי וְשֵׁם אֵשֶׁת נָחוֹר מִלְכָּה בַּת הָרָן אֲבִי מִלְכָּה וַאֲבִי יִסְכָּה` (בראשית יא:כט)
462	19	איש-אשה	איש	מלכים-א יח:כב		`וַיֹּאמֶר אֵלִיָּהוּ אֶל הָעָם אֲנִי נוֹתַרְתִּי נָבִיא לַיהוָה לְבַדִּי וּנְבִיאֵי הַבַּעַל אַרְבַּע מֵאוֹת וַחֲמִשִּׁים אִישׁ` (מלכים-א יח:כב)
463	19	נפש	נפש	בראשית לד:ג		`וַתִּדְבַּק נַפְשׁוֹ בְּדִינָה בַּת יַעֲקֹב וַיֶּאֱהַב אֶת הַנַּעֲרָ וַיְדַבֵּר עַל לֵב הַנַּעֲרָ` (בראשית לד:ג)
464	19	נפש	נפש	במדבר ל:יב		`וְאִם הָפֵר יָפֵר אֹתָם אִישָׁהּ בְּיוֹם שָׁמְעוֹ כָּל מוֹצָא שְׂפָתֶיהָ לִנְדָרֶיהָ וּלְאִסַּר נַפְשָׁהּ לֹא יָקוּם אִישָׁהּ הֲפֵרָם וַיהוָה יִסְלַח לָהּ` (במדבר ל:יב)
465	19	נפש	נפש	משלי כג:ב		`וְשַׂמְתָּ שַׂכִּין בְּלֹעֶךָ אִם בַּעַל נֶפֶשׁ אָתָּה` (משלי כג:ב)
466	19	אדם	אדם	יחזקאל יב:כב		`בֶּן אָדָם מָה הַמָּשָׁל הַזֶּה לָכֶם עַל אַדְמַת יִשְׂרָאֵל לֵאמֹר יַאַרְכוּ הַיָּמִים וְאָבַד כָּל חָזוֹן` (יחזקאל יב:כב)
467	19	נפש	נפש	תהילים טז:י		`כִּי לֹא תַעֲזֹב נַפְשִׁי לִשְׁאוֹל לֹא תִתֵּן חֲסִידְךָ לִרְאוֹת שָׁחַת` (תהילים טז:י)
468	19	נפש	נפש	אסתר ד:יג		`וַיֹּאמֶר מָרְדֳּכַי לְהָשִׁיב אֶל אֶסְתֵּר אַל תְּדַמִּי בְנַפְשֵׁךְ לְהִמָּלֵט בֵּית הַמֶּלֶךְ מִכָּל הַיְּהוּדִים` (אסתר ד:יג)
469	19	נפש	נפש	יחזקאל כג:כב		`לָכֵן אָהֳלִיבָה כֹּה אָמַר אֲדֹנָי יְהוִה הִנְנִי מֵעִיר אֶת מְאַהֲבַיִךְ עָלַיִךְ אֵת אֲשֶׁר נָקְעָה נַפְשֵׁךְ מֵהֶם וַהֲבֵאתִים עָלַיִךְ מִסָּבִיב` (יחזקאל כג:כב)
470	19	לב-לבב	לב	תהילים לט:ג		`חַם לִבִּי בְּקִרְבִּי בַּהֲגִיגִי תִבְעַר אֵשׁ דִּבַּרְתִּי בִּלְשׁוֹנִי` (תהילים לט:ג)
471	19	נפש	נפש	ירמיהו נא:מה		`צְאוּ מִתּוֹכָהּ עַמִּי וּמַלְּטוּ אִישׁ אֶת נַפְשׁוֹ מֵחֲרוֹן אַף יְהוָה` (ירמיהו נא:מה)
472	19	נפש	נפש	שמואל-ב טז:יד		`וַיָּבֹא הַמֶּלֶךְ וְכָל הָעָם אֲשֶׁר אִתּוֹ עֲיֵפִים וַיִּנָּפֵשׁ שָׁם` (שמואל-ב טז:יד)
473	19	נפש	נפש	תהילים מב:ו		`אֱ‍לֹהַי עָלַי נַפְשִׁי תִשְׁתּוֹחָח עַל כֵּן אֶזְכָּרְךָ מֵאֶרֶץ יַרְדֵּן וְחֶרְמוֹנִים מֵהַר מִצְעָר` (תהילים מב:ו)
474	19	לב-לבב	לב	ישעיהו מז:י		`וַתִּבְטְחִי בְרָעָתֵךְ אָמַרְתְּ אֵין רֹאָנִי חָכְמָתֵךְ וְדַעְתֵּךְ הִיא שׁוֹבְבָתֶךְ וַתֹּאמְרִי בְלִבֵּךְ אֲנִי וְאַפְסִי עוֹד` (ישעיהו מז:י)
475	19	נפש	נפש	שמואל-א ב:לג		`וְאִישׁ לֹא אַכְרִית לְךָ מֵעִם מִזְבְּחִי לְכַלּוֹת אֶת עֵינֶיךָ וְלַאֲדִיב אֶת נַפְשֶׁךָ וְכָל מַרְבִּית בֵּיתְךָ יָמוּתוּ אֲנָשִׁים` (שמואל-א ב:לג)
476	20	חיה-פועל	חיה	בראשית יא:כה		`וַיְחִי נָחוֹר אַחֲרֵי הוֹלִידוֹ אֶת תֶּרַח תְּשַׁע עֶשְׂרֵה שָׁנָה וּמְאַת שָׁנָה וַיּוֹלֶד בָּנִים וּבָנוֹת` (בראשית יא:כה)
477	20	נפש	נפש	דברים כד:ו		`לֹא יַחֲבֹל רֵחַיִם וָרָכֶב כִּי נֶפֶשׁ הוּא חֹבֵל` (דברים כד:ו)
478	20	אדם	אדם	ישעיהו נו:ב	535	`אַשְׁרֵי אֱנוֹשׁ יַעֲשֶׂה זֹּאת וּבֶן אָדָם יַחֲזִיק בָּהּ שֹׁמֵר שַׁבָּת מֵחַלְּלוֹ וְשֹׁמֵר יָדוֹ מֵעֲשׂוֹת כָּל רָע` (ישעיהו נו:ב)
479	20	חיים	חיים	תהילים מב:ח	1132	`יוֹמָם יְצַוֶּה יְהוָה חַסְדּוֹ וּבַלַּיְלָה שִׁירָהּ עִמִּי תְּפִלָּה לְאֵל חַיָּי` (תהילים מב:ח)
480	20	לב-לבב	לבב	בראשית כ:ו		`וַיֹּאמֶר אֵלָיו הָאֱלֹהִים בַּחֲלֹם גַּם אָנֹכִי יָדַעְתִּי כִּי בְתָם לְבָבְךָ עָשִׂיתָ זֹּאת וָאֶחְשֹׂךְ גַּם אָנֹכִי אוֹתְךָ מֵחֲטוֹ לִי עַל כֵּן לֹא נְתַתִּיךָ לִנְגֹּעַ אֵלֶיהָ` (בראשית כ:ו)
481	20	נפש	נפש	בראשית ט:טו		`וְזָכַרְתִּי אֶת בְּרִיתִי אֲשֶׁר בֵּינִי וּבֵינֵיכֶם וּבֵין כָּל נֶפֶשׁ חַיָּה בְּכָל בָּשָׂר וְלֹא יִהְיֶה עוֹד הַמַּיִם לְמַבּוּל לְשַׁחֵת כָּל בָּשָׂר` (בראשית ט:טו)
482	20	אדם	אדם	יחזקאל כח:ט		`הֶאָמֹר תֹּאמַר אֱלֹהִים אָנִי לִפְנֵי הֹרְגֶךָ וְאַתָּה אָדָם וְלֹא אֵל בְּיַד מְחַלְלֶיךָ` (יחזקאל כח:ט)
483	20	לב-לבב	לב	שמואל-ב יט:ז		`וְעַתָּה קוּם צֵא וְדַבֵּר עַל לֵב עֲבָדֶיךָ כִּי בַיהוָה נִשְׁבַּעְתִּי כִּי אֵינְךָ יוֹצֵא אִם יָלִין אִישׁ אִתְּךָ הַלַּיְלָה וְרָעָה לְךָ זֹאת מִכָּל הָרָעָה אֲשֶׁר בָּאָה עָלֶיךָ מִנְּעֻרֶיךָ עַד עָתָּה` (שמואל-ב יט:ז)
484	20	נפש	נפש	יחזקאל יח:כז		`וּבְשׁוּב רָשָׁע מֵרִשְׁעָתוֹ אֲשֶׁר עָשָׂה וַיַּעַשׂ מִשְׁפָּט וּצְדָקָה הוּא אֶת נַפְשׁוֹ יְחַיֶּה` (יחזקאל יח:כז)
485	20	לב-לבב	לבב	ירמיהו כט:יג		`וּבִקַּשְׁתֶּם אֹתִי וּמְצָאתֶם כִּי תִדְרְשֻׁנִי בְּכָל לְבַבְכֶם` (ירמיהו כט:יג)
486	20	נפש	נפש	ויקרא יז:יד		`כִּי נֶפֶשׁ כָּל בָּשָׂר דָּמוֹ בְנַפְשׁוֹ הוּא וָאֹמַר לִבְנֵי יִשְׂרָאֵל דַּם כָּל בָּשָׂר לֹא תֹאכֵלוּ כִּי נֶפֶשׁ כָּל בָּשָׂר דָּמוֹ הִוא כָּל אֹכְלָיו יִכָּרֵת` (ויקרא יז:יד)
487	20	נפש	נפש	איוב יד:כב		`אַךְ בְּשָׂרוֹ עָלָיו יִכְאָב וְנַפְשׁוֹ עָלָיו תֶּאֱבָל` (איוב יד:כב)
488	20	רוח	רוח	ישעיהו כו:יח	1199	`הָרִינוּ חַלְנוּ כְּמוֹ יָלַדְנוּ רוּחַ יְשׁוּעֹת בַּל נַעֲשֶׂה אֶרֶץ וּבַל יִפְּלוּ יֹשְׁבֵי תֵבֵל` (ישעיהו כו:יח)
489	20	נפש	נפש	איוב לא:ל		`וְלֹא נָתַתִּי לַחֲטֹא חִכִּי לִשְׁאֹל בְּאָלָה נַפְשׁוֹ` (איוב לא:ל)
490	20	נפש	נפש	תהילים סב:א		`לַמְנַצֵּחַ עַל יְדוּתוּן מִזְמוֹר לְדָוִד אַךְ אֶל אֱלֹהִים דּוּמִיָּה נַפְשִׁי מִמֶּנּוּ יְשׁוּעָתִי` (תהילים סב:א)
491	20	נפש	נפש	יחזקאל יז:יז		`וְלֹא בְחַיִל גָּדוֹל וּבְקָהָל רָב יַעֲשֶׂה אוֹתוֹ פַרְעֹה בַּמִּלְחָמָה בִּשְׁפֹּךְ סֹלְלָה וּבִבְנוֹת דָּיֵק לְהַכְרִית נְפָשׁוֹת רַבּוֹת` (יחזקאל יז:יז)
492	20	נפש	נפש	בראשית מו:כב		`אֵלֶּה בְּנֵי רָחֵל אֲשֶׁר יֻלַּד לְיַעֲקֹב כָּל נֶפֶשׁ אַרְבָּעָה עָשָׂר` (בראשית מו:כב)
493	20	לב-לבב	לב	בראשית יז:יז		`וַיִּפֹּל אַבְרָהָם עַל פָּנָיו וַיִּצְחָק וַיֹּאמֶר בְּלִבּוֹ הַלְּבֶן מֵאָה שָׁנָה יִוָּלֵד וְאִם שָׂרָה הֲבַת תִּשְׁעִים שָׁנָה תֵּלֵד` (בראשית יז:יז)
494	20	אדם	אדם	יחזקאל ד:יב		`וְעֻגַת שְׂעֹרִים תֹּאכֲלֶנָּה וְהִיא בְּגֶלְלֵי צֵאַת הָאָדָם תְּעֻגֶנָה לְעֵינֵיהֶם` (יחזקאל ד:יב)
495	20	חיים	חיים	דברים ו:ב		`לְמַעַן תִּירָא אֶת יְהוָה אֱלֹהֶיךָ לִשְׁמֹר אֶת כָּל חֻקֹּתָיו וּמִצְוֺתָיו אֲשֶׁר אָנֹכִי מְצַוֶּךָ אַתָּה וּבִנְךָ וּבֶן בִּנְךָ כֹּל יְמֵי חַיֶּיךָ וּלְמַעַן יַאֲרִכֻן יָמֶיךָ` (דברים ו:ב)
496	20	נפש	נפש	ירמיהו כו:יט	967	`הֶהָמֵת הֱמִתֻהוּ חִזְקִיָּהוּ מֶלֶךְ יְהוּדָה וְכָל יְהוּדָה הֲלֹא יָרֵא אֶת יְהוָה וַיְחַל אֶת פְּנֵי יְהוָה וַיִּנָּחֶם יְהוָה אֶל הָרָעָה אֲשֶׁר דִּבֶּר עֲלֵיהֶם וַאֲנַחְנוּ עֹשִׂים רָעָה גְדוֹלָה עַל נַפְשׁוֹתֵינוּ` (ירמיהו כו:יט)
497	20	רוח	רוח	משלי יא:כט		`עוֹכֵר בֵּיתוֹ יִנְחַל רוּחַ וְעֶבֶד אֱוִיל לַחֲכַם לֵב` (משלי יא:כט)
498	20	לב-לבב	לב	תהילים עו:ה		`אֶשְׁתּוֹלְלוּ אַבִּירֵי לֵב נָמוּ שְׁנָתָם וְלֹא מָצְאוּ כָל אַנְשֵׁי חַיִל יְדֵיהֶם` (תהילים עו:ה)
499	20	נפש	נפש	מיכה ז:א		`אַלְלַי לִי כִּי הָיִיתִי כְּאָסְפֵּי קַיִץ כְּעֹלְלֹת בָּצִיר אֵין אֶשְׁכּוֹל לֶאֱכוֹל בִּכּוּרָה אִוְּתָה נַפְשִׁי` (מיכה ז:א)
500	20	איש-אשה	אשה	מלכים-ב ו:כו		`וַיְהִי מֶלֶךְ יִשְׂרָאֵל עֹבֵר עַל הַחֹמָה וְאִשָּׁה צָעֲקָה אֵלָיו לֵאמֹר הוֹשִׁיעָה אֲדֹנִי הַמֶּלֶךְ` (מלכים-ב ו:כו)
501	21	נפש	נפש	תהילים פו:יג		`כִּי חַסְדְּךָ גָּדוֹל עָלָי וְהִצַּלְתָּ נַפְשִׁי מִשְּׁאוֹל תַּחְתִּיָּה` (תהילים פו:יג)
502	21	נפש	נפש	תהילים קד:לה		`יִתַּמּוּ חַטָּאִים מִן הָאָרֶץ וּרְשָׁעִים עוֹד אֵינָם בָּרֲכִי נַפְשִׁי אֶת יְהוָה הַלְלוּ יָהּ` (תהילים קד:לה)
503	21	נפש	נפש	שמואל-ב ד:ט		`וַיַּעַן דָּוִד אֶת רֵכָב וְאֶת בַּעֲנָה אָחִיו בְּנֵי רִמּוֹן הַבְּאֵרֹתִי וַיֹּאמֶר לָהֶם חַי יְהוָה אֲשֶׁר פָּדָה אֶת נַפְשִׁי מִכָּל צָרָה` (שמואל-ב ד:ט)
504	21	נפש	נפש	ירמיהו מ:טו		`וְיוֹחָנָן בֶּן קָרֵחַ אָמַר אֶל גְּדַלְיָהוּ בַסֵּתֶר בַּמִּצְפָּה לֵאמֹר אֵלְכָה נָּא וְאַכֶּה אֶת יִשְׁמָעֵאל בֶּן נְתַנְיָה וְאִישׁ לֹא יֵדָע לָמָּה יַכֶּכָּה נֶּפֶשׁ וְנָפֹצוּ כָּל יְהוּדָה הַנִּקְבָּצִים אֵלֶיךָ וְאָבְדָה שְׁאֵרִית יְהוּדָה` (ירמיהו מ:טו)
505	21	נפש	נפש	ויקרא יא:י		`וְכֹל אֲשֶׁר אֵין לוֹ סְנַפִּיר וְקַשְׂקֶשֶׂת בַּיַּמִּים וּבַנְּחָלִים מִכֹּל שֶׁרֶץ הַמַּיִם וּמִכֹּל נֶפֶשׁ הַחַיָּה אֲשֶׁר בַּמָּיִם שֶׁקֶץ הֵם לָכֶם` (ויקרא יא:י)
506	21	נפש	נפש	ירמיהו לח:יז		`וַיֹּאמֶר יִרְמְיָהוּ אֶל צִדְקִיָּהוּ כֹּה אָמַר יְהוָה אֱלֹהֵי צְבָאוֹת אֱלֹהֵי יִשְׂרָאֵל אִם יָצֹא תֵצֵא אֶל שָׂרֵי מֶלֶךְ בָּבֶל וְחָיְתָה נַפְשֶׁךָ וְהָעִיר הַזֹּאת לֹא תִשָּׂרֵף בָּאֵשׁ וְחָיִתָה אַתָּה וּבֵיתֶךָ` (ירמיהו לח:יז)
507	21	איש-אשה	איש	מלכים-א יג:ו		`וַיַּעַן הַמֶּלֶךְ וַיֹּאמֶר אֶל אִישׁ הָאֱלֹהִים חַל נָא אֶת פְּנֵי יְהוָה אֱלֹהֶיךָ וְהִתְפַּלֵּל בַּעֲדִי וְתָשֹׁב יָדִי אֵלָי וַיְחַל אִישׁ הָאֱלֹהִים אֶת פְּנֵי יְהוָה וַתָּשָׁב יַד הַמֶּלֶךְ אֵלָיו וַתְּהִי כְּבָרִאשֹׁנָה` (מלכים-א יג:ו)
508	21	לב-לבב	לב	עזרא ו:כב		`וַיַּעֲשׂוּ חַג מַצּוֹת שִׁבְעַת יָמִים בְּשִׂמְחָה כִּי שִׂמְּחָם יְהוָה וְהֵסֵב לֵב מֶלֶךְ אַשּׁוּר עֲלֵיהֶם לְחַזֵּק יְדֵיהֶם בִּמְלֶאכֶת בֵּית הָאֱלֹהִים אֱלֹהֵי יִשְׂרָאֵל` (עזרא ו:כב)
509	21	חיים	חיים	איכה ג:נג		`צָמְתוּ בַבּוֹר חַיָּי וַיַּדּוּ אֶבֶן בִּי` (איכה ג:נג)
510	21	נפש	נפש	שמות ל:יב		`כִּי תִשָּׂא אֶת רֹאשׁ בְּנֵי יִשְׂרָאֵל לִפְקֻדֵיהֶם וְנָתְנוּ אִישׁ כֹּפֶר נַפְשׁוֹ לַיהוָה בִּפְקֹד אֹתָם וְלֹא יִהְיֶה בָהֶם נֶגֶף בִּפְקֹד אֹתָם` (שמות ל:יב)
511	21	חיים	חיים	דברים יז:יט	1339	`וְהָיְתָה עִמּוֹ וְקָרָא בוֹ כָּל יְמֵי חַיָּיו לְמַעַן יִלְמַד לְיִרְאָה אֶת יְהוָה אֱלֹהָיו לִשְׁמֹר אֶת כָּל דִּבְרֵי הַתּוֹרָה הַזֹּאת וְאֶת הַחֻקִּים הָאֵלֶּה לַעֲשֹׂתָם` (דברים יז:יט)
512	21	רוח	רוח	איכה ד:כ		`רוּחַ אַפֵּינוּ מְשִׁיחַ יְהוָה נִלְכַּד בִּשְׁחִיתוֹתָם אֲשֶׁר אָמַרְנוּ בְּצִלּוֹ נִחְיֶה בַגּוֹיִם` (איכה ד:כ)
513	21	לב-לבב	לבב	דברים י:טז		`וּמַלְתֶּם אֵת עָרְלַת לְבַבְכֶם וְעָרְפְּכֶם לֹא תַקְשׁוּ עוֹד` (דברים י:טז)
514	21	נפש	נפש	במדבר טו:ל		`וְהַנֶּפֶשׁ אֲשֶׁר תַּעֲשֶׂה בְּיָד רָמָה מִן הָאֶזְרָח וּמִן הַגֵּר אֶת יְהוָה הוּא מְגַדֵּף וְנִכְרְתָה הַנֶּפֶשׁ הַהִוא מִקֶּרֶב עַמָּהּ` (במדבר טו:ל)
515	21	חיה-פועל	חיה	בראשית יא:טז		`וַיְחִי עֵבֶר אַרְבַּע וּשְׁלֹשִׁים שָׁנָה וַיּוֹלֶד אֶת פָּלֶג` (בראשית יא:טז)
516	21	נפש	נפש	תהילים לה:יז		`אֲדֹנָי כַּמָּה תִּרְאֶה הָשִׁיבָה נַפְשִׁי מִשֹּׁאֵיהֶם מִכְּפִירִים יְחִידָתִי` (תהילים לה:יז)
517	21	נפש	נפש	יונה ד:ג	1321	`וְעַתָּה יְהוָה קַח נָא אֶת נַפְשִׁי מִמֶּנִּי כִּי טוֹב מוֹתִי מֵחַיָּי` (יונה ד:ג)
518	21	נפש	נפש	ירמיהו ד:י		`וָאֹמַר אֲהָהּ אֲדֹנָי יְהוִה אָכֵן הַשֵּׁא הִשֵּׁאתָ לָעָם הַזֶּה וְלִירוּשָׁלִַם לֵאמֹר שָׁלוֹם יִהְיֶה לָכֶם וְנָגְעָה חֶרֶב עַד הַנָּפֶשׁ` (ירמיהו ד:י)
519	21	איש-אשה	איש	דברי-הימים-ב ב:ז		`וְעַתָּה שְׁלַח לִי אִישׁ חָכָם לַעֲשׂוֹת בַּזָּהָב וּבַכֶּסֶף וּבַנְּחֹשֶׁת וּבַבַּרְזֶל וּבָאַרְגְּוָן וְכַרְמִיל וּתְכֵלֶת וְיֹדֵעַ לְפַתֵּחַ פִּתּוּחִים עִם הַחֲכָמִים אֲשֶׁר עִמִּי בִּיהוּדָה וּבִירוּשָׁלִַם אֲשֶׁר הֵכִין דָּוִיד אָבִי` (דברי-הימים-ב ב:ז)
520	21	רוח	רוח	משלי כה:יד		`נְשִׂיאִים וְרוּחַ וְגֶשֶׁם אָיִן אִישׁ מִתְהַלֵּל בְּמַתַּת שָׁקֶר` (משלי כה:יד)
521	21	נפש	נפש	ישעיהו מז:יד		`הִנֵּה הָיוּ כְקַשׁ אֵשׁ שְׂרָפָתַם לֹא יַצִּילוּ אֶת נַפְשָׁם מִיַּד לֶהָבָה אֵין גַּחֶלֶת לַחְמָם אוּר לָשֶׁבֶת נֶגְדּוֹ` (ישעיהו מז:יד)
522	21	נפש	נפש	איכה ג:יז		`וַתִּזְנַח מִשָּׁלוֹם נַפְשִׁי נָשִׁיתִי טוֹבָה` (איכה ג:יז)
523	21	אדם	אדם	יחזקאל ב:ג		`וַיֹּאמֶר אֵלַי בֶּן אָדָם שׁוֹלֵחַ אֲנִי אוֹתְךָ אֶל בְּנֵי יִשְׂרָאֵל אֶל גּוֹיִם הַמּוֹרְדִים אֲשֶׁר מָרְדוּ בִי הֵמָּה וַאֲבוֹתָם פָּשְׁעוּ בִי עַד עֶצֶם הַיּוֹם הַזֶּה` (יחזקאל ב:ג)
524	21	אדם	אדם	קהלת ב:יב		`וּפָנִיתִי אֲנִי לִרְאוֹת חָכְמָה וְהוֹלֵלוֹת וְסִכְלוּת כִּי מֶה הָאָדָם שֶׁיָּבוֹא אַחֲרֵי הַמֶּלֶךְ אֵת אֲשֶׁר כְּבָר עָשׂוּהוּ` (קהלת ב:יב)
525	21	לב-לבב	לב	תהילים כז:ח		`לְךָ אָמַר לִבִּי בַּקְּשׁוּ פָנָי אֶת פָּנֶיךָ יְהוָה אֲבַקֵּשׁ` (תהילים כז:ח)
526	22	לב-לבב	לבב	מלכים-ב י:ל		`וַיֹּאמֶר יְהוָה אֶל יֵהוּא יַעַן אֲשֶׁר הֱטִיבֹתָ לַעֲשׂוֹת הַיָּשָׁר בְּעֵינַי כְּכֹל אֲשֶׁר בִּלְבָבִי עָשִׂיתָ לְבֵית אַחְאָב בְּנֵי רְבִעִים יֵשְׁבוּ לְךָ עַל כִּסֵּא יִשְׂרָאֵל` (מלכים-ב י:ל)
527	22	נפש	נפש	שמואל-א כ:יז		`וַיּוֹסֶף יְהוֹנָתָן לְהַשְׁבִּיעַ אֶת דָּוִד בְּאַהֲבָתוֹ אֹתוֹ כִּי אַהֲבַת נַפְשׁוֹ אֲהֵבוֹ` (שמואל-א כ:יז)
528	22	נפש	נפש	ישעיהו מב:א		`הֵן עַבְדִּי אֶתְמָךְ בּוֹ בְּחִירִי רָצְתָה נַפְשִׁי נָתַתִּי רוּחִי עָלָיו מִשְׁפָּט לַגּוֹיִם יוֹצִיא` (ישעיהו מב:א)
529	22	נפש	נפש	תהילים מב:ה		`מַה תִּשְׁתּוֹחֲחִי נַפְשִׁי וַתֶּהֱמִי עָלָי הוֹחִילִי לֵאלֹהִים כִּי עוֹד אוֹדֶנּוּ יְשׁוּעוֹת פָּנָיו` (תהילים מב:ה)
530	22	נפש	נפש	איוב יט:ב		`עַד אָנָה תּוֹגְיוּן נַפְשִׁי וּתְדַכְּאוּנַנִי בְמִלִּים` (איוב יט:ב)
531	22	נפש	נפש	שמואל-ב כג:יז		`וַיֹּאמֶר חָלִילָה לִּי יְהוָה מֵעֲשֹׂתִי זֹאת הֲדַם הָאֲנָשִׁים הַהֹלְכִים בְּנַפְשׁוֹתָם וְלֹא אָבָה לִשְׁתּוֹתָם אֵלֶּה עָשׂוּ שְׁלֹשֶׁת הַגִּבֹּרִים` (שמואל-ב כג:יז)
532	22	נפש	נפש	משלי לא:ו		`תְּנוּ שֵׁכָר לְאוֹבֵד וְיַיִן לְמָרֵי נָפֶשׁ` (משלי לא:ו)
533	22	נפש	נפש	שמות יב:ד		`וְאִם יִמְעַט הַבַּיִת מִהְיֹת מִשֶּׂה וְלָקַח הוּא וּשְׁכֵנוֹ הַקָּרֹב אֶל בֵּיתוֹ בְּמִכְסַת נְפָשֹׁת אִישׁ לְפִי אָכְלוֹ תָּכֹסּוּ עַל הַשֶּׂה` (שמות יב:ד)
534	22	נפש	נפש	תהילים פח:יד		`לָמָה יְהוָה תִּזְנַח נַפְשִׁי תַּסְתִּיר פָּנֶיךָ מִמֶּנִּי` (תהילים פח:יד)
535	22	אדם	אדם	ישעיהו נו:ב		`אַשְׁרֵי אֱנוֹשׁ יַעֲשֶׂה זֹּאת וּבֶן אָדָם יַחֲזִיק בָּהּ שֹׁמֵר שַׁבָּת מֵחַלְּלוֹ וְשֹׁמֵר יָדוֹ מֵעֲשׂוֹת כָּל רָע` (ישעיהו נו:ב)
536	22	אדם	אדם	איוב לב:כא		`אַל נָא אֶשָּׂא פְנֵי אִישׁ וְאֶל אָדָם לֹא אֲכַנֶּה` (איוב לב:כא)
537	22	נפש	נפש	משלי כז:ז		`נֶפֶשׁ שְׂבֵעָה תָּבוּס נֹפֶת וְנֶפֶשׁ רְעֵבָה כָּל מַר מָתוֹק` (משלי כז:ז)
538	22	חיים	חיים	משלי יח:כא		`מָוֶת וְחַיִּים בְּיַד לָשׁוֹן וְאֹהֲבֶיהָ יֹאכַל פִּרְיָהּ` (משלי יח:כא)
539	22	נפש	נפש	תהילים סב:ה		`אַךְ לֵאלֹהִים דּוֹמִּי נַפְשִׁי כִּי מִמֶּנּוּ תִּקְוָתִי` (תהילים סב:ה)
540	22	אדם	אדם	ישעיהו ו:יא		`וָאֹמַר עַד מָתַי אֲדֹנָי וַיֹּאמֶר עַד אֲשֶׁר אִם שָׁאוּ עָרִים מֵאֵין יוֹשֵׁב וּבָתִּים מֵאֵין אָדָם וְהָאֲדָמָה תִּשָּׁאֶה שְׁמָמָה` (ישעיהו ו:יא)
541	22	חיים	חיים	יחזקאל כו:כ		`וְהוֹרַדְתִּיךְ אֶת יוֹרְדֵי בוֹר אֶל עַם עוֹלָם וְהוֹשַׁבְתִּיךְ בְּאֶרֶץ תַּחְתִּיּוֹת כָּחֳרָבוֹת מֵעוֹלָם אֶת יוֹרְדֵי בוֹר לְמַעַן לֹא תֵשֵׁבִי וְנָתַתִּי צְבִי בְּאֶרֶץ חַיִּים` (יחזקאל כו:כ)
542	22	אדם	אדם	תהילים קח:יב		`הָבָה לָּנוּ עֶזְרָת מִצָּר וְשָׁוְא תְּשׁוּעַת אָדָם` (תהילים קח:יב)
543	22	נפש	נפש	משלי כג:ז		`כִּי כְּמוֹ שָׁעַר בְּנַפְשׁוֹ כֶּן הוּא אֱכֹל וּשְׁתֵה יֹאמַר לָךְ וְלִבּוֹ בַּל עִמָּךְ` (משלי כג:ז)
544	22	נפש	נפש	תהילים קיו:ד		`וּבְשֵׁם יְהוָה אֶקְרָא אָנָּה יְהוָה מַלְּטָה נַפְשִׁי` (תהילים קיו:ד)
545	22	איש-אשה	אשה	בראשית כא:כא		`וַיֵּשֶׁב בְּמִדְבַּר פָּארָן וַתִּקַּח לוֹ אִמּוֹ אִשָּׁה מֵאֶרֶץ מִצְרָיִם` (בראשית כא:כא)
546	22	נפש	נפש	ישעיהו כו:ט		`נַפְשִׁי אִוִּיתִיךָ בַּלַּיְלָה אַף רוּחִי בְקִרְבִּי אֲשַׁחֲרֶךָּ כִּי כַּאֲשֶׁר מִשְׁפָּטֶיךָ לָאָרֶץ צֶדֶק לָמְדוּ יֹשְׁבֵי תֵבֵל` (ישעיהו כו:ט)
547	22	איש-אשה	איש	ויקרא ז:ח		`וְהַכֹּהֵן הַמַּקְרִיב אֶת עֹלַת אִישׁ עוֹר הָעֹלָה אֲשֶׁר הִקְרִיב לַכֹּהֵן לוֹ יִהְיֶה` (ויקרא ז:ח)
548	22	לב-לבב	לב	שמות ז:כג		`וַיִּפֶן פַּרְעֹה וַיָּבֹא אֶל בֵּיתוֹ וְלֹא שָׁת לִבּוֹ גַּם לָזֹאת` (שמות ז:כג)
549	22	רוח	רוח	משלי טז:יט		`טוֹב שְׁפַל רוּחַ אֶת עֲנִיִּים מֵחַלֵּק שָׁלָל אֶת גֵּאִים` (משלי טז:יט)
550	22	נפש	נפש	תהילים נז:ד		`נַפְשִׁי בְּתוֹךְ לְבָאִם אֶשְׁכְּבָה לֹהֲטִים בְּנֵי אָדָם שִׁנֵּיהֶם חֲנִית וְחִצִּים וּלְשׁוֹנָם חֶרֶב חַדָּה` (תהילים נז:ד)
551	23	חיים	חיים	משלי ד:י		`שְׁמַע בְּנִי וְקַח אֲמָרָי וְיִרְבּוּ לְךָ שְׁנוֹת חַיִּים` (משלי ד:י)
552	23	רוח	רוח	איוב ל:טו		`הָהְפַּךְ עָלַי בַּלָּהוֹת תִּרְדֹּף כָּרוּחַ נְדִבָתִי וּכְעָב עָבְרָה יְשֻׁעָתִי` (איוב ל:טו)
553	23	נפש	נפש	שמואל-א יט:ה		`וַיָּשֶׂם אֶת נַפְשׁוֹ בְכַפּוֹ וַיַּךְ אֶת הַפְּלִשְׁתִּי וַיַּעַשׂ יְהוָה תְּשׁוּעָה גְדוֹלָה לְכָל יִשְׂרָאֵל רָאִיתָ וַתִּשְׂמָח וְלָמָּה תֶחֱטָא בְּדָם נָקִי לְהָמִית אֶת דָּוִד חִנָּם` (שמואל-א יט:ה)
554	23	חיים	חיים	בראשית ב:ט		`וַיַּצְמַח יְהוָה אֱלֹהִים מִן הָאֲדָמָה כָּל עֵץ נֶחְמָד לְמַרְאֶה וְטוֹב לְמַאֲכָל וְעֵץ הַחַיִּים בְּתוֹךְ הַגָּן וְעֵץ הַדַּעַת טוֹב וָרָע` (בראשית ב:ט)
555	23	חיה-פועל	חיה	דברים ל:יט		`הַעִידֹתִי בָכֶם הַיּוֹם אֶת הַשָּׁמַיִם וְאֶת הָאָרֶץ הַחַיִּים וְהַמָּוֶת נָתַתִּי לְפָנֶיךָ הַבְּרָכָה וְהַקְּלָלָה וּבָחַרְתָּ בַּחַיִּים לְמַעַן תִּחְיֶה אַתָּה וְזַרְעֶךָ` (דברים ל:יט)
556	23	רוח	רוח	מיכה ב:יא		`לוּ אִישׁ הֹלֵךְ רוּחַ וָשֶׁקֶר כִּזֵּב אַטִּף לְךָ לַיַּיִן וְלַשֵּׁכָר וְהָיָה מַטִּיף הָעָם הַזֶּה` (מיכה ב:יא)
557	23	אדם	אדם	יחזקאל כט:ח		`לָכֵן כֹּה אָמַר אֲדֹנָי יְהוִה הִנְנִי מֵבִיא עָלַיִךְ חָרֶב וְהִכְרַתִּי מִמֵּךְ אָדָם וּבְהֵמָה` (יחזקאל כט:ח)
558	23	נפש	נפש	במדבר יט:יג		`כָּל הַנֹּגֵעַ בְּמֵת בְּנֶפֶשׁ הָאָדָם אֲשֶׁר יָמוּת וְלֹא יִתְחַטָּא אֶת מִשְׁכַּן יְהוָה טִמֵּא וְנִכְרְתָה הַנֶּפֶשׁ הַהִוא מִיִּשְׂרָאֵל כִּי מֵי נִדָּה לֹא זֹרַק עָלָיו טָמֵא יִהְיֶה עוֹד טֻמְאָתוֹ בוֹ` (במדבר יט:יג)
559	23	נפש	נפש	דברי-הימים-ב א:יא		`וַיֹּאמֶר אֱלֹהִים לִשְׁלֹמֹה יַעַן אֲשֶׁר הָיְתָה זֹאת עִם לְבָבֶךָ וְלֹא שָׁאַלְתָּ עֹשֶׁר נְכָסִים וְכָבוֹד וְאֵת נֶפֶשׁ שֹׂנְאֶיךָ וְגַם יָמִים רַבִּים לֹא שָׁאָלְתָּ וַתִּשְׁאַל לְךָ חָכְמָה וּמַדָּע אֲשֶׁר תִּשְׁפּוֹט אֶת עַמִּי אֲשֶׁר הִמְלַכְתִּיךָ עָלָיו` (דברי-הימים-ב א:יא)
560	23	חיים	חיים	משלי יב:כח		`בְּאֹרַח צְדָקָה חַיִּים וְדֶרֶךְ נְתִיבָה אַל מָוֶת` (משלי יב:כח)
561	23	נפש	נפש	תהילים ע:ב		`יֵבֹשׁוּ וְיַחְפְּרוּ מְבַקְשֵׁי נַפְשִׁי יִסֹּגוּ אָחוֹר וְיִכָּלְמוּ חֲפֵצֵי רָעָתִי` (תהילים ע:ב)
562	23	נפש	נפש	שמואל-א כח:ט		`וַתֹּאמֶר הָאִשָּׁה אֵלָיו הִנֵּה אַתָּה יָדַעְתָּ אֵת אֲשֶׁר עָשָׂה שָׁאוּל אֲשֶׁר הִכְרִית אֶת הָאֹבוֹת וְאֶת הַיִּדְּעֹנִי מִן הָאָרֶץ וְלָמָה אַתָּה מִתְנַקֵּשׁ בְּנַפְשִׁי לַהֲמִיתֵנִי` (שמואל-א כח:ט)
563	23	חיה-פועל	חיה	מלכים-ב ח:י		`וַיֹּאמֶר אֵלָיו אֱלִישָׁע לֵךְ אֱמָר לֹא חָיֹה תִחְיֶה וְהִרְאַנִי יְהוָה כִּי מוֹת יָמוּת` (מלכים-ב ח:י)
564	23	אדם	אדם	יחזקאל לו:א		`וְאַתָּה בֶן אָדָם הִנָּבֵא אֶל הָרֵי יִשְׂרָאֵל וְאָמַרְתָּ הָרֵי יִשְׂרָאֵל שִׁמְעוּ דְּבַר יְהוָה` (יחזקאל לו:א)
565	23	איש-אשה	איש	שמואל-א יא:ח		`וַיִּפְקְדֵם בְּבָזֶק וַיִּהְיוּ בְנֵי יִשְׂרָאֵל שְׁלֹשׁ מֵאוֹת אֶלֶף וְאִישׁ יְהוּדָה שְׁלֹשִׁים אָלֶף` (שמואל-א יא:ח)
566	23	אדם	אדם	משלי טו:כ		`בֵּן חָכָם יְשַׂמַּח אָב וּכְסִיל אָדָם בּוֹזֶה אִמּוֹ` (משלי טו:כ)
567	23	רוח	רוח	יחזקאל מב:יח		`אֵת רוּחַ הַדָּרוֹם מָדָד חֲמֵשׁ מֵאוֹת קָנִים בִּקְנֵה הַמִּדָּה` (יחזקאל מב:יח)
568	23	לב-לבב	לב	משלי כז:יט		`כַּמַּיִם הַפָּנִים לַפָּנִים כֵּן לֵב הָאָדָם לָאָדָם` (משלי כז:יט)
569	23	חיה-פועל	חיה	בראשית יא:כב		`וַיְחִי שְׂרוּג שְׁלֹשִׁים שָׁנָה וַיּוֹלֶד אֶת נָחוֹר` (בראשית יא:כב)
570	23	חיה-פועל	חיה	קהלת ו:ו		`וְאִלּוּ חָיָה אֶלֶף שָׁנִים פַּעֲמַיִם וְטוֹבָה לֹא רָאָה הֲלֹא אֶל מָקוֹם אֶחָד הַכֹּל הוֹלֵךְ` (קהלת ו:ו)
571	23	חיים	חיים	תהילים קג:ד		`הַגּוֹאֵל מִשַּׁחַת חַיָּיְכִי הַמְעַטְּרֵכִי חֶסֶד וְרַחֲמִים` (תהילים קג:ד)
572	23	נפש	נפש	משלי ו:כו		`כִּי בְעַד אִשָּׁה זוֹנָה עַד כִּכַּר לָחֶם וְאֵשֶׁת אִישׁ נֶפֶשׁ יְקָרָה תָצוּד` (משלי ו:כו)
573	23	נפש	נפש	דברים כד:טו		`בְּיוֹמוֹ תִתֵּן שְׂכָרוֹ וְלֹא תָבוֹא עָלָיו הַשֶּׁמֶשׁ כִּי עָנִי הוּא וְאֵלָיו הוּא נֹשֵׂא אֶת נַפְשׁוֹ וְלֹא יִקְרָא עָלֶיךָ אֶל יְהוָה וְהָיָה בְךָ חֵטְא` (דברים כד:טו)
574	23	רוח	רוח	יחזקאל ח:ג		`וַיִּשְׁלַח תַּבְנִית יָד וַיִּקָּחֵנִי בְּצִיצִת רֹאשִׁי וַתִּשָּׂא אֹתִי רוּחַ בֵּין הָאָרֶץ וּבֵין הַשָּׁמַיִם וַתָּבֵא אֹתִי יְרוּשָׁלְַמָה בְּמַרְאוֹת אֱלֹהִים אֶל פֶּתַח שַׁעַר הַפְּנִימִית הַפּוֹנֶה צָפוֹנָה אֲשֶׁר שָׁם מוֹשַׁב סֵמֶל הַקִּנְאָה הַמַּקְנֶה` (יחזקאל ח:ג)
575	23	חיה-פועל	חיה	איוב מב:טז		`וַיְחִי אִיּוֹב אַחֲרֵי זֹאת מֵאָה וְאַרְבָּעִים שָׁנָה וַיַּרְא אֶת בָּנָיו וְאֶת בְּנֵי בָנָיו אַרְבָּעָה דֹּרוֹת` (איוב מב:טז)
576	24	נפש	נפש	ישעיהו ג:ט		`הַכָּרַת פְּנֵיהֶם עָנְתָה בָּם וְחַטָּאתָם כִּסְדֹם הִגִּידוּ לֹא כִחֵדוּ אוֹי לְנַפְשָׁם כִּי גָמְלוּ לָהֶם רָעָה` (ישעיהו ג:ט)
577	24	נפש	נפש	תהילים קל:ו		`נַפְשִׁי לַאדֹנָי מִשֹּׁמְרִים לַבֹּקֶר שֹׁמְרִים לַבֹּקֶר` (תהילים קל:ו)
578	24	חיים	חיים	דברי-הימים-ב ו:לא		`לְמַעַן יִירָאוּךָ לָלֶכֶת בִּדְרָכֶיךָ כָּל הַיָּמִים אֲשֶׁר הֵם חַיִּים עַל פְּנֵי הָאֲדָמָה אֲשֶׁר נָתַתָּה לַאֲבֹתֵינוּ` (דברי-הימים-ב ו:לא)
579	24	נפש	נפש	ישעיהו כט:ח		`וְהָיָה כַּאֲשֶׁר יַחֲלֹם הָרָעֵב וְהִנֵּה אוֹכֵל וְהֵקִיץ וְרֵיקָה נַפְשׁוֹ וְכַאֲשֶׁר יַחֲלֹם הַצָּמֵא וְהִנֵּה שֹׁתֶה וְהֵקִיץ וְהִנֵּה עָיֵף וְנַפְשׁוֹ שׁוֹקֵקָה כֵּן יִהְיֶה הֲמוֹן כָּל הַגּוֹיִם הַצֹּבְאִים עַל הַר צִיּוֹן` (ישעיהו כט:ח)
580	24	אדם	אדם	דניאל ח:יז		`וַיָּבֹא אֵצֶל עָמְדִי וּבְבֹאוֹ נִבְעַתִּי וָאֶפְּלָה עַל פָּנָי וַיֹּאמֶר אֵלַי הָבֵן בֶּן אָדָם כִּי לְעֶת קֵץ הֶחָזוֹן` (דניאל ח:יז)
581	24	נפש	נפש	דברים ל:י		`כִּי תִשְׁמַע בְּקוֹל יְהוָה אֱלֹהֶיךָ לִשְׁמֹר מִצְוֺתָיו וְחֻקֹּתָיו הַכְּתוּבָה בְּסֵפֶר הַתּוֹרָה הַזֶּה כִּי תָשׁוּב אֶל יְהוָה אֱלֹהֶיךָ בְּכָל לְבָבְךָ וּבְכָל נַפְשֶׁךָ` (דברים ל:י)
582	24	חיים	חיים	תהילים קמו:ב	1179	`אֲהַלְלָה יְהוָה בְּחַיָּי אֲזַמְּרָה לֵאלֹהַי בְּעוֹדִי` (תהילים קמו:ב)
583	24	איש-אשה	אשה	משלי יט:יג		`הַוֺּת לְאָבִיו בֵּן כְּסִיל וְדֶלֶף טֹרֵד מִדְיְנֵי אִשָּׁה` (משלי יט:יג)
584	24	נפש	נפש	שופטים יח:כה	348	`וַיֹּאמְרוּ אֵלָיו בְּנֵי דָן אַל תַּשְׁמַע קוֹלְךָ עִמָּנוּ פֶּן יִפְגְּעוּ בָכֶם אֲנָשִׁים מָרֵי נֶפֶשׁ וְאָסַפְתָּה נַפְשְׁךָ וְנֶפֶשׁ בֵּיתֶךָ` (שופטים יח:כה)
585	24	רוח	רוח	תהילים לג:ו		`בִּדְבַר יְהוָה שָׁמַיִם נַעֲשׂוּ וּבְרוּחַ פִּיו כָּל צְבָאָם` (תהילים לג:ו)
586	24	נפש	נפש	דברים כג:כד		`כִּי תָבֹא בְּכֶרֶם רֵעֶךָ וְאָכַלְתָּ עֲנָבִים כְּנַפְשְׁךָ שָׂבְעֶךָ וְאֶל כֶּלְיְךָ לֹא תִתֵּן` (דברים כג:כד)
587	24	נפש	נפש	ויקרא כד:יז		`וְאִישׁ כִּי יַכֶּה כָּל נֶפֶשׁ אָדָם מוֹת יוּמָת` (ויקרא כד:יז)
588	24	נפש	נפש	תהילים סג:ה		`כְּמוֹ חֵלֶב וָדֶשֶׁן תִּשְׂבַּע נַפְשִׁי וְשִׂפְתֵי רְנָנוֹת יְהַלֶּל פִּי` (תהילים סג:ה)
589	24	נפש	נפש	במדבר טז:לח		`אֵת מַחְתּוֹת הַחַטָּאִים הָאֵלֶּה בְּנַפְשֹׁתָם וְעָשׂוּ אֹתָם רִקֻּעֵי פַחִים צִפּוּי לַמִּזְבֵּחַ כִּי הִקְרִיבֻם לִפְנֵי יְהוָה וַיִּקְדָּשׁוּ וְיִהְיוּ לְאוֹת לִבְנֵי יִשְׂרָאֵל` (במדבר טז:לח)
590	24	נפש	נפש	שמואל-ב יח:יג		`אוֹ עָשִׂיתִי בְנַפְשׁוֹ שֶׁקֶר וְכָל דָּבָר לֹא יִכָּחֵד מִן הַמֶּלֶךְ וְאַתָּה תִּתְיַצֵּב מִנֶּגֶד` (שמואל-ב יח:יג)
591	24	חיים	חיים	דברים לא:יג		`וּבְנֵיהֶם אֲשֶׁר לֹא יָדְעוּ יִשְׁמְעוּ וְלָמְדוּ לְיִרְאָה אֶת יְהוָה אֱלֹהֵיכֶם כָּל הַיָּמִים אֲשֶׁר אַתֶּם חַיִּים עַל הָאֲדָמָה אֲשֶׁר אַתֶּם עֹבְרִים אֶת הַיַּרְדֵּן שָׁמָּה לְרִשְׁתָּהּ` (דברים לא:יג)
592	24	נפש	נפש	ירמיהו ה:כט		`הַעַל אֵלֶּה לֹא אֶפְקֹד נְאֻם יְהֹוָה אִם בְּגוֹי אֲשֶׁר כָּזֶה לֹא תִתְנַקֵּם נַפְשִׁי` (ירמיהו ה:כט)
593	24	לב-לבב	לב	ישעיהו סג:ד		`כִּי יוֹם נָקָם בְּלִבִּי וּשְׁנַת גְּאוּלַי בָּאָה` (ישעיהו סג:ד)
594	24	נפש	נפש	שופטים י:טז		`וַיָּסִירוּ אֶת אֱלֹהֵי הַנֵּכָר מִקִּרְבָּם וַיַּעַבְדוּ אֶת יְהוָה וַתִּקְצַר נַפְשׁוֹ בַּעֲמַל יִשְׂרָאֵל` (שופטים י:טז)
595	24	נפש	נפש	בראשית א:כד		`וַיֹּאמֶר אֱלֹהִים תּוֹצֵא הָאָרֶץ נֶפֶשׁ חַיָּה לְמִינָהּ בְּהֵמָה וָרֶמֶשׂ וְחַיְתוֹ אֶרֶץ לְמִינָהּ וַיְהִי כֵן` (בראשית א:כד)
596	24	נפש	נפש	חבקוק ב:י		`יָעַצְתָּ בֹּשֶׁת לְבֵיתֶךָ קְצוֹת עַמִּים רַבִּים וְחוֹטֵא נַפְשֶׁךָ` (חבקוק ב:י)
597	24	לב-לבב	לב	דברי-הימים-א כט:ט		`וַיִּשְׂמְחוּ הָעָם עַל הִתְנַדְּבָם כִּי בְּלֵב שָׁלֵם הִתְנַדְּבוּ לַיהוָה וְגַם דָּוִיד הַמֶּלֶךְ שָׂמַח שִׂמְחָה גְדוֹלָה` (דברי-הימים-א כט:ט)
598	24	אדם	אדם	תהילים צ:ג		`תָּשֵׁב אֱנוֹשׁ עַד דַּכָּא וַתֹּאמֶר שׁוּבוּ בְנֵי אָדָם` (תהילים צ:ג)
599	24	נפש	נפש	תהילים סו:טז		`לְכוּ שִׁמְעוּ וַאֲסַפְּרָה כָּל יִרְאֵי אֱלֹהִים אֲשֶׁר עָשָׂה לְנַפְשִׁי` (תהילים סו:טז)
600	24	נפש	נפש	דברים יא:יח		`וְשַׂמְתֶּם אֶת דְּבָרַי אֵלֶּה עַל לְבַבְכֶם וְעַל נַפְשְׁכֶם וּקְשַׁרְתֶּם אֹתָם לְאוֹת עַל יֶדְכֶם וְהָיוּ לְטוֹטָפֹת בֵּין עֵינֵיכֶם` (דברים יא:יח)
601	25	חיה-פועל	חיה	ויקרא כה:לו		`אַל תִּקַּח מֵאִתּוֹ נֶשֶׁךְ וְתַרְבִּית וְיָרֵאתָ מֵאֱלֹהֶיךָ וְחֵי אָחִיךָ עִמָּךְ` (ויקרא כה:לו)
602	25	איש-אשה	איש	יחזקאל מ:ד		`וַיְדַבֵּר אֵלַי הָאִישׁ בֶּן אָדָם רְאֵה בְעֵינֶיךָ וּבְאָזְנֶיךָ שְּׁמָע וְשִׂים לִבְּךָ לְכֹל אֲשֶׁר אֲנִי מַרְאֶה אוֹתָךְ כִּי לְמַעַן הַרְאוֹתְכָה הֻבָאתָה הֵנָּה הַגֵּד אֶת כָּל אֲשֶׁר אַתָּה רֹאֶה לְבֵית יִשְׂרָאֵל` (יחזקאל מ:ד)
603	25	חיים	חיים	שמואל-ב טו:כא		`וַיַּעַן אִתַּי אֶת הַמֶּלֶךְ וַיֹּאמַר חַי יְהוָה וְחֵי אֲדֹנִי הַמֶּלֶךְ כִּי אִם בִּמְקוֹם אֲשֶׁר יִהְיֶה שָּׁם אֲדֹנִי הַמֶּלֶךְ אִם לְמָוֶת אִם לְחַיִּים כִּי שָׁם יִהְיֶה עַבְדֶּךָ` (שמואל-ב טו:כא)
604	25	נפש	נפש	דברים ד:כט		`וּבִקַּשְׁתֶּם מִשָּׁם אֶת יְהוָה אֱלֹהֶיךָ וּמָצָאתָ כִּי תִדְרְשֶׁנּוּ בְּכָל לְבָבְךָ וּבְכָל נַפְשֶׁךָ` (דברים ד:כט)
605	25	נפש	נפש	ויקרא כו:טז		`אַף אֲנִי אֶעֱשֶׂה זֹּאת לָכֶם וְהִפְקַדְתִּי עֲלֵיכֶם בֶּהָלָה אֶת הַשַּׁחֶפֶת וְאֶת הַקַּדַּחַת מְכַלּוֹת עֵינַיִם וּמְדִיבֹת נָפֶשׁ וּזְרַעְתֶּם לָרִיק זַרְעֲכֶם וַאֲכָלֻהוּ אֹיְבֵיכֶם` (ויקרא כו:טז)
606	25	נפש	נפש	יחזקאל כד:כא		`אֱמֹר לְבֵית יִשְׂרָאֵל כֹּה אָמַר אֲדֹנָי יְהוִה הִנְנִי מְחַלֵּל אֶת מִקְדָּשִׁי גְּאוֹן עֻזְּכֶם מַחְמַד עֵינֵיכֶם וּמַחְמַל נַפְשְׁכֶם וּבְנֵיכֶם וּבְנוֹתֵיכֶם אֲשֶׁר עֲזַבְתֶּם בַּחֶרֶב יִפֹּלוּ` (יחזקאל כד:כא)
607	25	חיה-פועל	חיה	מלכים-ב יא:יב		`וַיּוֹצִא אֶת בֶּן הַמֶּלֶךְ וַיִּתֵּן עָלָיו אֶת הַנֵּזֶר וְאֶת הָעֵדוּת וַיַּמְלִכוּ אֹתוֹ וַיִּמְשָׁחֻהוּ וַיַּכּוּ כָף וַיֹּאמְרוּ יְחִי הַמֶּלֶךְ` (מלכים-ב יא:יב)
608	25	נפש	נפש	משלי כח:יז		`אָדָם עָשֻׁק בְּדַם נָפֶשׁ עַד בּוֹר יָנוּס אַל יִתְמְכוּ בוֹ` (משלי כח:יז)
609	25	אדם	אדם	תהילים לט:יא		`בְּתוֹכָחוֹת עַל עָוֺן יִסַּרְתָּ אִישׁ וַתֶּמֶס כָּעָשׁ חֲמוּדוֹ אַךְ הֶבֶל כָּל אָדָם סֶלָה` (תהילים לט:יא)
610	25	חיה-פועל	חיה	בראשית ה:ה		`וַיִּהְיוּ כָּל יְמֵי אָדָם אֲשֶׁר חַי תְּשַׁע מֵאוֹת שָׁנָה וּשְׁלֹשִׁים שָׁנָה וַיָּמֹת` (בראשית ה:ה)
611	25	חיים	חיים	במדבר יט:יז		`וְלָקְחוּ לַטָּמֵא מֵעֲפַר שְׂרֵפַת הַחַטָּאת וְנָתַן עָלָיו מַיִם חַיִּים אֶל כֶּלִי` (במדבר יט:יז)
612	25	נפש	נפש	שמואל-א יט:יא		`וַיִּשְׁלַח שָׁאוּל מַלְאָכִים אֶל בֵּית דָּוִד לְשָׁמְרוֹ וְלַהֲמִיתוֹ בַּבֹּקֶר וַתַּגֵּד לְדָוִד מִיכַל אִשְׁתּוֹ לֵאמֹר אִם אֵינְךָ מְמַלֵּט אֶת נַפְשְׁךָ הַלַּיְלָה מָחָר אַתָּה מוּמָת` (שמואל-א יט:יא)
613	25	נפש	נפש	בראשית א:כ		`וַיֹּאמֶר אֱלֹהִים יִשְׁרְצוּ הַמַּיִם שֶׁרֶץ נֶפֶשׁ חַיָּה וְעוֹף יְעוֹפֵף עַל הָאָרֶץ עַל פְּנֵי רְקִיעַ הַשָּׁמָיִם` (בראשית א:כ)
614	25	אדם	אדם	תהילים פד:יב		`יְהוָה צְבָאוֹת אַשְׁרֵי אָדָם בֹּטֵחַ בָּךְ` (תהילים פד:יב)
615	25	חיים	חיים	דניאל יב:ב		`וְרַבִּים מִיְּשֵׁנֵי אַדְמַת עָפָר יָקִיצוּ אֵלֶּה לְחַיֵּי עוֹלָם וְאֵלֶּה לַחֲרָפוֹת לְדִרְאוֹן עוֹלָם` (דניאל יב:ב)
616	25	נפש	נפש	דברי-הימים-א ה:כא		`וַיִּשְׁבּוּ מִקְנֵיהֶם גְּמַלֵּיהֶם חֲמִשִּׁים אֶלֶף וְצֹאן מָאתַיִם וַחֲמִשִּׁים אֶלֶף וַחֲמוֹרִים אַלְפָּיִם וְנֶפֶשׁ אָדָם מֵאָה אָלֶף` (דברי-הימים-א ה:כא)
617	25	נפש	נפש	יחזקאל כד:כה		`וְאַתָּה בֶן אָדָם הֲלוֹא בְּיוֹם קַחְתִּי מֵהֶם אֶת מָעוּזָּם מְשׂוֹשׂ תִּפְאַרְתָּם אֶת מַחְמַד עֵינֵיהֶם וְאֶת מַשָּׂא נַפְשָׁם בְּנֵיהֶם וּבְנוֹתֵיהֶם` (יחזקאל כד:כה)
618	25	אדם	אדם	שמות יג:ב	453	`קַדֶּשׁ לִי כָל בְּכוֹר פֶּטֶר כָּל רֶחֶם בִּבְנֵי יִשְׂרָאֵל בָּאָדָם וּבַבְּהֵמָה לִי הוּא` (שמות יג:ב)
619	25	נפש	נפש	בראשית כג:ח		`וַיְדַבֵּר אִתָּם לֵאמֹר אִם יֵשׁ אֶת נַפְשְׁכֶם לִקְבֹּר אֶת מֵתִי מִלְּפָנַי שְׁמָעוּנִי וּפִגְעוּ לִי בְּעֶפְרוֹן בֶּן צֹחַר` (בראשית כג:ח)
620	25	נפש	נפש	תהילים פו:ד		`שַׂמֵּחַ נֶפֶשׁ עַבְדֶּךָ כִּי אֵלֶיךָ אֲדֹנָי נַפְשִׁי אֶשָּׂא` (תהילים פו:ד)
621	25	חיה-פועל	חיה	דברים ו:כד		`וַיְצַוֵּנוּ יְהוָה לַעֲשׂוֹת אֶת כָּל הַחֻקִּים הָאֵלֶּה לְיִרְאָה אֶת יְהוָה אֱלֹהֵינוּ לְטוֹב לָנוּ כָּל הַיָּמִים לְחַיֹּתֵנוּ כְּהַיּוֹם הַזֶּה` (דברים ו:כד)
622	25	לב-לבב	לב	תהילים קיט:קיב		`נָטִיתִי לִבִּי לַעֲשׂוֹת חֻקֶּיךָ לְעוֹלָם עֵקֶב` (תהילים קיט:קיב)
623	25	חיים	חיים	בראשית מז:כח		`וַיְחִי יַעֲקֹב בְּאֶרֶץ מִצְרַיִם שְׁבַע עֶשְׂרֵה שָׁנָה וַיְהִי יְמֵי יַעֲקֹב שְׁנֵי חַיָּיו שֶׁבַע שָׁנִים וְאַרְבָּעִים וּמְאַת שָׁנָה` (בראשית מז:כח)
624	25	חיים	חיים	יחזקאל לב:לב		`כִּי נָתַתִּי אֶת חִתִּיתוֹ בְּאֶרֶץ חַיִּים וְהֻשְׁכַּב בְּתוֹךְ עֲרֵלִים אֶת חַלְלֵי חֶרֶב פַּרְעֹה וְכָל הֲמוֹנֹה נְאֻם אֲדֹנָי יְהוִה` (יחזקאל לב:לב)
625	25	לב-לבב	לב	תהילים כז:יד		`קַוֵּה אֶל יְהוָה חֲזַק וְיַאֲמֵץ לִבֶּךָ וְקַוֵּה אֶל יְהוָה` (תהילים כז:יד)
626	26	איש-אשה	איש	זכריה ח:יז	292	`וְאִישׁ אֶת רָעַת רֵעֵהוּ אַל תַּחְשְׁבוּ בִּלְבַבְכֶם וּשְׁבֻעַת שֶׁקֶר אַל תֶּאֱהָבוּ כִּי אֶת כָּל אֵלֶּה אֲשֶׁר שָׂנֵאתִי נְאֻם יְהוָה` (זכריה ח:יז)
627	26	נפש	נפש	מלכים-ב ב:ב		`וַיֹּאמֶר אֵלִיָּהוּ אֶל אֱלִישָׁע שֵׁב נָא פֹה כִּי יְהוָה שְׁלָחַנִי עַד בֵּית אֵל וַיֹּאמֶר אֱלִישָׁע חַי יְהוָה וְחֵי נַפְשְׁךָ אִם אֶעֶזְבֶךָּ וַיֵּרְדוּ בֵּית אֵל` (מלכים-ב ב:ב)
628	26	נפש	נפש	בראשית מו:כה		`אֵלֶּה בְּנֵי בִלְהָה אֲשֶׁר נָתַן לָבָן לְרָחֵל בִּתּוֹ וַתֵּלֶד אֶת אֵלֶּה לְיַעֲקֹב כָּל נֶפֶשׁ שִׁבְעָה` (בראשית מו:כה)
629	26	נפש	נפש	תהילים כה:כ		`שָׁמְרָה נַפְשִׁי וְהַצִּילֵנִי אַל אֵבוֹשׁ כִּי חָסִיתִי בָךְ` (תהילים כה:כ)
630	26	נפש	נפש	ישעיהו נא:כג		`וְשַׂמְתִּיהָ בְּיַד מוֹגַיִךְ אֲשֶׁר אָמְרוּ לְנַפְשֵׁךְ שְׁחִי וְנַעֲבֹרָה וַתָּשִׂימִי כָאָרֶץ גֵּוֵךְ וְכַחוּץ לַעֹבְרִים` (ישעיהו נא:כג)
631	26	נפש	נפש	שמואל-א א:י		`וְהִיא מָרַת נָפֶשׁ וַתִּתְפַּלֵּל עַל יְהוָה וּבָכֹה תִבְכֶּה` (שמואל-א א:י)
632	26	נפש	נפש	קהלת ז:כח		`אֲשֶׁר עוֹד בִּקְשָׁה נַפְשִׁי וְלֹא מָצָאתִי אָדָם אֶחָד מֵאֶלֶף מָצָאתִי וְאִשָּׁה בְכָל אֵלֶּה לֹא מָצָאתִי` (קהלת ז:כח)
633	26	רוח	רוח	מלאכי ב:טז	1573	`כִּי שָׂנֵא שַׁלַּח אָמַר יְהוָה אֱלֹהֵי יִשְׂרָאֵל וְכִסָּה חָמָס עַל לְבוּשׁוֹ אָמַר יְהוָה צְבָאוֹת וְנִשְׁמַרְתֶּם בְּרוּחֲכֶם וְלֹא תִבְגֹּדוּ` (מלאכי ב:טז)
634	26	לב-לבב	לב	משלי כג:יב		`הָבִיאָה לַמּוּסָר לִבֶּךָ וְאָזְנֶךָ לְאִמְרֵי דָעַת` (משלי כג:יב)
635	26	אדם	אדם	ישעיהו ב:יא		`עֵינֵי גַּבְהוּת אָדָם שָׁפֵל וְשַׁח רוּם אֲנָשִׁים וְנִשְׂגַּב יְהוָה לְבַדּוֹ בַּיּוֹם הַהוּא` (ישעיהו ב:יא)
636	26	חיים	חיים	במדבר טז:מח		`וַיַּעֲמֹד בֵּין הַמֵּתִים וּבֵין הַחַיִּים וַתֵּעָצַר הַמַּגֵּפָה` (במדבר טז:מח)
637	26	לב-לבב	לב	משלי ב:ב		`לְהַקְשִׁיב לַחָכְמָה אָזְנֶךָ תַּטֶּה לִבְּךָ לַתְּבוּנָה` (משלי ב:ב)
638	26	נפש	נפש	משלי יא:ל		`פְּרִי צַדִּיק עֵץ חַיִּים וְלֹקֵחַ נְפָשׂוֹת חָכָם` (משלי יא:ל)
639	26	רוח	רוח	הושע ח:ז		`כִּי רוּחַ יִזְרָעוּ וְסוּפָתָה יִקְצֹרוּ קָמָה אֵין לוֹ צֶמַח בְּלִי יַעֲשֶׂה קֶּמַח אוּלַי יַעֲשֶׂה זָרִים יִבְלָעֻהוּ` (הושע ח:ז)
640	26	אדם	אדם	שמואל-א טו:כט		`וְגַם נֵצַח יִשְׂרָאֵל לֹא יְשַׁקֵּר וְלֹא יִנָּחֵם כִּי לֹא אָדָם הוּא לְהִנָּחֵם` (שמואל-א טו:כט)
641	26	איש-אשה	אשה	נחום ג:יג		`הִנֵּה עַמֵּךְ נָשִׁים בְּקִרְבֵּךְ לְאֹיְבַיִךְ פָּתוֹחַ נִפְתְּחוּ שַׁעֲרֵי אַרְצֵךְ אָכְלָה אֵשׁ בְּרִיחָיִך` (נחום ג:יג)
642	26	נפש	נפש	ויקרא ד:כז		`וְאִם נֶפֶשׁ אַחַת תֶּחֱטָא בִשְׁגָגָה מֵעַם הָאָרֶץ בַּעֲשֹׂתָהּ אַחַת מִמִּצְוֺת יְהוָה אֲשֶׁר לֹא תֵעָשֶׂינָה וְאָשֵׁם` (ויקרא ד:כז)
643	26	נפש	נפש	קהלת ו:ז		`כָּל עֲמַל הָאָדָם לְפִיהוּ וְגַם הַנֶּפֶשׁ לֹא תִמָּלֵא` (קהלת ו:ז)
644	26	חיים	חיים	בראשית ג:יז		`וּלְאָדָם אָמַר כִּי שָׁמַעְתָּ לְקוֹל אִשְׁתֶּךָ וַתֹּאכַל מִן הָעֵץ אֲשֶׁר צִוִּיתִיךָ לֵאמֹר לֹא תֹאכַל מִמֶּנּוּ אֲרוּרָה הָאֲדָמָה בַּעֲבוּרֶךָ בְּעִצָּבוֹן תֹּאכֲלֶנָּה כֹּל יְמֵי חַיֶּיךָ` (בראשית ג:יז)
645	26	אדם	אדם	תהילים קד:יד	1435	`מַצְמִיחַ חָצִיר לַבְּהֵמָה וְעֵשֶׂב לַעֲבֹדַת הָאָדָם לְהוֹצִיא לֶחֶם מִן הָאָרֶץ` (תהילים קד:יד)
646	26	נפש	נפש	תהילים קיט:קט		`נַפְשִׁי בְכַפִּי תָמִיד וְתוֹרָתְךָ לֹא שָׁכָחְתִּי` (תהילים קיט:קט)
647	26	איש-אשה	איש	משלי טז:ב		`כָּל דַּרְכֵי אִישׁ זַךְ בְּעֵינָיו וְתֹכֵן רוּחוֹת יְהוָה` (משלי טז:ב)
648	26	אדם	אדם	ישעיהו כב:ו		`וְעֵילָם נָשָׂא אַשְׁפָּה בְּרֶכֶב אָדָם פָּרָשִׁים וְקִיר עֵרָה מָגֵן` (ישעיהו כב:ו)
649	26	חיים	חיים	ישעיהו לח:יב		`דּוֹרִי נִסַּע וְנִגְלָה מִנִּי כְּאֹהֶל רֹעִי קִפַּדְתִּי כָאֹרֵג חַיַּי מִדַּלָּה יְבַצְּעֵנִי מִיּוֹם עַד לַיְלָה תַּשְׁלִימֵנִי` (ישעיהו לח:יב)
650	26	נפש	נפש	בראשית כז:יט		`וַיֹּאמֶר יַעֲקֹב אֶל אָבִיו אָנֹכִי עֵשָׂו בְּכֹרֶךָ עָשִׂיתִי כַּאֲשֶׁר דִּבַּרְתָּ אֵלָי קוּם נָא שְׁבָה וְאָכְלָה מִצֵּידִי בַּעֲבוּר תְּבָרֲכַנִּי נַפְשֶׁךָ` (בראשית כז:יט)
651	27	חיים	חיים	בראשית ו:יז		`וַאֲנִי הִנְנִי מֵבִיא אֶת הַמַּבּוּל מַיִם עַל הָאָרֶץ לְשַׁחֵת כָּל בָּשָׂר אֲשֶׁר בּוֹ רוּחַ חַיִּים מִתַּחַת הַשָּׁמָיִם כֹּל אֲשֶׁר בָּאָרֶץ יִגְוָע` (בראשית ו:יז)
652	27	חיים	חיים	שמואל-ב יט:לד		`וַיֹּאמֶר בַּרְזִלַּי אֶל הַמֶּלֶךְ כַּמָּה יְמֵי שְׁנֵי חַיַּי כִּי אֶעֱלֶה אֶת הַמֶּלֶךְ יְרוּשָׁלִָם` (שמואל-ב יט:לד)
653	27	נפש	נפש	דברים כז:כה		`אָרוּר לֹקֵחַ שֹׁחַד לְהַכּוֹת נֶפֶשׁ דָּם נָקִי וְאָמַר כָּל הָעָם אָמֵן` (דברים כז:כה)
654	27	איש-אשה	אשה	דברי-הימים-ב יא:כא		`וַיֶּאֱהַב רְחַבְעָם אֶת מַעֲכָה בַת אַבְשָׁלוֹם מִכָּל נָשָׁיו וּפִילַגְשָׁיו כִּי נָשִׁים שְׁמוֹנֶה עֶשְׂרֵה נָשָׂא וּפִילַגְשִׁים שִׁשִּׁים וַיּוֹלֶד עֶשְׂרִים וּשְׁמוֹנָה בָּנִים וְשִׁשִּׁים בָּנוֹת` (דברי-הימים-ב יא:כא)
655	27	נפש	נפש	הושע ד:ח		`חַטַּאת עַמִּי יֹאכֵלוּ וְאֶל עֲוֺנָם יִשְׂאוּ נַפְשׁוֹ` (הושע ד:ח)
656	27	נפש	נפש	ירמיהו ב:כד	1590	`פֶּרֶה לִמֻּד מִדְבָּר בְּאַוַּת נַפְשׁוֹ שָׁאֲפָה רוּחַ תַּאֲנָתָהּ מִי יְשִׁיבֶנָּה כָּל מְבַקְשֶׁיהָ לֹא יִיעָפוּ בְּחָדְשָׁהּ יִמְצָאוּנְהָ` (ירמיהו ב:כד)
657	27	נפש	נפש	ירמיהו ט:ט		`הַעַל אֵלֶּה לֹא אֶפְקָד בָּם נְאֻם יְהוָה אִם בְּגוֹי אֲשֶׁר כָּזֶה לֹא תִתְנַקֵּם נַפְשִׁי` (ירמיהו ט:ט)
658	27	איש-אשה	איש	יחזקאל י:ו		`וַיְהִי בְּצַוֺּתוֹ אֶת הָאִישׁ לְבֻשׁ הַבַּדִּים לֵאמֹר קַח אֵשׁ מִבֵּינוֹת לַגַּלְגַּל מִבֵּינוֹת לַכְּרוּבִים וַיָּבֹא וַיַּעֲמֹד אֵצֶל הָאוֹפָן` (יחזקאל י:ו)
659	27	נפש	נפש	שמות ל:טו		`הֶעָשִׁיר לֹא יַרְבֶּה וְהַדַּל לֹא יַמְעִיט מִמַּחֲצִית הַשָּׁקֶל לָתֵת אֶת תְּרוּמַת יְהוָה לְכַפֵּר עַל נַפְשֹׁתֵיכֶם` (שמות ל:טו)
660	27	נפש	נפש	ירמיהו ו:טז		`כֹּה אָמַר יְהוָה עִמְדוּ עַל דְּרָכִים וּרְאוּ וְשַׁאֲלוּ לִנְתִבוֹת עוֹלָם אֵי זֶה דֶרֶךְ הַטּוֹב וּלְכוּ בָהּ וּמִצְאוּ מַרְגּוֹעַ לְנַפְשְׁכֶם וַיֹּאמְרוּ לֹא נֵלֵךְ` (ירמיהו ו:טז)
661	27	נפש	נפש	שמואל-ב יד:יט		`וַיֹּאמֶר הַמֶּלֶךְ הֲיַד יוֹאָב אִתָּךְ בְּכָל זֹאת וַתַּעַן הָאִשָּׁה וַתֹּאמֶר חֵי נַפְשְׁךָ אֲדֹנִי הַמֶּלֶךְ אִם אִשׁ לְהֵמִין וּלְהַשְׂמִיל מִכֹּל אֲשֶׁר דִּבֶּר אֲדֹנִי הַמֶּלֶךְ כִּי עַבְדְּךָ יוֹאָב הוּא צִוָּנִי וְהוּא שָׂם בְּפִי שִׁפְחָתְךָ אֵת כָּל הַדְּבָרִים הָאֵלֶּה` (שמואל-ב יד:יט)
662	27	אדם	אדם	תהילים קז:לא	841	`יוֹדוּ לַיהוָה חַסְדּוֹ וְנִפְלְאוֹתָיו לִבְנֵי אָדָם` (תהילים קז:לא)
663	27	נפש	נפש	ויקרא ה:ד		`אוֹ נֶפֶשׁ כִּי תִשָּׁבַע לְבַטֵּא בִשְׂפָתַיִם לְהָרַע אוֹ לְהֵיטִיב לְכֹל אֲשֶׁר יְבַטֵּא הָאָדָם בִּשְׁבֻעָה וְנֶעְלַם מִמֶּנּוּ וְהוּא יָדַע וְאָשֵׁם לְאַחַת מֵאֵלֶּה` (ויקרא ה:ד)
664	27	נפש	נפש	ירמיהו נב:כט		`בִּשְׁנַת שְׁמוֹנֶה עֶשְׂרֵה לִנְבוּכַדְרֶאצַּר מִירוּשָׁלִַם נֶפֶשׁ שְׁמֹנֶה מֵאוֹת שְׁלֹשִׁים וּשְׁנָיִם` (ירמיהו נב:כט)
665	27	חיים	חיים	משלי טו:ד		`מַרְפֵּא לָשׁוֹן עֵץ חַיִּים וְסֶלֶף בָּהּ שֶׁבֶר בְּרוּחַ` (משלי טו:ד)
666	27	לב-לבב	לב	בראשית נ:כא		`וְעַתָּה אַל תִּירָאוּ אָנֹכִי אֲכַלְכֵּל אֶתְכֶם וְאֶת טַפְּכֶם וַיְנַחֵם אוֹתָם וַיְדַבֵּר עַל לִבָּם` (בראשית נ:כא)
667	27	נפש	נפש	איוב כז:ב		`חַי אֵל הֵסִיר מִשְׁפָּטִי וְשַׁדַּי הֵמַר נַפְשִׁי` (איוב כז:ב)
668	27	נפש	נפש	איוב כז:ח		`כִּי מַה תִּקְוַת חָנֵף כִּי יִבְצָע כִּי יֵשֶׁל אֱלוֹהַּ נַפְשׁוֹ` (איוב כז:ח)
669	27	איש-אשה	אשה	שמואל-ב יד:ב		`וַיִּשְׁלַח יוֹאָב תְּקוֹעָה וַיִּקַּח מִשָּׁם אִשָּׁה חֲכָמָה וַיֹּאמֶר אֵלֶיהָ הִתְאַבְּלִי נָא וְלִבְשִׁי נָא בִגְדֵי אֵבֶל וְאַל תָּסוּכִי שֶׁמֶן וְהָיִית כְּאִשָּׁה זֶה יָמִים רַבִּים מִתְאַבֶּלֶת עַל מֵת` (שמואל-ב יד:ב)
670	27	לב-לבב	לב	תהילים עח:לז		`וְלִבָּם לֹא נָכוֹן עִמּוֹ וְלֹא נֶאֶמְנוּ בִּבְרִיתוֹ` (תהילים עח:לז)
671	27	אדם	אדם	יונה ד:יא		`וַאֲנִי לֹא אָחוּס עַל נִינְוֵה הָעִיר הַגְּדוֹלָה אֲשֶׁר יֶשׁ בָּהּ הַרְבֵּה מִשְׁתֵּים עֶשְׂרֵה רִבּוֹ אָדָם אֲשֶׁר לֹא יָדַע בֵּין יְמִינוֹ לִשְׂמֹאלוֹ וּבְהֵמָה רַבָּה` (יונה ד:יא)
672	27	נפש	נפש	תהילים יג:ב		`עַד אָנָה אָשִׁית עֵצוֹת בְּנַפְשִׁי יָגוֹן בִּלְבָבִי יוֹמָם עַד אָנָה יָרוּם אֹיְבִי עָלָי` (תהילים יג:ב)
673	27	רוח	רוח	זכריה ז:יב		`וְלִבָּם שָׂמוּ שָׁמִיר מִשְּׁמוֹעַ אֶת הַתּוֹרָה וְאֶת הַדְּבָרִים אֲשֶׁר שָׁלַח יְהוָה צְבָאוֹת בְּרוּחוֹ בְּיַד הַנְּבִיאִים הָרִאשֹׁנִים וַיְהִי קֶצֶף גָּדוֹל מֵאֵת יְהוָה צְבָאוֹת` (זכריה ז:יב)
674	27	נפש	נפש	תהילים ו:ד		`שׁוּבָה יְהוָה חַלְּצָה נַפְשִׁי הוֹשִׁיעֵנִי לְמַעַן חַסְדֶּךָ` (תהילים ו:ד)
675	27	נפש	נפש	ירמיהו טו:ט		`אֻמְלְלָה יֹלֶדֶת הַשִּׁבְעָה נָפְחָה נַפְשָׁהּ בָּאָה שִׁמְשָׁהּ בְּעֹד יוֹמָם בּוֹשָׁה וְחָפֵרָה וּשְׁאֵרִיתָם לַחֶרֶב אֶתֵּן לִפְנֵי אֹיְבֵיהֶם נְאֻם יְהוָה` (ירמיהו טו:ט)
676	28	נפש	נפש	במדבר ל:ח		`וְאִם בְּיוֹם שְׁמֹעַ אִישָׁהּ יָנִיא אוֹתָהּ וְהֵפֵר אֶת נִדְרָהּ אֲשֶׁר עָלֶיהָ וְאֵת מִבְטָא שְׂפָתֶיהָ אֲשֶׁר אָסְרָה עַל נַפְשָׁהּ וַיהוָה יִסְלַח לָהּ` (במדבר ל:ח)
677	28	לב-לבב	לב	תהילים קיב:ז		`מִשְּׁמוּעָה רָעָה לֹא יִירָא נָכוֹן לִבּוֹ בָּטֻחַ בַּיהוָה` (תהילים קיב:ז)
678	28	נפש	נפש	ירמיהו לד:טז		`וַתָּשֻׁבוּ וַתְּחַלְּלוּ אֶת שְׁמִי וַתָּשִׁבוּ אִישׁ אֶת עַבְדּוֹ וְאִישׁ אֶת שִׁפְחָתוֹ אֲשֶׁר שִׁלַּחְתֶּם חָפְשִׁים לְנַפְשָׁם וַתִּכְבְּשׁוּ אֹתָם לִהְיוֹת לָכֶם לַעֲבָדִים וְלִשְׁפָחוֹת` (ירמיהו לד:טז)
679	28	לב-לבב	לבב	ישעיהו ט:ט		`וְיָדְעוּ הָעָם כֻּלּוֹ אֶפְרַיִם וְיוֹשֵׁב שֹׁמְרוֹן בְּגַאֲוָה וּבְגֹדֶל לֵבָב לֵאמֹר` (ישעיהו ט:ט)
680	28	אדם	אדם	קהלת ח:ו		`כִּי לְכָל חֵפֶץ יֵשׁ עֵת וּמִשְׁפָּט כִּי רָעַת הָאָדָם רַבָּה עָלָיו` (קהלת ח:ו)
681	28	נפש	נפש	דברים כד:ז		`כִּי יִמָּצֵא אִישׁ גֹּנֵב נֶפֶשׁ מֵאֶחָיו מִבְּנֵי יִשְׂרָאֵל וְהִתְעַמֶּר בּוֹ וּמְכָרוֹ וּמֵת הַגַּנָּב הַהוּא וּבִעַרְתָּ הָרָע מִקִּרְבֶּךָ` (דברים כד:ז)
682	28	רוח	רוח	במדבר ה:ל		`אוֹ אִישׁ אֲשֶׁר תַּעֲבֹר עָלָיו רוּחַ קִנְאָה וְקִנֵּא אֶת אִשְׁתּוֹ וְהֶעֱמִיד אֶת הָאִשָּׁה לִפְנֵי יְהוָה וְעָשָׂה לָהּ הַכֹּהֵן אֵת כָּל הַתּוֹרָה הַזֹּאת` (במדבר ה:ל)
683	28	רוח	רוח	ישעיהו ל:כח		`וְרוּחוֹ כְּנַחַל שׁוֹטֵף עַד צַוָּאר יֶחֱצֶה לַהֲנָפָה גוֹיִם בְּנָפַת שָׁוְא וְרֶסֶן מַתְעֶה עַל לְחָיֵי עַמִּים` (ישעיהו ל:כח)
684	28	נפש	נפש	תהילים נז:א		`לַמְנַצֵּחַ אַל תַּשְׁחֵת לְדָוִד מִכְתָּם בְּבָרְחוֹ מִפְּנֵי שָׁאוּל בַּמְּעָרָה חָנֵּנִי אֱלֹהִים חָנֵּנִי כִּי בְךָ חָסָיָה נַפְשִׁי וּבְצֵל כְּנָפֶיךָ אֶחְסֶה עַד יַעֲבֹר הַוּוֹת` (תהילים נז:א)
685	28	רוח	רוח	ישעיהו מא:כט		`הֵן כֻּלָּם אָוֶן אֶפֶס מַעֲשֵׂיהֶם רוּחַ וָתֹהוּ נִסְכֵּיהֶם` (ישעיהו מא:כט)
686	28	אדם	אדם	בראשית ט:ו	1114	`שֹׁפֵךְ דַּם הָאָדָם בָּאָדָם דָּמוֹ יִשָּׁפֵךְ כִּי בְּצֶלֶם אֱלֹהִים עָשָׂה אֶת הָאָדָם` (בראשית ט:ו)
687	28	אדם	אדם	יחזקאל א:י		`וּדְמוּת פְּנֵיהֶם פְּנֵי אָדָם וּפְנֵי אַרְיֵה אֶל הַיָּמִין לְאַרְבַּעְתָּם וּפְנֵי שׁוֹר מֵהַשְּׂמֹאול לְאַרְבַּעְתָּן וּפְנֵי נֶשֶׁר לְאַרְבַּעְתָּן` (יחזקאל א:י)
688	28	נפש	נפש	משלי יג:ד		`מִתְאַוָּה וָאַיִן נַפְשׁוֹ עָצֵל וְנֶפֶשׁ חָרֻצִים תְּדֻשָּׁן` (משלי יג:ד)
689	28	חיים	חיים	תהילים סג:ד		`כֵּן אֲבָרֶכְךָ בְחַיָּי בְּשִׁמְךָ אֶשָּׂא כַפָּי` (תהילים סג:ד)
690	28	נפש	נפש	בראשית מו:כז		`וּבְנֵי יוֹסֵף אֲשֶׁר יֻלַּד לוֹ בְמִצְרַיִם נֶפֶשׁ שְׁנָיִם כָּל הַנֶּפֶשׁ לְבֵית יַעֲקֹב הַבָּאָה מִצְרַיְמָה שִׁבְעִים` (בראשית מו:כז)
691	28	חיה-פועל	חיה	משלי ד:ד		`וַיֹּרֵנִי וַיֹּאמֶר לִי יִתְמָךְ דְּבָרַי לִבֶּךָ שְׁמֹר מִצְוֺתַי וֶחְיֵה` (משלי ד:ד)
692	28	נפש	נפש	בראשית יד:כא		`וַיֹּאמֶר מֶלֶךְ סְדֹם אֶל אַבְרָם תֶּן לִי הַנֶּפֶשׁ וְהָרְכֻשׁ קַח לָךְ` (בראשית יד:כא)
693	28	נפש	נפש	איוב יג:יד		`עַל מָה אֶשָּׂא בְשָׂרִי בְשִׁנָּי וְנַפְשִׁי אָשִׂים בְּכַפִּי` (איוב יג:יד)
694	28	לב-לבב	לבב	ישעיהו מז:ח		`וְעַתָּה שִׁמְעִי זֹאת עֲדִינָה הַיּוֹשֶׁבֶת לָבֶטַח הָאֹמְרָה בִּלְבָבָהּ אֲנִי וְאַפְסִי עוֹד לֹא אֵשֵׁב אַלְמָנָה וְלֹא אֵדַע שְׁכוֹל` (ישעיהו מז:ח)
695	28	חיה-פועל	חיה	יחזקאל לז:ו		`וְנָתַתִּי עֲלֵיכֶם גִּדִים וְהַעֲלֵתִי עֲלֵיכֶם בָּשָׂר וְקָרַמְתִּי עֲלֵיכֶם עוֹר וְנָתַתִּי בָכֶם רוּחַ וִחְיִיתֶם וִידַעְתֶּם כִּי אֲנִי יְהוָה` (יחזקאל לז:ו)
696	28	איש-אשה	איש	תהילים נה:כג		`וְאַתָּה אֱלֹהִים תּוֹרִדֵם לִבְאֵר שַׁחַת אַנְשֵׁי דָמִים וּמִרְמָה לֹא יֶחֱצוּ יְמֵיהֶם וַאֲנִי אֶבְטַח בָּךְ` (תהילים נה:כג)
697	28	נפש	נפש	ירמיהו מג:ו		`אֶת הַגְּבָרִים וְאֶת הַנָּשִׁים וְאֶת הַטַּף וְאֶת בְּנוֹת הַמֶּלֶךְ וְאֵת כָּל הַנֶּפֶשׁ אֲשֶׁר הִנִּיחַ נְבוּזַרְאֲדָן רַב טַבָּחִים אֶת גְּדַלְיָהוּ בֶּן אֲחִיקָם בֶּן שָׁפָן וְאֵת יִרְמְיָהוּ הַנָּבִיא וְאֶת בָּרוּךְ בֶּן נֵרִיָּהוּ` (ירמיהו מג:ו)
698	28	אדם	אדם	קהלת ו:יא		`כִּי יֵשׁ דְּבָרִים הַרְבֵּה מַרְבִּים הָבֶל מַה יֹּתֵר לָאָדָם` (קהלת ו:יא)
699	28	אדם	אדם	יחזקאל כג:מב		`וְקוֹל הָמוֹן שָׁלֵו בָהּ וְאֶל אֲנָשִׁים מֵרֹב אָדָם מוּבָאִים סוֹבָאִים מִמִּדְבָּר וַיִּתְּנוּ צְמִידִים אֶל יְדֵיהֶן וַעֲטֶרֶת תִּפְאֶרֶת עַל רָאשֵׁיהֶן` (יחזקאל כג:מב)
700	28	רוח	רוח	ישעיהו נד:ו		`כִּי כְאִשָּׁה עֲזוּבָה וַעֲצוּבַת רוּחַ קְרָאָךְ יְהוָה וְאֵשֶׁת נְעוּרִים כִּי תִמָּאֵס אָמַר אֱלֹהָיִךְ` (ישעיהו נד:ו)
701	29	נפש	נפש	תהילים עא:יג		`יֵבֹשׁוּ יִכְלוּ שֹׂטְנֵי נַפְשִׁי יַעֲטוּ חֶרְפָּה וּכְלִמָּה מְבַקְשֵׁי רָעָתִי` (תהילים עא:יג)
702	29	אדם	אדם	ירמיהו מט:טו		`כִּי הִנֵּה קָטֹן נְתַתִּיךָ בַּגּוֹיִם בָּזוּי בָּאָדָם` (ירמיהו מט:טו)
703	29	לב-לבב	לב	ירמיהו יח:יב		`וְאָמְרוּ נוֹאָשׁ כִּי אַחֲרֵי מַחְשְׁבוֹתֵינוּ נֵלֵךְ וְאִישׁ שְׁרִרוּת לִבּוֹ הָרָע נַעֲשֶׂה` (ירמיהו יח:יב)
704	29	נפש	נפש	שמואל-ב ה:ח		`וַיֹּאמֶר דָּוִד בַּיּוֹם הַהוּא כָּל מַכֵּה יְבֻסִי וְיִגַּע בַּצִּנּוֹר וְאֶת הַפִּסְחִים וְאֶת הַעִוְרִים שָׂנְאוּ נֶפֶשׁ דָּוִד עַל כֵּן יֹאמְרוּ עִוֵּר וּפִסֵּחַ לֹא יָבוֹא אֶל הַבָּיִת` (שמואל-ב ה:ח)
705	29	חיה-פועל	חיה	ישעיהו ז:כא		`וְהָיָה בַּיּוֹם הַהוּא יְחַיֶּה אִישׁ עֶגְלַת בָּקָר וּשְׁתֵּי צֹאן` (ישעיהו ז:כא)
706	29	אדם	אדם	בראשית ג:יב		`וַיֹּאמֶר הָאָדָם הָאִשָּׁה אֲשֶׁר נָתַתָּה עִמָּדִי הִוא נָתְנָה לִּי מִן הָעֵץ וָאֹכֵל` (בראשית ג:יב)
707	29	נפש	נפש	יהושע כב:ה		`רַק שִׁמְרוּ מְאֹד לַעֲשׂוֹת אֶת הַמִּצְוָה וְאֶת הַתּוֹרָה אֲשֶׁר צִוָּה אֶתְכֶם מֹשֶׁה עֶבֶד יְהוָה לְאַהֲבָה אֶת יְהוָה אֱלֹהֵיכֶם וְלָלֶכֶת בְּכָל דְּרָכָיו וְלִשְׁמֹר מִצְוֺתָיו וּלְדָבְקָה בוֹ וּלְעָבְדוֹ בְּכָל לְבַבְכֶם וּבְכָל נַפְשְׁכֶם` (יהושע כב:ה)
708	29	נפש	נפש	שמות ל:טז		`וְלָקַחְתָּ אֶת כֶּסֶף הַכִּפֻּרִים מֵאֵת בְּנֵי יִשְׂרָאֵל וְנָתַתָּ אֹתוֹ עַל עֲבֹדַת אֹהֶל מוֹעֵד וְהָיָה לִבְנֵי יִשְׂרָאֵל לְזִכָּרוֹן לִפְנֵי יְהוָה לְכַפֵּר עַל נַפְשֹׁתֵיכֶם` (שמות ל:טז)
709	29	חיה-פועל	חיה	בראשית יא:טו		`וַיְחִי שֶׁלַח אַחֲרֵי הוֹלִידוֹ אֶת עֵבֶר שָׁלֹשׁ שָׁנִים וְאַרְבַּע מֵאוֹת שָׁנָה וַיּוֹלֶד בָּנִים וּבָנוֹת` (בראשית יא:טו)
710	29	חיה-פועל	חיה	זכריה יג:ג		`וְהָיָה כִּי יִנָּבֵא אִישׁ עוֹד וְאָמְרוּ אֵלָיו אָבִיו וְאִמּוֹ יֹלְדָיו לֹא תִחְיֶה כִּי שֶׁקֶר דִּבַּרְתָּ בְּשֵׁם יְהוָה וּדְקָרֻהוּ אָבִיהוּ וְאִמּוֹ יֹלְדָיו בְּהִנָּבְאוֹ` (זכריה יג:ג)
711	29	נפש	נפש	משלי יג:כה		`צַדִּיק אֹכֵל לְשֹׂבַע נַפְשׁוֹ וּבֶטֶן רְשָׁעִים תֶּחְסָר` (משלי יג:כה)
712	29	רוח	רוח	איוב מא:טז		`אֶחָד בְּאֶחָד יִגַּשׁוּ וְרוּחַ לֹא יָבוֹא בֵינֵיהֶם` (איוב מא:טז)
713	29	נפש	נפש	ירמיהו נא:יד	1461	`נִשְׁבַּע יְהוָה צְבָאוֹת בְּנַפְשׁוֹ כִּי אִם מִלֵּאתִיךְ אָדָם כַּיֶּלֶק וְעָנוּ עָלַיִךְ הֵידָד` (ירמיהו נא:יד)
714	29	נפש	נפש	מלכים-ב ט:טו		`וַיָּשָׁב יְהוֹרָם הַמֶּלֶךְ לְהִתְרַפֵּא בִיְזְרְעֶאל מִן הַמַּכִּים אֲשֶׁר יַכֻּהוּ אֲרַמִּים בְּהִלָּחֲמוֹ אֶת חֲזָאֵל מֶלֶךְ אֲרָם וַיֹּאמֶר יֵהוּא אִם יֵשׁ נַפְשְׁכֶם אַל יֵצֵא פָלִיט מִן הָעִיר לָלֶכֶת לַגִּיד בְּיִזְרְעֶאל` (מלכים-ב ט:טו)
715	29	איש-אשה	אשה	שמות ו:כ		`וַיִּקַּח עַמְרָם אֶת יוֹכֶבֶד דֹּדָתוֹ לוֹ לְאִשָּׁה וַתֵּלֶד לוֹ אֶת אַהֲרֹן וְאֶת מֹשֶׁה וּשְׁנֵי חַיֵּי עַמְרָם שֶׁבַע וּשְׁלֹשִׁים וּמְאַת שָׁנָה` (שמות ו:כ)
716	29	רוח	רוח	שופטים ט:כג		`וַיִּשְׁלַח אֱלֹהִים רוּחַ רָעָה בֵּין אֲבִימֶלֶךְ וּבֵין בַּעֲלֵי שְׁכֶם וַיִּבְגְּדוּ בַעֲלֵי שְׁכֶם בַּאֲבִימֶלֶךְ` (שופטים ט:כג)
717	29	אדם	אדם	משלי כד:ל		`עַל שְׂדֵה אִישׁ עָצֵל עָבַרְתִּי וְעַל כֶּרֶם אָדָם חֲסַר לֵב` (משלי כד:ל)
718	29	נפש	נפש	ישעיהו נא:כג	630	`וְשַׂמְתִּיהָ בְּיַד מוֹגַיִךְ אֲשֶׁר אָמְרוּ לְנַפְשֵׁךְ שְׁחִי וְנַעֲבֹרָה וַתָּשִׂימִי כָאָרֶץ גֵּוֵךְ וְכַחוּץ לַעֹבְרִים` (ישעיהו נא:כג)
719	29	נפש	נפש	תהילים סג:א	980	`מִזְמוֹר לְדָוִד בִּהְיוֹתוֹ בְּמִדְבַּר יְהוּדָה אֱלֹהִים אֵלִי אַתָּה אֲ‍שַׁחֲרֶךָּ צָמְאָה לְךָ נַפְשִׁי כָּמַהּ לְךָ בְשָׂרִי בְּאֶרֶץ צִיָּה וְעָיֵף בְּלִי מָיִם` (תהילים סג:א)
720	29	נפש	נפש	ישעיהו נח:ג		`לָמָּה צַּמְנוּ וְלֹא רָאִיתָ עִנִּינוּ נַפְשֵׁנוּ וְלֹא תֵדָע הֵן בְּיוֹם צֹמְכֶם תִּמְצְאוּ חֵפֶץ וְכָל עַצְּבֵיכֶם תִּנְגֹּשׂוּ` (ישעיהו נח:ג)
721	29	לב-לבב	לב	תהילים קיט:לד		`הֲבִינֵנִי וְאֶצְּרָה תוֹרָתֶךָ וְאֶשְׁמְרֶנָּה בְכָל לֵב` (תהילים קיט:לד)
722	29	נפש	נפש	תהילים קיט:קסז		`שָׁמְרָה נַפְשִׁי עֵדֹתֶיךָ וָאֹהֲבֵם מְאֹד` (תהילים קיט:קסז)
723	29	רוח	רוח	בראשית מא:לח		`וַיֹּאמֶר פַּרְעֹה אֶל עֲבָדָיו הֲנִמְצָא כָזֶה אִישׁ אֲשֶׁר רוּחַ אֱלֹהִים בּוֹ` (בראשית מא:לח)
724	29	אדם	אדם	קהלת ט:א		`כִּי אֶת כָּל זֶה נָתַתִּי אֶל לִבִּי וְלָבוּר אֶת כָּל זֶה אֲשֶׁר הַצַּדִּיקִים וְהַחֲכָמִים וַעֲבָדֵיהֶם בְּיַד הָאֱלֹהִים גַּם אַהֲבָה גַם שִׂנְאָה אֵין יוֹדֵעַ הָאָדָם הַכֹּל לִפְנֵיהֶם` (קהלת ט:א)
725	29	נפש	נפש	תהילים נה:יח		`פָּדָה בְשָׁלוֹם נַפְשִׁי מִקֲּרָב לִי כִּי בְרַבִּים הָיוּ עִמָּדִי` (תהילים נה:יח)
726	30	אדם	אדם	משלי יא:ז		`בְּמוֹת אָדָם רָשָׁע תֹּאבַד תִּקְוָה וְתוֹחֶלֶת אוֹנִים אָבָדָה` (משלי יא:ז)
727	30	נפש	נפש	משלי ב:י		`כִּי תָבוֹא חָכְמָה בְלִבֶּךָ וְדַעַת לְנַפְשְׁךָ יִנְעָם` (משלי ב:י)
728	30	נפש	נפש	יהושע ב:יד		`וַיֹּאמְרוּ לָהּ הָאֲנָשִׁים נַפְשֵׁנוּ תַחְתֵּיכֶם לָמוּת אִם לֹא תַגִּידוּ אֶת דְּבָרֵנוּ זֶה וְהָיָה בְּתֵת יְהוָה לָנוּ אֶת הָאָרֶץ וְעָשִׂינוּ עִמָּךְ חֶסֶד וֶאֱמֶת` (יהושע ב:יד)
729	30	נפש	נפש	איכה ג:נח		`רַבְתָּ אֲדֹנָי רִיבֵי נַפְשִׁי גָּאַלְתָּ חַיָּי` (איכה ג:נח)
730	30	לב-לבב	לב	יחזקאל כא:טו		`לְמַעַן לָמוּג לֵב וְהַרְבֵּה הַמִּכְשֹׁלִים עַל כָּל שַׁעֲרֵיהֶם נָתַתִּי אִבְחַת חָרֶב אָח עֲשׂוּיָה לְבָרָק מְעֻטָּה לְטָבַח` (יחזקאל כא:טו)
731	30	אדם	אדם	שמואל-א טז:ז		`וַיֹּאמֶר יְהוָה אֶל שְׁמוּאֵל אַל תַּבֵּט אֶל מַרְאֵהוּ וְאֶל גְּבֹהַּ קוֹמָתוֹ כִּי מְאַסְתִּיהוּ כִּי לֹא אֲשֶׁר יִרְאֶה הָאָדָם כִּי הָאָדָם יִרְאֶה לַעֵינַיִם וַיהוָה יִרְאֶה לַלֵּבָב` (שמואל-א טז:ז)
732	30	נפש	נפש	תהילים ל:ג		`יְהוָה הֶעֱלִיתָ מִן שְׁאוֹל נַפְשִׁי חִיִּיתַנִי מִיּוֹרְדֵי בוֹר` (תהילים ל:ג)
733	30	נפש	נפש	משלי כד:יב		`כִּי תֹאמַר הֵן לֹא יָדַעְנוּ זֶה הֲ‍לֹא תֹכֵן לִבּוֹת הוּא יָבִין וְנֹצֵר נַפְשְׁךָ הוּא יֵדָע וְהֵשִׁיב לְאָדָם כְּפָעֳלוֹ` (משלי כד:יב)
734	30	נפש	נפש	תהילים עא:יג	701	`יֵבֹשׁוּ יִכְלוּ שֹׂטְנֵי נַפְשִׁי יַעֲטוּ חֶרְפָּה וּכְלִמָּה מְבַקְשֵׁי רָעָתִי` (תהילים עא:יג)
735	30	נפש	נפש	תהילים קמו:א		`הַלְלוּ יָהּ הַלְלִי נַפְשִׁי אֶת יְהוָה` (תהילים קמו:א)
736	30	אדם	אדם	איוב כ:ד		`הֲזֹאת יָדַעְתָּ מִנִּי עַד מִנִּי שִׂים אָדָם עֲלֵי אָרֶץ` (איוב כ:ד)
737	30	נפש	נפש	ויקרא טז:כט		`וְהָיְתָה לָכֶם לְחֻקַּת עוֹלָם בַּחֹדֶשׁ הַשְּׁבִיעִי בֶּעָשׂוֹר לַחֹדֶשׁ תְּעַנּוּ אֶת נַפְשֹׁתֵיכֶם וְכָל מְלָאכָה לֹא תַעֲשׂוּ הָאֶזְרָח וְהַגֵּר הַגָּר בְּתוֹכְכֶם` (ויקרא טז:כט)
738	30	נפש	נפש	ויקרא ז:יח		`וְאִם הֵאָכֹל יֵאָכֵל מִבְּשַׂר זֶבַח שְׁלָמָיו בַּיּוֹם הַשְּׁלִישִׁי לֹא יֵרָצֶה הַמַּקְרִיב אֹתוֹ לֹא יֵחָשֵׁב לוֹ פִּגּוּל יִהְיֶה וְהַנֶּפֶשׁ הָאֹכֶלֶת מִמֶּנּוּ עֲוֺנָהּ תִּשָּׂא` (ויקרא ז:יח)
739	30	לב-לבב	לבב	יהושע ה:א		`וַיְהִי כִשְׁמֹעַ כָּל מַלְכֵי הָאֱמֹרִי אֲשֶׁר בְּעֵבֶר הַיַּרְדֵּן יָמָּה וְכָל מַלְכֵי הַכְּנַעֲנִי אֲשֶׁר עַל הַיָּם אֵת אֲשֶׁר הוֹבִישׁ יְהוָה אֶת מֵי הַיַּרְדֵּן מִפְּנֵי בְנֵי יִשְׂרָאֵל עַד עָבְרָנוּ וַיִּמַּס לְבָבָם וְלֹא הָיָה בָם עוֹד רוּחַ מִפְּנֵי בְּנֵי יִשְׂרָאֵל` (יהושע ה:א)
740	30	נפש	נפש	בראשית לד:ח		`וַיְדַבֵּר חֲמוֹר אִתָּם לֵאמֹר שְׁכֶם בְּנִי חָשְׁקָה נַפְשׁוֹ בְּבִתְּכֶם תְּנוּ נָא אֹתָהּ לוֹ לְאִשָּׁה` (בראשית לד:ח)
741	30	לב-לבב	לב	שמואל-ב כד:י	371	`וַיַּךְ לֵב דָּוִד אֹתוֹ אַחֲרֵי כֵן סָפַר אֶת הָעָם וַיֹּאמֶר דָּוִד אֶל יְהוָה חָטָאתִי מְאֹד אֲשֶׁר עָשִׂיתִי וְעַתָּה יְהוָה הַעֲבֶר נָא אֶת עֲוֺן עַבְדְּךָ כִּי נִסְכַּלְתִּי מְאֹד` (שמואל-ב כד:י)
742	30	נפש	נפש	שמואל-א כה:כו		`וְעַתָּה אֲדֹנִי חַי יְהוָה וְחֵי נַפְשְׁךָ אֲשֶׁר מְנָעֲךָ יְהוָה מִבּוֹא בְדָמִים וְהוֹשֵׁעַ יָדְךָ לָךְ וְעַתָּה יִהְיוּ כְנָבָל אֹיְבֶיךָ וְהַמְבַקְשִׁים אֶל אֲדֹנִי רָעָה` (שמואל-א כה:כו)
743	30	רוח	רוח	יחזקאל כ:לב	1396	`וְהָעֹלָה עַל רוּחֲכֶם הָיוֹ לֹא תִהְיֶה אֲשֶׁר אַתֶּם אֹמְרִים נִהְיֶה כַגּוֹיִם כְּמִשְׁפְּחוֹת הָאֲרָצוֹת לְשָׁרֵת עֵץ וָאָבֶן` (יחזקאל כ:לב)
744	30	נפש	נפש	תהילים סט:י		`וָאֶבְכֶּה בַצּוֹם נַפְשִׁי וַתְּהִי לַחֲרָפוֹת לִי` (תהילים סט:י)
745	30	לב-לבב	לבב	דברים ב:ל		`וְלֹא אָבָה סִיחֹן מֶלֶךְ חֶשְׁבּוֹן הַעֲבִרֵנוּ בּוֹ כִּי הִקְשָׁה יְהוָה אֱלֹהֶיךָ אֶת רוּחוֹ וְאִמֵּץ אֶת לְבָבוֹ לְמַעַן תִּתּוֹ בְיָדְךָ כַּיּוֹם הַזֶּה` (דברים ב:ל)
746	30	נפש	נפש	ישעיהו סא:י		`שׂוֹשׂ אָשִׂישׂ בַּיהוָה תָּגֵל נַפְשִׁי בֵּאלֹהַי כִּי הִלְבִּישַׁנִי בִּגְדֵי יֶשַׁע מְעִיל צְדָקָה יְעָטָנִי כֶּחָתָן יְכַהֵן פְּאֵר וְכַכַּלָּה תַּעְדֶּה כֵלֶיהָ` (ישעיהו סא:י)
747	30	אדם	אדם	ירמיהו ט:כב		`דַּבֵּר כֹּה נְאֻם יְהוָה וְנָפְלָה נִבְלַת הָאָדָם כְּדֹמֶן עַל פְּנֵי הַשָּׂדֶה וּכְעָמִיר מֵאַחֲרֵי הַקֹּצֵר וְאֵין מְאַסֵּף` (ירמיהו ט:כב)
748	30	חיים	חיים	משלי יג:יד		`תּוֹרַת חָכָם מְקוֹר חַיִּים לָסוּר מִמֹּקְשֵׁי מָוֶת` (משלי יג:יד)
749	30	חיה-פועל	חיה	בראשית יא:כד		`וַיְחִי נָחוֹר תֵּשַׁע וְעֶשְׂרִים שָׁנָה וַיּוֹלֶד אֶת תָּרַח` (בראשית יא:כד)
750	30	חיים	חיים	מלאכי ב:ה		`בְּרִיתִי הָיְתָה אִתּוֹ הַחַיִּים וְהַשָּׁלוֹם וָאֶתְּנֵם לוֹ מוֹרָא וַיִּירָאֵנִי וּמִפְּנֵי שְׁמִי נִחַת הוּא` (מלאכי ב:ה)
751	31	נפש	נפש	דברים יב:כ		`כִּי יַרְחִיב יְהוָה אֱלֹהֶיךָ אֶת גְּבוּלְךָ כַּאֲשֶׁר דִּבֶּר לָךְ וְאָמַרְתָּ אֹכְלָה בָשָׂר כִּי תְאַוֶּה נַפְשְׁךָ לֶאֱכֹל בָּשָׂר בְּכָל אַוַּת נַפְשְׁךָ תֹּאכַל בָּשָׂר` (דברים יב:כ)
752	31	נפש	נפש	ישעיהו נח:ג	720	`לָמָּה צַּמְנוּ וְלֹא רָאִיתָ עִנִּינוּ נַפְשֵׁנוּ וְלֹא תֵדָע הֵן בְּיוֹם צֹמְכֶם תִּמְצְאוּ חֵפֶץ וְכָל עַצְּבֵיכֶם תִּנְגֹּשׂוּ` (ישעיהו נח:ג)
753	31	נפש	נפש	בראשית לו:ו		`וַיִּקַּח עֵשָׂו אֶת נָשָׁיו וְאֶת בָּנָיו וְאֶת בְּנֹתָיו וְאֶת כָּל נַפְשׁוֹת בֵּיתוֹ וְאֶת מִקְנֵהוּ וְאֶת כָּל בְּהֶמְתּוֹ וְאֵת כָּל קִנְיָנוֹ אֲשֶׁר רָכַשׁ בְּאֶרֶץ כְּנָעַן וַיֵּלֶךְ אֶל אֶרֶץ מִפְּנֵי יַעֲקֹב אָחִיו` (בראשית לו:ו)
754	31	נפש	נפש	משלי יט:ב		`גַּם בְּלֹא דַעַת נֶפֶשׁ לֹא טוֹב וְאָץ בְּרַגְלַיִם חוֹטֵא` (משלי יט:ב)
755	31	נפש	נפש	איוב לג:יח		`יַחְשֹׂךְ נַפְשׁוֹ מִנִּי שָׁחַת וְחַיָּתוֹ מֵעֲבֹר בַּשָּׁלַח` (איוב לג:יח)
756	31	אדם	אדם	יחזקאל לח:כ		`וְרָעֲשׁוּ מִפָּנַי דְּגֵי הַיָּם וְעוֹף הַשָּׁמַיִם וְחַיַּת הַשָּׂדֶה וְכָל הָרֶמֶשׂ הָרֹמֵשׂ עַל הָאֲדָמָה וְכֹל הָאָדָם אֲשֶׁר עַל פְּנֵי הָאֲדָמָה וְנֶהֶרְסוּ הֶהָרִים וְנָפְלוּ הַמַּדְרֵגוֹת וְכָל חוֹמָה לָאָרֶץ תִּפּוֹל` (יחזקאל לח:כ)
757	31	נפש	נפש	ירמיהו מד:יד	950	`וְלֹא יִהְיֶה פָּלִיט וְשָׂרִיד לִשְׁאֵרִית יְהוּדָה הַבָּאִים לָגוּר שָׁם בְּאֶרֶץ מִצְרָיִם וְלָשׁוּב אֶרֶץ יְהוּדָה אֲשֶׁר הֵמָּה מְנַשְּׂאִים אֶת נַפְשָׁם לָשׁוּב לָשֶׁבֶת שָׁם כִּי לֹא יָשׁוּבוּ כִּי אִם פְּלֵטִים` (ירמיהו מד:יד)
758	31	חיים	חיים	בראשית ג:כב		`וַיֹּאמֶר יְהוָה אֱלֹהִים הֵן הָאָדָם הָיָה כְּאַחַד מִמֶּנּוּ לָדַעַת טוֹב וָרָע וְעַתָּה פֶּן יִשְׁלַח יָדוֹ וְלָקַח גַּם מֵעֵץ הַחַיִּים וְאָכַל וָחַי לְעֹלָם` (בראשית ג:כב)
759	31	נפש	נפש	שמואל-א יח:ג		`וַיִּכְרֹת יְהוֹנָתָן וְדָוִד בְּרִית בְּאַהֲבָתוֹ אֹתוֹ כְּנַפְשׁוֹ` (שמואל-א יח:ג)
760	31	איש-אשה	אשה	דברי-הימים-ב לד:כב		`וַיֵּלֶךְ חִלְקִיָּהוּ וַאֲשֶׁר הַמֶּלֶךְ אֶל חֻלְדָּה הַנְּבִיאָה אֵשֶׁת שַׁלֻּם בֶּן תּוֹקְהַת בֶּן חַסְרָה שׁוֹמֵר הַבְּגָדִים וְהִיא יוֹשֶׁבֶת בִּירוּשָׁלִַם בַּמִּשְׁנֶה וַיְדַבְּרוּ אֵלֶיהָ כָּזֹאת` (דברי-הימים-ב לד:כב)
761	31	נפש	נפש	שיר-השירים ג:א		`עַל מִשְׁכָּבִי בַּלֵּילוֹת בִּקַּשְׁתִּי אֵת שֶׁאָהֲבָה נַפְשִׁי בִּקַּשְׁתִּיו וְלֹא מְצָאתִיו` (שיר-השירים ג:א)
762	31	חיים	חיים	ויקרא יד:נ		`וְשָׁחַט אֶת הַצִּפֹּר הָאֶחָת אֶל כְּלִי חֶרֶשׂ עַל מַיִם חַיִּים` (ויקרא יד:נ)
763	31	רוח	רוח	יחזקאל יא:ה		`וַתִּפֹּל עָלַי רוּחַ יְהוָה וַיֹּאמֶר אֵלַי אֱמֹר כֹּה אָמַר יְהוָה כֵּן אֲמַרְתֶּם בֵּית יִשְׂרָאֵל וּמַעֲלוֹת רוּחֲכֶם אֲנִי יְדַעְתִּיהָ` (יחזקאל יא:ה)
764	31	חיים	חיים	תהילים כא:ד		`חַיִּים שָׁאַל מִמְּךָ נָתַתָּה לּוֹ אֹרֶךְ יָמִים עוֹלָם וָעֶד` (תהילים כא:ד)
765	31	נפש	נפש	ירמיהו מט:לז		`וְהַחְתַּתִּי אֶת עֵילָם לִפְנֵי אֹיְבֵיהֶם וְלִפְנֵי מְבַקְשֵׁי נַפְשָׁם וְהֵבֵאתִי עֲלֵיהֶם רָעָה אֶת חֲרוֹן אַפִּי נְאֻם יְהוָה וְשִׁלַּחְתִּי אַחֲרֵיהֶם אֶת הַחֶרֶב עַד כַּלּוֹתִי אוֹתָם` (ירמיהו מט:לז)
766	31	רוח	רוח	מלכים-א כב:כא		`וַיֵּצֵא הָרוּחַ וַיַּעֲמֹד לִפְנֵי יְהוָה וַיֹּאמֶר אֲנִי אֲפַתֶּנּוּ וַיֹּאמֶר יְהוָה אֵלָיו בַּמָּה` (מלכים-א כב:כא)
767	31	נפש	נפש	שמואל-א א:כו	1035	`וַתֹּאמֶר בִּי אֲדֹנִי חֵי נַפְשְׁךָ אֲדֹנִי אֲנִי הָאִשָּׁה הַנִּצֶּבֶת עִמְּכָה בָּזֶה לְהִתְפַּלֵּל אֶל יְהוָה` (שמואל-א א:כו)
768	31	חיה-פועל	חיה	יחזקאל לג:יא		`אֱמֹר אֲלֵיהֶם חַי אָנִי נְאֻם אֲדֹנָי יְהוִה אִם אֶחְפֹּץ בְּמוֹת הָרָשָׁע כִּי אִם בְּשׁוּב רָשָׁע מִדַּרְכּוֹ וְחָיָה שׁוּבוּ שׁוּבוּ מִדַּרְכֵיכֶם הָרָעִים וְלָמָּה תָמוּתוּ בֵּית יִשְׂרָאֵל` (יחזקאל לג:יא)
769	31	חיה-פועל	חיה	במדבר כא:ח		`וַיֹּאמֶר יְהוָה אֶל מֹשֶׁה עֲשֵׂה לְךָ שָׂרָף וְשִׂים אֹתוֹ עַל נֵס וְהָיָה כָּל הַנָּשׁוּךְ וְרָאָה אֹתוֹ וָחָי` (במדבר כא:ח)
770	31	רוח	רוח	מיכה ב:ז		`הֶאָמוּר בֵּית יַעֲקֹב הֲקָצַר רוּחַ יְהוָה אִם אֵלֶּה מַעֲלָלָיו הֲלוֹא דְבָרַי יֵיטִיבוּ עִם הַיָּשָׁר הוֹלֵךְ` (מיכה ב:ז)
771	31	חיים	חיים	משלי ד:כב		`כִּי חַיִּים הֵם לְמֹצְאֵיהֶם וּלְכָל בְּשָׂרוֹ מַרְפֵּא` (משלי ד:כב)
772	31	לב-לבב	לב	איכה א:כ		`רְאֵה יְהוָה כִּי צַר לִי מֵעַי חֳמַרְמָרוּ נֶהְפַּךְ לִבִּי בְּקִרְבִּי כִּי מָרוֹ מָרִיתִי מִחוּץ שִׁכְּלָה חֶרֶב בַּבַּיִת כַּמָּוֶת` (איכה א:כ)
773	31	חיה-פועל	חיה	מלכים-ב ז:ד		`אִם אָמַרְנוּ נָבוֹא הָעִיר וְהָרָעָב בָּעִיר וָמַתְנוּ שָׁם וְאִם יָשַׁבְנוּ פֹה וָמָתְנוּ וְעַתָּה לְכוּ וְנִפְּלָה אֶל מַחֲנֵה אֲרָם אִם יְחַיֻּנוּ נִחְיֶה וְאִם יְמִיתֻנוּ וָמָתְנוּ` (מלכים-ב ז:ד)
774	31	לב-לבב	לב	איוב יז:ד		`כִּי לִבָּם צָפַנְתָּ מִּשָּׂכֶל עַל כֵּן לֹא תְרֹמֵם` (איוב יז:ד)
775	31	לב-לבב	לב	משלי טז:כג		`לֵב חָכָם יַשְׂכִּיל פִּיהוּ וְעַל שְׂפָתָיו יֹסִיף לֶקַח` (משלי טז:כג)
776	32	חיה-פועל	חיה	שמות א:יח		`וַיִּקְרָא מֶלֶךְ מִצְרַיִם לַמְיַלְּדֹת וַיֹּאמֶר לָהֶן מַדּוּעַ עֲשִׂיתֶן הַדָּבָר הַזֶּה וַתְּחַיֶּיןָ אֶת הַיְלָדִים` (שמות א:יח)
777	32	אדם	אדם	יחזקאל לו:יא	839	`וְהִרְבֵּיתִי עֲלֵיכֶם אָדָם וּבְהֵמָה וְרָבוּ וּפָרוּ וְהוֹשַׁבְתִּי אֶתְכֶם כְּקַדְמוֹתֵיכֶם וְהֵטִבֹתִי מֵרִאשֹׁתֵיכֶם וִידַעְתֶּם כִּי אֲנִי יְהוָה` (יחזקאל לו:יא)
778	32	חיים	חיים	דברים יב:א		`אֵלֶּה הַחֻקִּים וְהַמִּשְׁפָּטִים אֲשֶׁר תִּשְׁמְרוּן לַעֲשׂוֹת בָּאָרֶץ אֲשֶׁר נָתַן יְהוָה אֱלֹהֵי אֲבֹתֶיךָ לְךָ לְרִשְׁתָּהּ כָּל הַיָּמִים אֲשֶׁר אַתֶּם חַיִּים עַל הָאֲדָמָה` (דברים יב:א)
779	32	איש-אשה	אשה	בראשית יב:יא	86	`וַיְהִי כַּאֲשֶׁר הִקְרִיב לָבוֹא מִצְרָיְמָה וַיֹּאמֶר אֶל שָׂרַי אִשְׁתּוֹ הִנֵּה נָא יָדַעְתִּי כִּי אִשָּׁה יְפַת מַרְאֶה אָתְּ` (בראשית יב:יא)
780	32	נפש	נפש	דברים יח:ו		`וְכִי יָבֹא הַלֵּוִי מֵאַחַד שְׁעָרֶיךָ מִכָּל יִשְׂרָאֵל אֲשֶׁר הוּא גָּר שָׁם וּבָא בְּכָל אַוַּת נַפְשׁוֹ אֶל הַמָּקוֹם אֲשֶׁר יִבְחַר יְהוָה` (דברים יח:ו)
781	32	נפש	נפש	יהושע יא:יא		`וַיַּכּוּ אֶת כָּל הַנֶּפֶשׁ אֲשֶׁר בָּהּ לְפִי חֶרֶב הַחֲרֵם לֹא נוֹתַר כָּל נְשָׁמָה וְאֶת חָצוֹר שָׂרַף בָּאֵשׁ` (יהושע יא:יא)
782	32	נפש	נפש	במדבר לא:נ		`וַנַּקְרֵב אֶת קָרְבַּן יְהוָה אִישׁ אֲשֶׁר מָצָא כְלִי זָהָב אֶצְעָדָה וְצָמִיד טַבַּעַת עָגִיל וְכוּמָז לְכַפֵּר עַל נַפְשֹׁתֵינוּ לִפְנֵי יְהוָה` (במדבר לא:נ)
783	32	נפש	נפש	תהילים קג:ב		`בָּרֲכִי נַפְשִׁי אֶת יְהוָה וְאַל תִּשְׁכְּחִי כָּל גְּמוּלָיו` (תהילים קג:ב)
784	32	נפש	נפש	חבקוק ב:ה		`וְאַף כִּי הַיַּיִן בּוֹגֵד גֶּבֶר יָהִיר וְלֹא יִנְוֶה אֲשֶׁר הִרְחִיב כִּשְׁאוֹל נַפְשׁוֹ וְהוּא כַמָּוֶת וְלֹא יִשְׂבָּע וַיֶּאֱסֹף אֵלָיו כָּל הַגּוֹיִם וַיִּקְבֹּץ אֵלָיו כָּל הָעַמִּים` (חבקוק ב:ה)
785	32	איש-אשה	איש	ויקרא כז:כו		`אַךְ בְּכוֹר אֲשֶׁר יְבֻכַּר לַיהוָה בִּבְהֵמָה לֹא יַקְדִּישׁ אִישׁ אֹתוֹ אִם שׁוֹר אִם שֶׂה לַיהוָה הוּא` (ויקרא כז:כו)
786	32	נפש	נפש	מלכים-א כ:לב		`וַיַּחְגְּרוּ שַׂקִּים בְּמָתְנֵיהֶם וַחֲבָלִים בְּרָאשֵׁיהֶם וַיָּבֹאוּ אֶל מֶלֶךְ יִשְׂרָאֵל וַיֹּאמְרוּ עַבְדְּךָ בֶן הֲדַד אָמַר תְּחִי נָא נַפְשִׁי וַיֹּאמֶר הַעוֹדֶנּוּ חַי אָחִי הוּא` (מלכים-א כ:לב)
787	32	חיים	חיים	מלכים-א כ:יח		`וַיֹּאמֶר אִם לְשָׁלוֹם יָצָאוּ תִּפְשׂוּם חַיִּים וְאִם לְמִלְחָמָה יָצָאוּ חַיִּים תִּפְשׂוּם` (מלכים-א כ:יח)
788	32	נפש	נפש	ישעיהו נו:יא		`וְהַכְּלָבִים עַזֵּי נֶפֶשׁ לֹא יָדְעוּ שָׂבְעָה וְהֵמָּה רֹעִים לֹא יָדְעוּ הָבִין כֻּלָּם לְדַרְכָּם פָּנוּ אִישׁ לְבִצְעוֹ מִקָּצֵהוּ` (ישעיהו נו:יא)
789	32	נפש	נפש	תהילים נד:ג		`כִּי זָרִים קָמוּ עָלַי וְעָרִיצִים בִּקְשׁוּ נַפְשִׁי לֹא שָׂמוּ אֱלֹהִים לְנֶגְדָּם סֶלָה` (תהילים נד:ג)
790	32	אדם	אדם	קהלת ח:יא		`אֲשֶׁר אֵין נַעֲשָׂה פִתְגָם מַעֲשֵׂה הָרָעָה מְהֵרָה עַל כֵּן מָלֵא לֵב בְּנֵי הָאָדָם בָּהֶם לַעֲשׂוֹת רָע` (קהלת ח:יא)
791	32	נפש	נפש	תהילים לח:יב		`וַיְנַקְשׁוּ מְבַקְשֵׁי נַפְשִׁי וְדֹרְשֵׁי רָעָתִי דִּבְּרוּ הַוּוֹת וּמִרְמוֹת כָּל הַיּוֹם יֶהְגּוּ` (תהילים לח:יב)
792	32	נפש	נפש	במדבר לא:יט		`וְאַתֶּם חֲנוּ מִחוּץ לַמַּחֲנֶה שִׁבְעַת יָמִים כֹּל הֹרֵג נֶפֶשׁ וְכֹל נֹגֵעַ בֶּחָלָל תִּתְחַטְּאוּ בַּיּוֹם הַשְּׁלִישִׁי וּבַיּוֹם הַשְּׁבִיעִי אַתֶּם וּשְׁבִיכֶם` (במדבר לא:יט)
793	32	נפש	נפש	איוב לו:יד		`תָּמֹת בַּנֹּעַר נַפְשָׁם וְחַיָּתָם בַּקְּדֵשִׁים` (איוב לו:יד)
794	32	נפש	נפש	קהלת ו:ט		`טוֹב מַרְאֵה עֵינַיִם מֵהֲלָךְ נָפֶשׁ גַּם זֶה הֶבֶל וּרְעוּת רוּחַ` (קהלת ו:ט)
795	32	חיים	חיים	קהלת ג:יב		`יָדַעְתִּי כִּי אֵין טוֹב בָּם כִּי אִם לִשְׂמוֹחַ וְלַעֲשׂוֹת טוֹב בְּחַיָּיו` (קהלת ג:יב)
796	32	לב-לבב	לב	שמואל-ב ז:כא		`בַּעֲבוּר דְּבָרְךָ וּכְלִבְּךָ עָשִׂיתָ אֵת כָּל הַגְּדוּלָּה הַזֹּאת לְהוֹדִיעַ אֶת עַבְדֶּךָ` (שמואל-ב ז:כא)
797	32	איש-אשה	איש	בראשית כו:לא		`וַיַּשְׁכִּימוּ בַבֹּקֶר וַיִּשָּׁבְעוּ אִישׁ לְאָחִיו וַיְשַׁלְּחֵם יִצְחָק וַיֵּלְכוּ מֵאִתּוֹ בְּשָׁלוֹם` (בראשית כו:לא)
798	32	חיים	חיים	משלי יג:יב		`תּוֹחֶלֶת מְמֻשָּׁכָה מַחֲלָה לֵב וְעֵץ חַיִּים תַּאֲוָה בָאָה` (משלי יג:יב)
799	32	נפש	נפש	תהילים מא:ב		`יְהוָה יִשְׁמְרֵהוּ וִיחַיֵּהוּ יֶאְשֹּׁר בָּאָרֶץ וְאַל תִּתְּנֵהוּ בְּנֶפֶשׁ אֹיְבָיו` (תהילים מא:ב)
800	32	נפש	נפש	יחזקאל ז:יט		`כַּסְפָּם בַּחוּצוֹת יַשְׁלִיכוּ וּזְהָבָם לְנִדָּה יִהְיֶה כַּסְפָּם וּזְהָבָם לֹא יוּכַל לְהַצִּילָם בְּיוֹם עֶבְרַת יְהוָה נַפְשָׁם לֹא יְשַׂבֵּעוּ וּמֵעֵיהֶם לֹא יְמַלֵּאוּ כִּי מִכְשׁוֹל עֲוֺנָם הָיָה` (יחזקאל ז:יט)
801	33	נפש	נפש	תהילים קט:כ		`זֹאת פְּעֻלַּת שֹׂטְנַי מֵאֵת יְהוָה וְהַדֹּבְרִים רָע עַל נַפְשִׁי` (תהילים קט:כ)
802	33	חיה-פועל	חיה	חבקוק ג:ב	837	`יְהוָה שָׁמַעְתִּי שִׁמְעֲךָ יָרֵאתִי יְהוָה פָּעָלְךָ בְּקֶרֶב שָׁנִים חַיֵּיהוּ בְּקֶרֶב שָׁנִים תּוֹדִיעַ בְּרֹגֶז רַחֵם תִּזְכּוֹר` (חבקוק ג:ב)
803	33	נפש	נפש	מלכים-א כ:לא		`וַיֹּאמְרוּ אֵלָיו עֲבָדָיו הִנֵּה נָא שָׁמַעְנוּ כִּי מַלְכֵי בֵּית יִשְׂרָאֵל כִּי מַלְכֵי חֶסֶד הֵם נָשִׂימָה נָּא שַׂקִּים בְּמָתְנֵינוּ וַחֲבָלִים בְּרֹאשֵׁנוּ וְנֵצֵא אֶל מֶלֶךְ יִשְׂרָאֵל אוּלַי יְחַיֶּה אֶת נַפְשֶׁךָ` (מלכים-א כ:לא)
804	33	אדם	אדם	בראשית ב:כ		`וַיִּקְרָא הָאָדָם שֵׁמוֹת לְכָל הַבְּהֵמָה וּלְעוֹף הַשָּׁמַיִם וּלְכֹל חַיַּת הַשָּׂדֶה וּלְאָדָם לֹא מָצָא עֵזֶר כְּנֶגְדּוֹ` (בראשית ב:כ)
805	33	נפש	נפש	שמואל-ב יז:ח		`וַיֹּאמֶר חוּשַׁי אַתָּה יָדַעְתָּ אֶת אָבִיךָ וְאֶת אֲנָשָׁיו כִּי גִבֹּרִים הֵמָּה וּמָרֵי נֶפֶשׁ הֵמָּה כְּדֹב שַׁכּוּל בַּשָּׂדֶה וְאָבִיךָ אִישׁ מִלְחָמָה וְלֹא יָלִין אֶת הָעָם` (שמואל-ב יז:ח)
806	33	לב-לבב	לב	שמות לו:א		`וְעָשָׂה בְצַלְאֵל וְאָהֳלִיאָב וְכֹל אִישׁ חֲכַם לֵב אֲשֶׁר נָתַן יְהוָה חָכְמָה וּתְבוּנָה בָּהֵמָּה לָדַעַת לַעֲשֹׂת אֶת כָּל מְלֶאכֶת עֲבֹדַת הַקֹּדֶשׁ לְכֹל אֲשֶׁר צִוָּה יְהוָה` (שמות לו:א)
807	33	איש-אשה	איש	שמות ב:א		`וַיֵּלֶךְ אִישׁ מִבֵּית לֵוִי וַיִּקַּח אֶת בַּת לֵוִי` (שמות ב:א)
808	33	רוח	רוח	יואל ב:כט		`וְגַם עַל הָעֲבָדִים וְעַל הַשְּׁפָחוֹת בַּיָּמִים הָהֵמָּה אֶשְׁפּוֹךְ אֶת רוּחִי` (יואל ב:כט)
809	33	נפש	נפש	משלי יט:טו		`עַצְלָה תַּפִּיל תַּרְדֵּמָה וְנֶפֶשׁ רְמִיָּה תִרְעָב` (משלי יט:טו)
810	33	נפש	נפש	ירמיהו לב:מא		`וְשַׂשְׂתִּי עֲלֵיהֶם לְהֵטִיב אוֹתָם וּנְטַעְתִּים בָּאָרֶץ הַזֹּאת בֶּאֱמֶת בְּכָל לִבִּי וּבְכָל נַפְשִׁי` (ירמיהו לב:מא)
811	33	נפש	נפש	יחזקאל כז:לא		`וְהִקְרִיחוּ אֵלַיִךְ קָרְחָה וְחָגְרוּ שַׂקִּים וּבָכוּ אֵלַיִךְ בְּמַר נֶפֶשׁ מִסְפֵּד מָר` (יחזקאל כז:לא)
812	33	נפש	נפש	תהילים לה:ד		`יֵבֹשׁוּ וְיִכָּלְמוּ מְבַקְשֵׁי נַפְשִׁי יִסֹּגוּ אָחוֹר וְיַחְפְּרוּ חֹשְׁבֵי רָעָתִי` (תהילים לה:ד)
813	33	נפש	נפש	שמואל-א כג:טו		`וַיַּרְא דָוִד כִּי יָצָא שָׁאוּל לְבַקֵּשׁ אֶת נַפְשׁוֹ וְדָוִד בְּמִדְבַּר זִיף בַּחֹרְשָׁה` (שמואל-א כג:טו)
814	33	נפש	נפש	דברים ו:ה	932	`וְאָהַבְתָּ אֵת יְהוָה אֱלֹהֶיךָ בְּכָל לְבָבְךָ וּבְכָל נַפְשְׁךָ וּבְכָל מְאֹדֶךָ` (דברים ו:ה)
815	33	חיים	חיים	תהילים קיו:ט		`אֶתְהַלֵּךְ לִפְנֵי יְהוָה בְּאַרְצוֹת הַחַיִּים` (תהילים קיו:ט)
816	33	איש-אשה	איש	יחזקאל לח:כא		`וְקָרָאתִי עָלָיו לְכָל הָרַי חֶרֶב נְאֻם אֲדֹנָי יְהוִה חֶרֶב אִישׁ בְּאָחִיו תִּהְיֶה` (יחזקאל לח:כא)
817	33	נפש	נפש	בראשית לב:ל		`וַיִּקְרָא יַעֲקֹב שֵׁם הַמָּקוֹם פְּנִיאֵל כִּי רָאִיתִי אֱלֹהִים פָּנִים אֶל פָּנִים וַתִּנָּצֵל נַפְשִׁי` (בראשית לב:ל)
818	33	איש-אשה	איש	מלכים-ב ד:ט	1457	`וַתֹּאמֶר אֶל אִישָׁהּ הִנֵּה נָא יָדַעְתִּי כִּי אִישׁ אֱלֹהִים קָדוֹשׁ הוּא עֹבֵר עָלֵינוּ תָּמִיד` (מלכים-ב ד:ט)
819	33	נפש	נפש	משלי יג:ג		`נֹצֵר פִּיו שֹׁמֵר נַפְשׁוֹ פֹּשֵׂק שְׂפָתָיו מְחִתָּה לוֹ` (משלי יג:ג)
820	33	איש-אשה	איש	שמות כב:א		`כִּי יִגְנֹב אִישׁ שׁוֹר אוֹ שֶׂה וּטְבָחוֹ אוֹ מְכָרוֹ חֲמִשָּׁה בָקָר יְשַׁלֵּם תַּחַת הַשּׁוֹר וְאַרְבַּע צֹאן תַּחַת הַשֶּׂה` (שמות כב:א)
821	33	נפש	נפש	בראשית לד:ג	463	`וַתִּדְבַּק נַפְשׁוֹ בְּדִינָה בַּת יַעֲקֹב וַיֶּאֱהַב אֶת הַנַּעֲרָ וַיְדַבֵּר עַל לֵב הַנַּעֲרָ` (בראשית לד:ג)
822	33	נפש	נפש	אסתר ז:ז		`וְהַמֶּלֶךְ קָם בַּחֲמָתוֹ מִמִּשְׁתֵּה הַיַּיִן אֶל גִּנַּת הַבִּיתָן וְהָמָן עָמַד לְבַקֵּשׁ עַל נַפְשׁוֹ מֵאֶסְתֵּר הַמַּלְכָּה כִּי רָאָה כִּי כָלְתָה אֵלָיו הָרָעָה מֵאֵת הַמֶּלֶךְ` (אסתר ז:ז)
823	33	נפש	נפש	שמואל-א כ:ג		`וַיִּשָּׁבַע עוֹד דָּוִד וַיֹּאמֶר יָדֹעַ יָדַע אָבִיךָ כִּי מָצָאתִי חֵן בְּעֵינֶיךָ וַיֹּאמֶר אַל יֵדַע זֹאת יְהוֹנָתָן פֶּן יֵעָצֵב וְאוּלָם חַי יְהוָה וְחֵי נַפְשֶׁךָ כִּי כְפֶשַׂע בֵּינִי וּבֵין הַמָּוֶת` (שמואל-א כ:ג)
824	33	רוח	רוח	בראשית כו:לה	1201	`וַתִּהְיֶיןָ מֹרַת רוּחַ לְיִצְחָק וּלְרִבְקָה` (בראשית כו:לה)
825	33	אדם	אדם	קהלת ח:יז		`וְרָאִיתִי אֶת כָּל מַעֲשֵׂה הָאֱלֹהִים כִּי לֹא יוּכַל הָאָדָם לִמְצוֹא אֶת הַמַּעֲשֶׂה אֲשֶׁר נַעֲשָׂה תַחַת הַשֶּׁמֶשׁ בְּשֶׁל אֲשֶׁר יַעֲמֹל הָאָדָם לְבַקֵּשׁ וְלֹא יִמְצָא וְגַם אִם יֹאמַר הֶחָכָם לָדַעַת לֹא יוּכַל לִמְצֹא` (קהלת ח:יז)
826	34	נפש	נפש	תהילים כו:ט		`אַל תֶּאֱסֹף עִם חַטָּאִים נַפְשִׁי וְעִם אַנְשֵׁי דָמִים חַיָּי` (תהילים כו:ט)
827	34	נפש	נפש	ויקרא יא:מו		`זֹאת תּוֹרַת הַבְּהֵמָה וְהָעוֹף וְכֹל נֶפֶשׁ הַחַיָּה הָרֹמֶשֶׂת בַּמָּיִם וּלְכָל נֶפֶשׁ הַשֹּׁרֶצֶת עַל הָאָרֶץ` (ויקרא יא:מו)
828	34	אדם	אדם	ירמיהו לג:י		`כֹּה אָמַר יְהוָה עוֹד יִשָּׁמַע בַּמָּקוֹם הַזֶּה אֲשֶׁר אַתֶּם אֹמְרִים חָרֵב הוּא מֵאֵין אָדָם וּמֵאֵין בְּהֵמָה בְּעָרֵי יְהוּדָה וּבְחֻצוֹת יְרוּשָׁלִַם הַנְשַׁמּוֹת מֵאֵין אָדָם וּמֵאֵין יוֹשֵׁב וּמֵאֵין בְּהֵמָה` (ירמיהו לג:י)
829	34	נפש	נפש	דברי-הימים-א כב:יט		`עַתָּה תְּנוּ לְבַבְכֶם וְנַפְשְׁכֶם לִדְרוֹשׁ לַיהוָה אֱלֹהֵיכֶם וְקוּמוּ וּבְנוּ אֶת מִקְדַּשׁ יְהוָה הָאֱלֹהִים לְהָבִיא אֶת אֲרוֹן בְּרִית יְהוָה וּכְלֵי קֹדֶשׁ הָאֱלֹהִים לַבַּיִת הַנִּבְנֶה לְשֵׁם יְהוָה` (דברי-הימים-א כב:יט)
830	34	נפש	נפש	ירמיהו ד:לא		`כִּי קוֹל כְּחוֹלָה שָׁמַעְתִּי צָרָה כְּמַבְכִּירָה קוֹל בַּת צִיּוֹן תִּתְיַפֵּחַ תְּפָרֵשׂ כַּפֶּיהָ אוֹי נָא לִי כִּי עָיְפָה נַפְשִׁי לְהֹרְגִים` (ירמיהו ד:לא)
831	34	נפש	נפש	ירמיהו לא:יב		`וּבָאוּ וְרִנְּנוּ בִמְרוֹם צִיּוֹן וְנָהֲרוּ אֶל טוּב יְהוָה עַל דָּגָן וְעַל תִּירֹשׁ וְעַל יִצְהָר וְעַל בְּנֵי צֹאן וּבָקָר וְהָיְתָה נַפְשָׁם כְּגַן רָוֶה וְלֹא יוֹסִיפוּ לְדַאֲבָה עוֹד` (ירמיהו לא:יב)
832	34	איש-אשה	איש	צפניה ג:ו		`הִכְרַתִּי גוֹיִם נָשַׁמּוּ פִּנּוֹתָם הֶחֱרַבְתִּי חוּצוֹתָם מִבְּלִי עוֹבֵר נִצְדּוּ עָרֵיהֶם מִבְּלִי אִישׁ מֵאֵין יוֹשֵׁב` (צפניה ג:ו)
833	34	איש-אשה	אשה	נחמיה ח:ב		`וַיָּבִיא עֶזְרָא הַכֹּהֵן אֶת הַתּוֹרָה לִפְנֵי הַקָּהָל מֵאִישׁ וְעַד אִשָּׁה וְכֹל מֵבִין לִשְׁמֹעַ בְּיוֹם אֶחָד לַחֹדֶשׁ הַשְּׁבִיעִי` (נחמיה ח:ב)
834	34	נפש	נפש	תהילים קלא:ב		`אִם לֹא שִׁוִּיתִי וְדוֹמַמְתִּי נַפְשִׁי כְּגָמֻל עֲלֵי אִמּוֹ כַּגָּמֻל עָלַי נַפְשִׁי` (תהילים קלא:ב)
835	34	לב-לבב	לבב	ישעיהו י:יב		`וְהָיָה כִּי יְבַצַּע אֲדֹנָי אֶת כָּל מַעֲשֵׂהוּ בְּהַר צִיּוֹן וּבִירוּשָׁלִָם אֶפְקֹד עַל פְּרִי גֹדֶל לְבַב מֶלֶךְ אַשּׁוּר וְעַל תִּפְאֶרֶת רוּם עֵינָיו` (ישעיהו י:יב)
836	34	נפש	נפש	מלכים-א כ:לט		`וַיְהִי הַמֶּלֶךְ עֹבֵר וְהוּא צָעַק אֶל הַמֶּלֶךְ וַיֹּאמֶר עַבְדְּךָ יָצָא בְקֶרֶב הַמִּלְחָמָה וְהִנֵּה אִישׁ סָר וַיָּבֵא אֵלַי אִישׁ וַיֹּאמֶר שְׁמֹר אֶת הָאִישׁ הַזֶּה אִם הִפָּקֵד יִפָּקֵד וְהָיְתָה נַפְשְׁךָ תַּחַת נַפְשׁוֹ אוֹ כִכַּר כֶּסֶף תִּשְׁקוֹל` (מלכים-א כ:לט)
837	34	חיה-פועל	חיה	חבקוק ג:ב		`יְהוָה שָׁמַעְתִּי שִׁמְעֲךָ יָרֵאתִי יְהוָה פָּעָלְךָ בְּקֶרֶב שָׁנִים חַיֵּיהוּ בְּקֶרֶב שָׁנִים תּוֹדִיעַ בְּרֹגֶז רַחֵם תִּזְכּוֹר` (חבקוק ג:ב)
838	34	נפש	נפש	אסתר ח:יא	1131	`אֲשֶׁר נָתַן הַמֶּלֶךְ לַיְּהוּדִים אֲשֶׁר בְּכָל עִיר וָעִיר לְהִקָּהֵל וְלַעֲמֹד עַל נַפְשָׁם לְהַשְׁמִיד וְלַהֲרֹג וּלְאַבֵּד אֶת כָּל חֵיל עַם וּמְדִינָה הַצָּרִים אֹתָם טַף וְנָשִׁים וּשְׁלָלָם לָבוֹז` (אסתר ח:יא)
839	34	אדם	אדם	יחזקאל לו:יא		`וְהִרְבֵּיתִי עֲלֵיכֶם אָדָם וּבְהֵמָה וְרָבוּ וּפָרוּ וְהוֹשַׁבְתִּי אֶתְכֶם כְּקַדְמוֹתֵיכֶם וְהֵטִבֹתִי מֵרִאשֹׁתֵיכֶם וִידַעְתֶּם כִּי אֲנִי יְהוָה` (יחזקאל לו:יא)
840	34	איש-אשה	אשה	בראשית לד:כט		`וְאֶת כָּל חֵילָם וְאֶת כָּל טַפָּם וְאֶת נְשֵׁיהֶם שָׁבוּ וַיָּבֹזּוּ וְאֵת כָּל אֲשֶׁר בַּבָּיִת` (בראשית לד:כט)
841	34	אדם	אדם	תהילים קז:לא		`יוֹדוּ לַיהוָה חַסְדּוֹ וְנִפְלְאוֹתָיו לִבְנֵי אָדָם` (תהילים קז:לא)
842	34	רוח	רוח	שמות כח:ג		`וְאַתָּה תְּדַבֵּר אֶל כָּל חַכְמֵי לֵב אֲשֶׁר מִלֵּאתִיו רוּחַ חָכְמָה וְעָשׂוּ אֶת בִּגְדֵי אַהֲרֹן לְקַדְּשׁוֹ לְכַהֲנוֹ לִי` (שמות כח:ג)
843	34	לב-לבב	לב	מלכים-א ד:כט		`וַיִּתֵּן אֱלֹהִים חָכְמָה לִשְׁלֹמֹה וּתְבוּנָה הַרְבֵּה מְאֹד וְרֹחַב לֵב כַּחוֹל אֲשֶׁר עַל שְׂפַת הַיָּם` (מלכים-א ד:כט)
844	34	נפש	נפש	תהילים ל:ג	732	`יְהוָה הֶעֱלִיתָ מִן שְׁאוֹל נַפְשִׁי חִיִּיתַנִי מִיּוֹרְדֵי בוֹר` (תהילים ל:ג)
845	34	נפש	נפש	תהילים ז:ה		`יִרַדֹּף אוֹיֵב נַפְשִׁי וְיַשֵּׂג וְיִרְמֹס לָאָרֶץ חַיָּי וּכְבוֹדִי לֶעָפָר יַשְׁכֵּן סֶלָה` (תהילים ז:ה)
846	34	חיים	חיים	משלי יד:כז		`יִרְאַת יְהוָה מְקוֹר חַיִּים לָסוּר מִמֹּקְשֵׁי מָוֶת` (משלי יד:כז)
847	34	נפש	נפש	בראשית ט:טז		`וְהָיְתָה הַקֶּשֶׁת בֶּעָנָן וּרְאִיתִיהָ לִזְכֹּר בְּרִית עוֹלָם בֵּין אֱלֹהִים וּבֵין כָּל נֶפֶשׁ חַיָּה בְּכָל בָּשָׂר אֲשֶׁר עַל הָאָרֶץ` (בראשית ט:טז)
848	34	נפש	נפש	ישעיהו נח:ה		`הֲכָזֶה יִהְיֶה צוֹם אֶבְחָרֵהוּ יוֹם עַנּוֹת אָדָם נַפְשׁוֹ הֲלָכֹף כְּאַגְמֹן רֹאשׁוֹ וְשַׂק וָאֵפֶר יַצִּיעַ הֲלָזֶה תִּקְרָא צוֹם וְיוֹם רָצוֹן לַיהוָה` (ישעיהו נח:ה)
849	34	חיים	חיים	יחזקאל לב:כה		`בְּתוֹךְ חֲלָלִים נָתְנוּ מִשְׁכָּב לָהּ בְּכָל הֲמוֹנָהּ סְבִיבוֹתָיו קִבְרֹתֶהָ כֻּלָּם עֲרֵלִים חַלְלֵי חֶרֶב כִּי נִתַּן חִתִּיתָם בְּאֶרֶץ חַיִּים וַיִּשְׂאוּ כְלִמָּתָם אֶת יוֹרְדֵי בוֹר בְּתוֹךְ חֲלָלִים נִתָּן` (יחזקאל לב:כה)
850	34	חיים	חיים	איוב י:יב		`חַיִּים וָחֶסֶד עָשִׂיתָ עִמָּדִי וּפְקֻדָּתְךָ שָׁמְרָה רוּחִי` (איוב י:יב)
851	35	נפש	נפש	משלי כט:כד		`חוֹלֵק עִם גַּנָּב שׂוֹנֵא נַפְשׁוֹ אָלָה יִשְׁמַע וְלֹא יַגִּיד` (משלי כט:כד)
852	35	חיים	חיים	בראשית מז:ט	1242	`וַיֹּאמֶר יַעֲקֹב אֶל פַּרְעֹה יְמֵי שְׁנֵי מְגוּרַי שְׁלֹשִׁים וּמְאַת שָׁנָה מְעַט וְרָעִים הָיוּ יְמֵי שְׁנֵי חַיַּי וְלֹא הִשִּׂיגוּ אֶת יְמֵי שְׁנֵי חַיֵּי אֲבֹתַי בִּימֵי מְגוּרֵיהֶם` (בראשית מז:ט)
853	35	איש-אשה	אשה	שופטים יט:כו		`וַתָּבֹא הָאִשָּׁה לִפְנוֹת הַבֹּקֶר וַתִּפֹּל פֶּתַח בֵּית הָאִישׁ אֲשֶׁר אֲדוֹנֶיהָ שָּׁם עַד הָאוֹר` (שופטים יט:כו)
854	35	לב-לבב	לב	משלי י:ח		`חֲכַם לֵב יִקַּח מִצְוֺת וֶאֱוִיל שְׂפָתַיִם יִלָּבֵט` (משלי י:ח)
855	35	נפש	נפש	משלי כג:יד		`אַתָּה בַּשֵּׁבֶט תַּכֶּנּוּ וְנַפְשׁוֹ מִשְּׁאוֹל תַּצִּיל` (משלי כג:יד)
856	35	נפש	נפש	תהילים לה:ט		`וְנַפְשִׁי תָּגִיל בַּיהוָה תָּשִׂישׂ בִּישׁוּעָתוֹ` (תהילים לה:ט)
857	35	נפש	נפש	תהילים קז:ה		`רְעֵבִים גַּם צְמֵאִים נַפְשָׁם בָּהֶם תִּתְעַטָּף` (תהילים קז:ה)
858	35	נפש	נפש	ויקרא ז:כז		`כָּל נֶפֶשׁ אֲשֶׁר תֹּאכַל כָּל דָּם וְנִכְרְתָה הַנֶּפֶשׁ הַהִוא מֵעַמֶּיהָ` (ויקרא ז:כז)
859	35	לב-לבב	לב	מלכים-ב ה:כו		`וַיֹּאמֶר אֵלָיו לֹא לִבִּי הָלַךְ כַּאֲשֶׁר הָפַךְ אִישׁ מֵעַל מֶרְכַּבְתּוֹ לִקְרָאתֶךָ הַעֵת לָקַחַת אֶת הַכֶּסֶף וְלָקַחַת בְּגָדִים וְזֵיתִים וּכְרָמִים וְצֹאן וּבָקָר וַעֲבָדִים וּשְׁפָחוֹת` (מלכים-ב ה:כו)
860	35	איש-אשה	איש	תהילים קט:טז		`יַעַן אֲשֶׁר לֹא זָכַר עֲשׂוֹת חָסֶד וַיִּרְדֹּף אִישׁ עָנִי וְאֶבְיוֹן וְנִכְאֵה לֵבָב לְמוֹתֵת` (תהילים קט:טז)
861	35	נפש	נפש	איוב לא:לט		`אִם כֹּחָהּ אָכַלְתִּי בְלִי כָסֶף וְנֶפֶשׁ בְּעָלֶיהָ הִפָּחְתִּי` (איוב לא:לט)
862	35	איש-אשה	איש	משלי טו:כא	1012	`אִוֶּלֶת שִׂמְחָה לַחֲסַר לֵב וְאִישׁ תְּבוּנָה יְיַשֶׁר לָכֶת` (משלי טו:כא)
863	35	רוח	רוח	תהילים יא:ו		`יַמְטֵר עַל רְשָׁעִים פַּחִים אֵשׁ וְגָפְרִית וְרוּחַ זִלְעָפוֹת מְנָת כּוֹסָם` (תהילים יא:ו)
864	35	חיים	חיים	רות ב:כ		`וַתֹּאמֶר נָעֳמִי לְכַלָּתָהּ בָּרוּךְ הוּא לַיהוָה אֲשֶׁר לֹא עָזַב חַסְדּוֹ אֶת הַחַיִּים וְאֶת הַמֵּתִים וַתֹּאמֶר לָהּ נָעֳמִי קָרוֹב לָנוּ הָאִישׁ מִגֹּאֲלֵנוּ הוּא` (רות ב:כ)
865	35	נפש	נפש	ירמיהו יח:כ	1177	`הַיְשֻׁלַּם תַּחַת טוֹבָה רָעָה כִּי כָרוּ שׁוּחָה לְנַפְשִׁי זְכֹר עָמְדִי לְפָנֶיךָ לְדַבֵּר עֲלֵיהֶם טוֹבָה לְהָשִׁיב אֶת חֲמָתְךָ מֵהֶם` (ירמיהו יח:כ)
866	35	נפש	נפש	מלכים-א יז:כב		`וַיִּשְׁמַע יְהוָה בְּקוֹל אֵלִיָּהוּ וַתָּשָׁב נֶפֶשׁ הַיֶּלֶד עַל קִרְבּוֹ וַיֶּחִי` (מלכים-א יז:כב)
867	35	נפש	נפש	שמואל-א כב:כב		`וַיֹּאמֶר דָּוִד לְאֶבְיָתָר יָדַעְתִּי בַּיּוֹם הַהוּא כִּי שָׁם דּוֹיֵג הָאֲדֹמִי כִּי הַגֵּד יַגִּיד לְשָׁאוּל אָנֹכִי סַבֹּתִי בְּכָל נֶפֶשׁ בֵּית אָבִיךָ` (שמואל-א כב:כב)
868	35	נפש	נפש	משלי כ:ב	402	`נַהַם כַּכְּפִיר אֵימַת מֶלֶךְ מִתְעַבְּרוֹ חוֹטֵא נַפְשׁוֹ` (משלי כ:ב)
869	35	נפש	נפש	בראשית מד:ל		`וְעַתָּה כְּבֹאִי אֶל עַבְדְּךָ אָבִי וְהַנַּעַר אֵינֶנּוּ אִתָּנוּ וְנַפְשׁוֹ קְשׁוּרָה בְנַפְשׁוֹ` (בראשית מד:ל)
870	35	נפש	נפש	שמואל-א כ:ד		`וַיֹּאמֶר יְהוֹנָתָן אֶל דָּוִד מַה תֹּאמַר נַפְשְׁךָ וְאֶעֱשֶׂה לָּךְ` (שמואל-א כ:ד)
871	35	נפש	נפש	ירמיהו לט:יח		`כִּי מַלֵּט אֲמַלֶּטְךָ וּבַחֶרֶב לֹא תִפֹּל וְהָיְתָה לְךָ נַפְשְׁךָ לְשָׁלָל כִּי בָטַחְתָּ בִּי נְאֻם יְהוָה` (ירמיהו לט:יח)
872	35	איש-אשה	אשה	שמואל-א א:כג		`וַיֹּאמֶר לָהּ אֶלְקָנָה אִישָׁהּ עֲשִׂי הַטּוֹב בְּעֵינַיִךְ שְׁבִי עַד גָּמְלֵךְ אֹתוֹ אַךְ יָקֵם יְהוָה אֶת דְּבָרוֹ וַתֵּשֶׁב הָאִשָּׁה וַתֵּינֶק אֶת בְּנָהּ עַד גָּמְלָהּ אֹתוֹ` (שמואל-א א:כג)
873	35	איש-אשה	איש	שופטים ז:יג		`וַיָּבֹא גִדְעוֹן וְהִנֵּה אִישׁ מְסַפֵּר לְרֵעֵהוּ חֲלוֹם וַיֹּאמֶר הִנֵּה חֲלוֹם חָלַמְתִּי וְהִנֵּה צְלוֹל לֶחֶם שְׂעֹרִים מִתְהַפֵּךְ בְּמַחֲנֵה מִדְיָן וַיָּבֹא עַד הָאֹהֶל וַיַּכֵּהוּ וַיִּפֹּל וַיַּהַפְכֵהוּ לְמַעְלָה וְנָפַל הָאֹהֶל` (שופטים ז:יג)
874	35	איש-אשה	אשה	שופטים א:יג		`וַיִּלְכְּדָהּ עָתְנִיאֵל בֶּן קְנַז אֲחִי כָלֵב הַקָּטֹן מִמֶּנּוּ וַיִּתֶּן לוֹ אֶת עַכְסָה בִתּוֹ לְאִשָּׁה` (שופטים א:יג)
875	35	נפש	נפש	משלי ז:כג		`עַד יְפַלַּח חֵץ כְּבֵדוֹ כְּמַהֵר צִפּוֹר אֶל פָּח וְלֹא יָדַע כִּי בְנַפְשׁוֹ הוּא` (משלי ז:כג)
876	36	רוח	רוח	יחזקאל ג:יב		`וַתִּשָּׂאֵנִי רוּחַ וָאֶשְׁמַע אַחֲרַי קוֹל רַעַשׁ גָּדוֹל בָּרוּךְ כְּבוֹד יְהוָה מִמְּקוֹמוֹ` (יחזקאל ג:יב)
877	36	איש-אשה	איש	במדבר ד:יט		`וְזֹאת עֲשׂוּ לָהֶם וְחָיוּ וְלֹא יָמֻתוּ בְּגִשְׁתָּם אֶת קֹדֶשׁ הַקֳּדָשִׁים אַהֲרֹן וּבָנָיו יָבֹאוּ וְשָׂמוּ אוֹתָם אִישׁ אִישׁ עַל עֲבֹדָתוֹ וְאֶל מַשָּׂאוֹ` (במדבר ד:יט)
878	36	חיים	חיים	ירמיהו כא:ח		`וְאֶל הָעָם הַזֶּה תֹּאמַר כֹּה אָמַר יְהוָה הִנְנִי נֹתֵן לִפְנֵיכֶם אֶת דֶּרֶךְ הַחַיִּים וְאֶת דֶּרֶךְ הַמָּוֶת` (ירמיהו כא:ח)
879	36	נפש	נפש	תהילים קו:טו		`וַיִּתֵּן לָהֶם שֶׁאֱלָתָם וַיְשַׁלַּח רָזוֹן בְּנַפְשָׁם` (תהילים קו:טו)
880	36	נפש	נפש	בראשית א:כא		`וַיִּבְרָא אֱלֹהִים אֶת הַתַּנִּינִם הַגְּדֹלִים וְאֵת כָּל נֶפֶשׁ הַחַיָּה הָרֹמֶשֶׂת אֲשֶׁר שָׁרְצוּ הַמַּיִם לְמִינֵהֶם וְאֵת כָּל עוֹף כָּנָף לְמִינֵהוּ וַיַּרְא אֱלֹהִים כִּי טוֹב` (בראשית א:כא)
881	36	נפש	נפש	תהילים קיט:קכט		`פְּלָאוֹת עֵדְוֺתֶיךָ עַל כֵּן נְצָרָתַם נַפְשִׁי` (תהילים קיט:קכט)
882	36	אדם	אדם	שמות ט:יט		`וְעַתָּה שְׁלַח הָעֵז אֶת מִקְנְךָ וְאֵת כָּל אֲשֶׁר לְךָ בַּשָּׂדֶה כָּל הָאָדָם וְהַבְּהֵמָה אֲשֶׁר יִמָּצֵא בַשָּׂדֶה וְלֹא יֵאָסֵף הַבַּיְתָה וְיָרַד עֲלֵהֶם הַבָּרָד וָמֵתוּ` (שמות ט:יט)
883	36	רוח	רוח	חבקוק א:יא		`אָז חָלַף רוּחַ וַיַּעֲבֹר וְאָשֵׁם זוּ כֹחוֹ לֵאלֹהוֹ` (חבקוק א:יא)
884	36	נפש	נפש	משלי יא:יז		`גֹּמֵל נַפְשׁוֹ אִישׁ חָסֶד וְעֹכֵר שְׁאֵרוֹ אַכְזָרִי` (משלי יא:יז)
885	36	נפש	נפש	תהילים פו:ב		`שָׁמְרָה נַפְשִׁי כִּי חָסִיד אָנִי הוֹשַׁע עַבְדְּךָ אַתָּה אֱלֹהַי הַבּוֹטֵחַ אֵלֶיךָ` (תהילים פו:ב)
886	36	לב-לבב	לב	תהילים קמז:ג		`הָרֹפֵא לִשְׁבוּרֵי לֵב וּמְחַבֵּשׁ לְעַצְּבוֹתָם` (תהילים קמז:ג)
887	36	איש-אשה	איש	במדבר ב:יז		`וְנָסַע אֹהֶל מוֹעֵד מַחֲנֵה הַלְוִיִּם בְּתוֹךְ הַמַּחֲנֹת כַּאֲשֶׁר יַחֲנוּ כֵּן יִסָּעוּ אִישׁ עַל יָדוֹ לְדִגְלֵיהֶם` (במדבר ב:יז)
888	36	איש-אשה	איש	ויקרא יג:מד		`אִישׁ צָרוּעַ הוּא טָמֵא הוּא טַמֵּא יְטַמְּאֶנּוּ הַכֹּהֵן בְּרֹאשׁוֹ נִגְעוֹ` (ויקרא יג:מד)
889	36	נפש	נפש	חבקוק ב:ד		`הִנֵּה עֻפְּלָה לֹא יָשְׁרָה נַפְשׁוֹ בּוֹ וְצַדִּיק בֶּאֱמוּנָתוֹ יִחְיֶה` (חבקוק ב:ד)
890	36	איש-אשה	איש	משלי כב:כט		`חָזִיתָ אִישׁ מָהִיר בִּמְלַאכְתּוֹ לִפְנֵי מְלָכִים יִתְיַצָּב בַּל יִתְיַצֵּב לִפְנֵי חֲשֻׁכִּים` (משלי כב:כט)
891	36	איש-אשה	איש	שופטים ז:ו		`וַיְהִי מִסְפַּר הַמֲלַקְקִים בְּיָדָם אֶל פִּיהֶם שְׁלֹשׁ מֵאוֹת אִישׁ וְכֹל יֶתֶר הָעָם כָּרְעוּ עַל בִּרְכֵיהֶם לִשְׁתּוֹת מָיִם` (שופטים ז:ו)
892	36	נפש	נפש	איוב י:א		`נָקְטָה נַפְשִׁי בְּחַיָּי אֶעֶזְבָה עָלַי שִׂיחִי אֲדַבְּרָה בְּמַר נַפְשִׁי` (איוב י:א)
893	36	נפש	נפש	ויקרא ב:א		`וְנֶפֶשׁ כִּי תַקְרִיב קָרְבַּן מִנְחָה לַיהוָה סֹלֶת יִהְיֶה קָרְבָּנוֹ וְיָצַק עָלֶיהָ שֶׁמֶן וְנָתַן עָלֶיהָ לְבֹנָה` (ויקרא ב:א)
894	36	איש-אשה	איש	שופטים ח:יד		`וַיִּלְכָּד נַעַר מֵאַנְשֵׁי סֻכּוֹת וַיִּשְׁאָלֵהוּ וַיִּכְתֹּב אֵלָיו אֶת שָׂרֵי סֻכּוֹת וְאֶת זְקֵנֶיהָ שִׁבְעִים וְשִׁבְעָה אִישׁ` (שופטים ח:יד)
895	36	נפש	נפש	ירמיהו יב:ז		`עָזַבְתִּי אֶת בֵּיתִי נָטַשְׁתִּי אֶת נַחֲלָתִי נָתַתִּי אֶת יְדִדוּת נַפְשִׁי בְּכַף אֹיְבֶיהָ` (ירמיהו יב:ז)
896	36	נפש	נפש	תהילים צז:י		`אֹהֲבֵי יְהוָה שִׂנְאוּ רָע שֹׁמֵר נַפְשׁוֹת חֲסִידָיו מִיַּד רְשָׁעִים יַצִּילֵם` (תהילים צז:י)
897	36	נפש	נפש	משלי י:ג		`לֹא יַרְעִיב יְהוָה נֶפֶשׁ צַדִּיק וְהַוַּת רְשָׁעִים יֶהְדֹּף` (משלי י:ג)
898	36	נפש	נפש	איכה ג:כה		`טוֹב יְהוָה לְקוָֹו לְנֶפֶשׁ תִּדְרְשֶׁנּוּ` (איכה ג:כה)
899	36	לב-לבב	לב	שמות יא:י		`וּמֹשֶׁה וְאַהֲרֹן עָשׂוּ אֶת כָּל הַמֹּפְתִים הָאֵלֶּה לִפְנֵי פַרְעֹה וַיְחַזֵּק יְהוָה אֶת לֵב פַּרְעֹה וְלֹא שִׁלַּח אֶת בְּנֵי יִשְׂרָאֵל מֵאַרְצוֹ` (שמות יא:י)
900	36	חיים	חיים	שמואל-ב א:כג		`שָׁאוּל וִיהוֹנָתָן הַנֶּאֱהָבִים וְהַנְּעִימִם בְּחַיֵּיהֶם וּבְמוֹתָם לֹא נִפְרָדוּ מִנְּשָׁרִים קַלּוּ מֵאֲרָיוֹת גָּבֵרוּ` (שמואל-ב א:כג)
901	37	נפש	נפש	משלי ו:טז		`שֶׁשׁ הֵנָּה שָׂנֵא יְהוָה וְשֶׁבַע תּוֹעֲבוֹת נַפְשׁוֹ` (משלי ו:טז)
902	37	נפש	נפש	מיכה ו:ז		`הֲיִרְצֶה יְהוָה בְּאַלְפֵי אֵילִים בְּרִבְבוֹת נַחֲלֵי שָׁמֶן הַאֶתֵּן בְּכוֹרִי פִּשְׁעִי פְּרִי בִטְנִי חַטַּאת נַפְשִׁי` (מיכה ו:ז)
903	37	חיים	חיים	קהלת ט:ד		`כִּי מִי אֲשֶׁר יִבָּחֵר אֶל כָּל הַחַיִּים יֵשׁ בִּטָּחוֹן כִּי לְכֶלֶב חַי הוּא טוֹב מִן הָאַרְיֵה הַמֵּת` (קהלת ט:ד)
904	37	נפש	נפש	יהושע ב:יג		`וְהַחֲיִתֶם אֶת אָבִי וְאֶת אִמִּי וְאֶת אַחַי וְאֶת אַחוֹתַי וְאֵת כָּל אֲשֶׁר לָהֶם וְהִצַּלְתֶּם אֶת נַפְשֹׁתֵינוּ מִמָּוֶת` (יהושע ב:יג)
905	37	נפש	נפש	יחזקאל יז:יז	491	`וְלֹא בְחַיִל גָּדוֹל וּבְקָהָל רָב יַעֲשֶׂה אוֹתוֹ פַרְעֹה בַּמִּלְחָמָה בִּשְׁפֹּךְ סֹלְלָה וּבִבְנוֹת דָּיֵק לְהַכְרִית נְפָשׁוֹת רַבּוֹת` (יחזקאל יז:יז)
906	37	נפש	נפש	בראשית א:ל		`וּלְכָל חַיַּת הָאָרֶץ וּלְכָל עוֹף הַשָּׁמַיִם וּלְכֹל רוֹמֵשׂ עַל הָאָרֶץ אֲשֶׁר בּוֹ נֶפֶשׁ חַיָּה אֶת כָּל יֶרֶק עֵשֶׂב לְאָכְלָה וַיְהִי כֵן` (בראשית א:ל)
907	37	חיים	חיים	תהילים לד:יב		`מִי הָאִישׁ הֶחָפֵץ חַיִּים אֹהֵב יָמִים לִרְאוֹת טוֹב` (תהילים לד:יב)
908	37	נפש	נפש	ירמיהו ב:לד		`גַּם בִּכְנָפַיִךְ נִמְצְאוּ דַּם נַפְשׁוֹת אֶבְיוֹנִים נְקִיִּים לֹא בַמַּחְתֶּרֶת מְצָאתִים כִּי עַל כָּל אֵלֶּה` (ירמיהו ב:לד)
909	37	רוח	רוח	יואל ב:כט	808	`וְגַם עַל הָעֲבָדִים וְעַל הַשְּׁפָחוֹת בַּיָּמִים הָהֵמָּה אֶשְׁפּוֹךְ אֶת רוּחִי` (יואל ב:כט)
910	37	רוח	רוח	איוב כ:ג		`מוּסַר כְּלִמָּתִי אֶשְׁמָע וְרוּחַ מִבִּינָתִי יַעֲנֵנִי` (איוב כ:ג)
911	37	נפש	נפש	דברים יט:כא		`וְלֹא תָחוֹס עֵינֶךָ נֶפֶשׁ בְּנֶפֶשׁ עַיִן בְּעַיִן שֵׁן בְּשֵׁן יָד בְּיָד רֶגֶל בְּרָגֶל` (דברים יט:כא)
912	37	נפש	נפש	שופטים ה:כא		`נַחַל קִישׁוֹן גְּרָפָם נַחַל קְדוּמִים נַחַל קִישׁוֹן תִּדְרְכִי נַפְשִׁי עֹז` (שופטים ה:כא)
913	37	אדם	אדם	הושע יא:ד		`בְּחַבְלֵי אָדָם אֶמְשְׁכֵם בַּעֲבֹתוֹת אַהֲבָה וָאֶהְיֶה לָהֶם כִּמְרִימֵי עֹל עַל לְחֵיהֶם וְאַט אֵלָיו אוֹכִיל` (הושע יא:ד)
914	37	נפש	נפש	במדבר ו:יא	148	`וְעָשָׂה הַכֹּהֵן אֶחָד לְחַטָּאת וְאֶחָד לְעֹלָה וְכִפֶּר עָלָיו מֵאֲשֶׁר חָטָא עַל הַנָּפֶשׁ וְקִדַּשׁ אֶת רֹאשׁוֹ בַּיּוֹם הַהוּא` (במדבר ו:יא)
915	37	רוח	רוח	תהילים לד:יח		`קָרוֹב יְהוָה לְנִשְׁבְּרֵי לֵב וְאֶת דַּכְּאֵי רוּחַ יוֹשִׁיעַ` (תהילים לד:יח)
916	37	חיים	חיים	משלי כז:כז		`וְדֵי חֲלֵב עִזִּים לְלַחְמְךָ לְלֶחֶם בֵּיתֶךָ וְחַיִּים לְנַעֲרוֹתֶיךָ` (משלי כז:כז)
917	37	נפש	נפש	משלי כה:כה		`מַיִם קָרִים עַל נֶפֶשׁ עֲיֵפָה וּשְׁמוּעָה טוֹבָה מֵאֶרֶץ מֶרְחָק` (משלי כה:כה)
918	37	איש-אשה	איש	עובדיה א:ט	418	`וְחַתּוּ גִבּוֹרֶיךָ תֵּימָן לְמַעַן יִכָּרֶת אִישׁ מֵהַר עֵשָׂו מִקָּטֶל` (עובדיה א:ט)
919	37	נפש	נפש	איוב יב:י		`אֲשֶׁר בְּיָדוֹ נֶפֶשׁ כָּל חָי וְרוּחַ כָּל בְּשַׂר אִישׁ` (איוב יב:י)
920	37	לב-לבב	לב	משלי כו:כג		`כֶּסֶף סִיגִים מְצֻפֶּה עַל חָרֶשׂ שְׂפָתַיִם דֹּלְקִים וְלֶב רָע` (משלי כו:כג)
921	37	נפש	נפש	ויקרא כב:ד		`אִישׁ אִישׁ מִזֶּרַע אַהֲרֹן וְהוּא צָרוּעַ אוֹ זָב בַּקֳּדָשִׁים לֹא יֹאכַל עַד אֲשֶׁר יִטְהָר וְהַנֹּגֵעַ בְּכָל טְמֵא נֶפֶשׁ אוֹ אִישׁ אֲשֶׁר תֵּצֵא מִמֶּנּוּ שִׁכְבַת זָרַע` (ויקרא כב:ד)
922	37	נפש	נפש	ויקרא יט:כח		`וְשֶׂרֶט לָנֶפֶשׁ לֹא תִתְּנוּ בִּבְשַׂרְכֶם וּכְתֹבֶת קַעֲקַע לֹא תִתְּנוּ בָּכֶם אֲנִי יְהוָה` (ויקרא יט:כח)
923	37	איש-אשה	איש	שמואל-ב כג:ט		`וְאַחֲרוֹ אֶלְעָזָר בֶּן דֹּדִי בֶּן אֲחֹחִי בִּשְׁלֹשָׁה גִבֹּרִים עִם דָּוִד בְּחָרְפָם בַּפְּלִשְׁתִּים נֶאֶסְפוּ שָׁם לַמִּלְחָמָה וַיַּעֲלוּ אִישׁ יִשְׂרָאֵל` (שמואל-ב כג:ט)
924	37	אדם	אדם	דברי-הימים-א יז:יז		`וַתִּקְטַן זֹאת בְּעֵינֶיךָ אֱלֹהִים וַתְּדַבֵּר עַל בֵּית עַבְדְּךָ לְמֵרָחוֹק וּרְאִיתַנִי כְּתוֹר הָאָדָם הַמַּעֲלָה יְהוָה אֱלֹהִים` (דברי-הימים-א יז:יז)
925	37	לב-לבב	לבב	שמואל-א א:ח		`וַיֹּאמֶר לָהּ אֶלְקָנָה אִישָׁהּ חַנָּה לָמֶה תִבְכִּי וְלָמֶה לֹא תֹאכְלִי וְלָמֶה יֵרַע לְבָבֵךְ הֲלוֹא אָנֹכִי טוֹב לָךְ מֵעֲשָׂרָה בָּנִים` (שמואל-א א:ח)
926	38	חיים	חיים	תהילים כג:ו		`אַךְ טוֹב וָחֶסֶד יִרְדְּפוּנִי כָּל יְמֵי חַיָּי וְשַׁבְתִּי בְּבֵית יְהוָה לְאֹרֶךְ יָמִים` (תהילים כג:ו)
927	38	לב-לבב	לב	מלכים-א ח:מז		`וְהֵשִׁיבוּ אֶל לִבָּם בָּאָרֶץ אֲשֶׁר נִשְׁבּוּ שָׁם וְשָׁבוּ וְהִתְחַנְּנוּ אֵלֶיךָ בְּאֶרֶץ שֹׁבֵיהֶם לֵאמֹר חָטָאנוּ וְהֶעֱוִינוּ רָשָׁעְנוּ` (מלכים-א ח:מז)
928	38	נפש	נפש	ירמיהו טו:א		`וַיֹּאמֶר יְהוָה אֵלַי אִם יַעֲמֹד מֹשֶׁה וּשְׁמוּאֵל לְפָנַי אֵין נַפְשִׁי אֶל הָעָם הַזֶּה שַׁלַּח מֵעַל פָּנַי וְיֵצֵאוּ` (ירמיהו טו:א)
929	38	נפש	נפש	משלי כב:כג	1445	`כִּי יְהוָה יָרִיב רִיבָם וְקָבַע אֶת קֹבְעֵיהֶם נָפֶשׁ` (משלי כב:כג)
930	38	נפש	נפש	דברים י:יב		`וְעַתָּה יִשְׂרָאֵל מָה יְהוָה אֱלֹהֶיךָ שֹׁאֵל מֵעִמָּךְ כִּי אִם לְיִרְאָה אֶת יְהוָה אֱלֹהֶיךָ לָלֶכֶת בְּכָל דְּרָכָיו וּלְאַהֲבָה אֹתוֹ וְלַעֲבֹד אֶת יְהוָה אֱלֹהֶיךָ בְּכָל לְבָבְךָ וּבְכָל נַפְשֶׁךָ` (דברים י:יב)
931	38	חיה-פועל	חיה	איוב ז:טז		`מָאַסְתִּי לֹא לְעֹלָם אֶחְיֶה חֲדַל מִמֶּנִּי כִּי הֶבֶל יָמָי` (איוב ז:טז)
932	38	נפש	נפש	דברים ו:ה		`וְאָהַבְתָּ אֵת יְהוָה אֱלֹהֶיךָ בְּכָל לְבָבְךָ וּבְכָל נַפְשְׁךָ וּבְכָל מְאֹדֶךָ` (דברים ו:ה)
933	38	נפש	נפש	ירמיהו כב:כז		`וְעַל הָאָרֶץ אֲשֶׁר הֵם מְנַשְּׂאִים אֶת נַפְשָׁם לָשׁוּב שָׁם שָׁמָּה לֹא יָשׁוּבוּ` (ירמיהו כב:כז)
934	38	חיה-פועל	חיה	בראשית כז:מ		`וְעַל חַרְבְּךָ תִחְיֶה וְאֶת אָחִיךָ תַּעֲבֹד וְהָיָה כַּאֲשֶׁר תָּרִיד וּפָרַקְתָּ עֻלּוֹ מֵעַל צַוָּארֶךָ` (בראשית כז:מ)
935	38	נפש	נפש	קהלת ב:כד		`אֵין טוֹב בָּאָדָם שֶׁיֹּאכַל וְשָׁתָה וְהֶרְאָה אֶת נַפְשׁוֹ טוֹב בַּעֲמָלוֹ גַּם זֹה רָאִיתִי אָנִי כִּי מִיַּד הָאֱלֹהִים הִיא` (קהלת ב:כד)
936	38	נפש	נפש	ירמיהו לד:כ		`וְנָתַתִּי אוֹתָם בְּיַד אֹיְבֵיהֶם וּבְיַד מְבַקְשֵׁי נַפְשָׁם וְהָיְתָה נִבְלָתָם לְמַאֲכָל לְעוֹף הַשָּׁמַיִם וּלְבֶהֱמַת הָאָרֶץ` (ירמיהו לד:כ)
937	38	רוח	רוח	שמואל-א יח:י		`וַיְהִי מִמָּחֳרָת וַתִּצְלַח רוּחַ אֱלֹהִים רָעָה אֶל שָׁאוּל וַיִּתְנַבֵּא בְתוֹךְ הַבַּיִת וְדָוִד מְנַגֵּן בְּיָדוֹ כְּיוֹם בְּיוֹם וְהַחֲנִית בְּיַד שָׁאוּל` (שמואל-א יח:י)
938	38	חיה-פועל	חיה	יחזקאל טז:ו	1331	`וָאֶעֱבֹר עָלַיִךְ וָאֶרְאֵךְ מִתְבּוֹסֶסֶת בְּדָמָיִךְ וָאֹמַר לָךְ בְּדָמַיִךְ חֲיִי וָאֹמַר לָךְ בְּדָמַיִךְ חֲיִי` (יחזקאל טז:ו)
939	38	רוח	רוח	תהילים נא:יב		`הָשִׁיבָה לִּי שְׂשׂוֹן יִשְׁעֶךָ וְרוּחַ נְדִיבָה תִסְמְכֵנִי` (תהילים נא:יב)
940	38	אדם	אדם	שמות ט:כה		`וַיַּךְ הַבָּרָד בְּכָל אֶרֶץ מִצְרַיִם אֵת כָּל אֲשֶׁר בַּשָּׂדֶה מֵאָדָם וְעַד בְּהֵמָה וְאֵת כָּל עֵשֶׂב הַשָּׂדֶה הִכָּה הַבָּרָד וְאֶת כָּל עֵץ הַשָּׂדֶה שִׁבֵּר` (שמות ט:כה)
941	38	נפש	נפש	ויקרא כו:מג		`וְהָאָרֶץ תֵּעָזֵב מֵהֶם וְתִרֶץ אֶת שַׁבְּתֹתֶיהָ בָּהְשַׁמָּה מֵהֶם וְהֵם יִרְצוּ אֶת עֲוֺנָם יַעַן וּבְיַעַן בְּמִשְׁפָּטַי מָאָסוּ וְאֶת חֻקֹּתַי גָּעֲלָה נַפְשָׁם` (ויקרא כו:מג)
942	38	נפש	נפש	במדבר לא:מ		`וְנֶפֶשׁ אָדָם שִׁשָּׁה עָשָׂר אָלֶף וּמִכְסָם לַיהוָה שְׁנַיִם וּשְׁלֹשִׁים נָפֶשׁ` (במדבר לא:מ)
943	38	נפש	נפש	תהילים לד:ב	1347	`בַּיהוָה תִּתְהַלֵּל נַפְשִׁי יִשְׁמְעוּ עֲנָוִים וְיִשְׂמָחוּ` (תהילים לד:ב)
944	38	חיים	חיים	שמות כב:ד		`אִם הִמָּצֵא תִמָּצֵא בְיָדוֹ הַגְּנֵבָה מִשּׁוֹר עַד חֲמוֹר עַד שֶׂה חַיִּים שְׁנַיִם יְשַׁלֵּם` (שמות כב:ד)
945	38	נפש	נפש	במדבר ל:יג		`כָּל נֵדֶר וְכָל שְׁבֻעַת אִסָּר לְעַנֹּת נָפֶשׁ אִישָׁהּ יְקִימֶנּוּ וְאִישָׁהּ יְפֵרֶנּוּ` (במדבר ל:יג)
946	38	חיים	חיים	ישעיהו נג:ח		`מֵעֹצֶר וּמִמִּשְׁפָּט לֻקָּח וְאֶת דּוֹרוֹ מִי יְשׂוֹחֵחַ כִּי נִגְזַר מֵאֶרֶץ חַיִּים מִפֶּשַׁע עַמִּי נֶגַע לָמוֹ` (ישעיהו נג:ח)
947	38	נפש	נפש	תהילים נו:יג		`כִּי הִצַּלְתָּ נַפְשִׁי מִמָּוֶת הֲלֹא רַגְלַי מִדֶּחִי לְהִתְהַלֵּךְ לִפְנֵי אֱלֹהִים בְּאוֹר הַחַיִּים` (תהילים נו:יג)
948	38	לב-לבב	לב	ירמיהו כג:ט		`לַנְּבִאִים נִשְׁבַּר לִבִּי בְקִרְבִּי רָחֲפוּ כָּל עַצְמוֹתַי הָיִיתִי כְּאִישׁ שִׁכּוֹר וּכְגֶבֶר עֲבָרוֹ יָיִן מִפְּנֵי יְהוָה וּמִפְּנֵי דִּבְרֵי קָדְשׁוֹ` (ירמיהו כג:ט)
949	38	חיים	חיים	בראשית כו:יט		`וַיַּחְפְּרוּ עַבְדֵי יִצְחָק בַּנָּחַל וַיִּמְצְאוּ שָׁם בְּאֵר מַיִם חַיִּים` (בראשית כו:יט)
950	38	נפש	נפש	ירמיהו מד:יד		`וְלֹא יִהְיֶה פָּלִיט וְשָׂרִיד לִשְׁאֵרִית יְהוּדָה הַבָּאִים לָגוּר שָׁם בְּאֶרֶץ מִצְרָיִם וְלָשׁוּב אֶרֶץ יְהוּדָה אֲשֶׁר הֵמָּה מְנַשְּׂאִים אֶת נַפְשָׁם לָשׁוּב לָשֶׁבֶת שָׁם כִּי לֹא יָשׁוּבוּ כִּי אִם פְּלֵטִים` (ירמיהו מד:יד)
951	39	לב-לבב	לב	יחזקאל כח:ח		`לַשַּׁחַת יוֹרִדוּךָ וָמַתָּה מְמוֹתֵי חָלָל בְּלֵב יַמִּים` (יחזקאל כח:ח)
952	39	לב-לבב	לב	שופטים יט:כב		`הֵמָּה מֵיטִיבִים אֶת לִבָּם וְהִנֵּה אַנְשֵׁי הָעִיר אַנְשֵׁי בְנֵי בְלִיַּעַל נָסַבּוּ אֶת הַבַּיִת מִתְדַּפְּקִים עַל הַדָּלֶת וַיֹּאמְרוּ אֶל הָאִישׁ בַּעַל הַבַּיִת הַזָּקֵן לֵאמֹר הוֹצֵא אֶת הָאִישׁ אֲשֶׁר בָּא אֶל בֵּיתְךָ וְנֵדָעֶנּוּ` (שופטים יט:כב)
953	39	נפש	נפש	ירמיהו יא:כא		`לָכֵן כֹּה אָמַר יְהוָה עַל אַנְשֵׁי עֲנָתוֹת הַמְבַקְשִׁים אֶת נַפְשְׁךָ לֵאמֹר לֹא תִנָּבֵא בְּשֵׁם יְהוָה וְלֹא תָמוּת בְּיָדֵנוּ` (ירמיהו יא:כא)
954	39	נפש	נפש	ויקרא כו:מג	941	`וְהָאָרֶץ תֵּעָזֵב מֵהֶם וְתִרֶץ אֶת שַׁבְּתֹתֶיהָ בָּהְשַׁמָּה מֵהֶם וְהֵם יִרְצוּ אֶת עֲוֺנָם יַעַן וּבְיַעַן בְּמִשְׁפָּטַי מָאָסוּ וְאֶת חֻקֹּתַי גָּעֲלָה נַפְשָׁם` (ויקרא כו:מג)
955	39	נפש	נפש	שמואל-א ל:ו		`וַתֵּצֶר לְדָוִד מְאֹד כִּי אָמְרוּ הָעָם לְסָקְלוֹ כִּי מָרָה נֶפֶשׁ כָּל הָעָם אִישׁ עַל בְּנוֹ וְעַל בְּנֹתָיו וַיִּתְחַזֵּק דָּוִד בַּיהוָה אֱלֹהָיו` (שמואל-א ל:ו)
956	39	נפש	נפש	במדבר ל:יא		`וְשָׁמַע אִישָׁהּ וְהֶחֱרִשׁ לָהּ לֹא הֵנִיא אֹתָהּ וְקָמוּ כָּל נְדָרֶיהָ וְכָל אִסָּר אֲשֶׁר אָסְרָה עַל נַפְשָׁהּ יָקוּם` (במדבר ל:יא)
957	39	אדם	אדם	דברי-הימים-ב לב:יט		`וַיְדַבְּרוּ אֶל אֱלֹהֵי יְרוּשָׁלִָם כְּעַל אֱלֹהֵי עַמֵּי הָאָרֶץ מַעֲשֵׂה יְדֵי הָאָדָם` (דברי-הימים-ב לב:יט)
958	39	נפש	נפש	שמואל-א ב:טז		`וַיֹּאמֶר אֵלָיו הָאִישׁ קַטֵּר יַקְטִירוּן כַּיּוֹם הַחֵלֶב וְקַח לְךָ כַּאֲשֶׁר תְּאַוֶּה נַפְשֶׁךָ וְאָמַר לוֹ כִּי עַתָּה תִתֵּן וְאִם לֹא לָקַחְתִּי בְחָזְקָה` (שמואל-א ב:טז)
959	39	אדם	אדם	תהילים קה:יד		`לֹא הִנִּיחַ אָדָם לְעָשְׁקָם וַיּוֹכַח עֲלֵיהֶם מְלָכִים` (תהילים קה:יד)
960	39	נפש	נפש	איוב ל:כה		`אִם לֹא בָכִיתִי לִקְשֵׁה יוֹם עָגְמָה נַפְשִׁי לָאֶבְיוֹן` (איוב ל:כה)
961	39	חיה-פועל	חיה	בראשית ה:יח		`וַיְחִי יֶרֶד שְׁתַּיִם וְשִׁשִּׁים שָׁנָה וּמְאַת שָׁנָה וַיּוֹלֶד אֶת חֲנוֹךְ` (בראשית ה:יח)
962	39	רוח	רוח	בראשית מא:ח		`וַיְהִי בַבֹּקֶר וַתִּפָּעֶם רוּחוֹ וַיִּשְׁלַח וַיִּקְרָא אֶת כָּל חַרְטֻמֵּי מִצְרַיִם וְאֶת כָּל חֲכָמֶיהָ וַיְסַפֵּר פַּרְעֹה לָהֶם אֶת חֲלֹמוֹ וְאֵין פּוֹתֵר אוֹתָם לְפַרְעֹה` (בראשית מא:ח)
963	39	חיים	חיים	בראשית ג:יד		`וַיֹּאמֶר יְהֹוָה אֱלֹהִים אֶל הַנָּחָשׁ כִּי עָשִׂיתָ זֹּאת אָרוּר אַתָּה מִכָּל הַבְּהֵמָה וּמִכֹּל חַיַּת הַשָּׂדֶה עַל גְּחֹנְךָ תֵלֵךְ וְעָפָר תֹּאכַל כָּל יְמֵי חַיֶּיךָ` (בראשית ג:יד)
964	39	נפש	נפש	יהושע י:ל		`וַיִּתֵּן יְהוָה גַּם אוֹתָהּ בְּיַד יִשְׂרָאֵל וְאֶת מַלְכָּהּ וַיַּכֶּהָ לְפִי חֶרֶב וְאֶת כָּל הַנֶּפֶשׁ אֲשֶׁר בָּהּ לֹא הִשְׁאִיר בָּהּ שָׂרִיד וַיַּעַשׂ לְמַלְכָּהּ כַּאֲשֶׁר עָשָׂה לְמֶלֶךְ יְרִיחוֹ` (יהושע י:ל)
965	39	לב-לבב	לב	משלי יד:ל		`חַיֵּי בְשָׂרִים לֵב מַרְפֵּא וּרְקַב עֲצָמוֹת קִנְאָה` (משלי יד:ל)
966	39	נפש	נפש	דברים כא:יד		`וְהָיָה אִם לֹא חָפַצְתָּ בָּהּ וְשִׁלַּחְתָּהּ לְנַפְשָׁהּ וּמָכֹר לֹא תִמְכְּרֶנָּה בַּכָּסֶף לֹא תִתְעַמֵּר בָּהּ תַּחַת אֲשֶׁר עִנִּיתָהּ` (דברים כא:יד)
967	39	נפש	נפש	ירמיהו כו:יט		`הֶהָמֵת הֱמִתֻהוּ חִזְקִיָּהוּ מֶלֶךְ יְהוּדָה וְכָל יְהוּדָה הֲלֹא יָרֵא אֶת יְהוָה וַיְחַל אֶת פְּנֵי יְהוָה וַיִּנָּחֶם יְהוָה אֶל הָרָעָה אֲשֶׁר דִּבֶּר עֲלֵיהֶם וַאֲנַחְנוּ עֹשִׂים רָעָה גְדוֹלָה עַל נַפְשׁוֹתֵינוּ` (ירמיהו כו:יט)
968	39	איש-אשה	אשה	בראשית לד:ד		`וַיֹּאמֶר שְׁכֶם אֶל חֲמוֹר אָבִיו לֵאמֹר קַח לִי אֶת הַיַּלְדָּה הַזֹּאת לְאִשָּׁה` (בראשית לד:ד)
969	39	איש-אשה	איש	בראשית מד:א		`וַיְצַו אֶת אֲשֶׁר עַל בֵּיתוֹ לֵאמֹר מַלֵּא אֶת אַמְתְּחֹת הָאֲנָשִׁים אֹכֶל כַּאֲשֶׁר יוּכְלוּן שְׂאֵת וְשִׂים כֶּסֶף אִישׁ בְּפִי אַמְתַּחְתּוֹ` (בראשית מד:א)
970	39	אדם	אדם	יחזקאל ג:ד		`וַיֹּאמֶר אֵלָי בֶּן אָדָם לֶךְ בֹּא אֶל בֵּית יִשְׂרָאֵל וְדִבַּרְתָּ בִדְבָרַי אֲלֵיהֶם` (יחזקאל ג:ד)
971	39	נפש	נפש	ישעיהו מג:ד		`מֵאֲשֶׁר יָקַרְתָּ בְעֵינַי נִכְבַּדְתָּ וַאֲנִי אֲהַבְתִּיךָ וְאֶתֵּן אָדָם תַּחְתֶּיךָ וּלְאֻמִּים תַּחַת נַפְשֶׁךָ` (ישעיהו מג:ד)
972	39	לב-לבב	לב	ישעיהו מו:ח		`זִכְרוּ זֹאת וְהִתְאֹשָׁשׁוּ הָשִׁיבוּ פוֹשְׁעִים עַל לֵב` (ישעיהו מו:ח)
973	39	נפש	נפש	יחזקאל לו:ה		`לָכֵן כֹּה אָמַר אֲדֹנָי יְהוִה אִם לֹא בְּאֵשׁ קִנְאָתִי דִבַּרְתִּי עַל שְׁאֵרִית הַגּוֹיִם וְעַל אֱדוֹם כֻּלָּא אֲשֶׁר נָתְנוּ אֶת אַרְצִי לָהֶם לְמוֹרָשָׁה בְּשִׂמְחַת כָּל לֵבָב בִּשְׁאָט נֶפֶשׁ לְמַעַן מִגְרָשָׁהּ לָבַז` (יחזקאל לו:ה)
974	39	אדם	אדם	יחזקאל כט:יא		`לֹא תַעֲבָר בָּהּ רֶגֶל אָדָם וְרֶגֶל בְּהֵמָה לֹא תַעֲבָר בָּהּ וְלֹא תֵשֵׁב אַרְבָּעִים שָׁנָה` (יחזקאל כט:יא)
975	39	חיים	חיים	יחזקאל לב:כז		`וְלֹא יִשְׁכְּבוּ אֶת גִּבּוֹרִים נֹפְלִים מֵעֲרֵלִים אֲשֶׁר יָרְדוּ שְׁאוֹל בִּכְלֵי מִלְחַמְתָּם וַיִּתְּנוּ אֶת חַרְבוֹתָם תַּחַת רָאשֵׁיהֶם וַתְּהִי עֲוֺנֹתָם עַל עַצְמוֹתָם כִּי חִתִּית גִּבּוֹרִים בְּאֶרֶץ חַיִּים` (יחזקאל לב:כז)
976	40	לב-לבב	לב	ירמיהו כ:ט		`וְאָמַרְתִּי לֹא אֶזְכְּרֶנּוּ וְלֹא אֲדַבֵּר עוֹד בִּשְׁמוֹ וְהָיָה בְלִבִּי כְּאֵשׁ בֹּעֶרֶת עָצֻר בְּעַצְמֹתָי וְנִלְאֵיתִי כַּלְכֵל וְלֹא אוּכָל` (ירמיהו כ:ט)
977	40	חיים	חיים	מלכים-א ח:מ		`לְמַעַן יִרָאוּךָ כָּל הַיָּמִים אֲשֶׁר הֵם חַיִּים עַל פְּנֵי הָאֲדָמָה אֲשֶׁר נָתַתָּה לַאֲבֹתֵינוּ` (מלכים-א ח:מ)
978	40	חיה-פועל	חיה	דברים טז:כ		`צֶדֶק צֶדֶק תִּרְדֹּף לְמַעַן תִּחְיֶה וְיָרַשְׁתָּ אֶת הָאָרֶץ אֲשֶׁר יְהוָה אֱלֹהֶיךָ נֹתֵן לָךְ` (דברים טז:כ)
979	40	איש-אשה	איש	דברי-הימים-ב יא:ד		`כֹּה אָמַר יְהוָה לֹא תַעֲלוּ וְלֹא תִלָּחֲמוּ עִם אֲחֵיכֶם שׁוּבוּ אִישׁ לְבֵיתוֹ כִּי מֵאִתִּי נִהְיָה הַדָּבָר הַזֶּה וַיִּשְׁמְעוּ אֶת דִּבְרֵי יְהוָה וַיָּשֻׁבוּ מִלֶּכֶת אֶל יָרָבְעָם` (דברי-הימים-ב יא:ד)
980	40	נפש	נפש	תהילים סג:א		`מִזְמוֹר לְדָוִד בִּהְיוֹתוֹ בְּמִדְבַּר יְהוּדָה אֱלֹהִים אֵלִי אַתָּה אֲ‍שַׁחֲרֶךָּ צָמְאָה לְךָ נַפְשִׁי כָּמַהּ לְךָ בְשָׂרִי בְּאֶרֶץ צִיָּה וְעָיֵף בְּלִי מָיִם` (תהילים סג:א)
981	40	רוח	רוח	יחזקאל מב:כ		`לְאַרְבַּע רוּחוֹת מְדָדוֹ חוֹמָה לוֹ סָבִיב סָבִיב אֹרֶךְ חֲמֵשׁ מֵאוֹת וְרֹחַב חֲמֵשׁ מֵאוֹת לְהַבְדִּיל בֵּין הַקֹּדֶשׁ לְחֹל` (יחזקאל מב:כ)
982	40	חיים	חיים	תהילים קכח:ה		`יְבָרֶכְךָ יְהוָה מִצִּיּוֹן וּרְאֵה בְּטוּב יְרוּשָׁלִָם כֹּל יְמֵי חַיֶּיךָ` (תהילים קכח:ה)
983	40	נפש	נפש	ירמיהו לח:ב		`כֹּה אָמַר יְהוָה הַיֹּשֵׁב בָּעִיר הַזֹּאת יָמוּת בַּחֶרֶב בָּרָעָב וּבַדָּבֶר וְהַיֹּצֵא אֶל הַכַּשְׂדִּים יִחְיֶה וְהָיְתָה לּוֹ נַפְשׁוֹ לְשָׁלָל וָחָי` (ירמיהו לח:ב)
984	40	נפש	נפש	משלי א:יט		`כֵּן אָרְחוֹת כָּל בֹּצֵעַ בָּצַע אֶת נֶפֶשׁ בְּעָלָיו יִקָּח` (משלי א:יט)
985	40	חיה-פועל	חיה	נחמיה ט:ו		`אַתָּה הוּא יְהוָה לְבַדֶּךָ אַתְּ עָשִׂיתָ אֶת הַשָּׁמַיִם שְׁמֵי הַשָּׁמַיִם וְכָל צְבָאָם הָאָרֶץ וְכָל אֲשֶׁר עָלֶיהָ הַיַּמִּים וְכָל אֲשֶׁר בָּהֶם וְאַתָּה מְחַיֶּה אֶת כֻּלָּם וּצְבָא הַשָּׁמַיִם לְךָ מִשְׁתַּחֲוִים` (נחמיה ט:ו)
986	40	נפש	נפש	תהילים קמב:ד		`הַבֵּיט יָמִין וּרְאֵה וְאֵין לִי מַכִּיר אָבַד מָנוֹס מִמֶּנִּי אֵין דּוֹרֵשׁ לְנַפְשִׁי` (תהילים קמב:ד)
987	40	נפש	נפש	דברים ל:ב		`וְשַׁבְתָּ עַד יְהוָה אֱלֹהֶיךָ וְשָׁמַעְתָּ בְקֹלוֹ כְּכֹל אֲשֶׁר אָנֹכִי מְצַוְּךָ הַיּוֹם אַתָּה וּבָנֶיךָ בְּכָל לְבָבְךָ וּבְכָל נַפְשֶׁךָ` (דברים ל:ב)
988	40	נפש	נפש	איכה ג:כ		`זָכוֹר תִּזְכּוֹר וְתָשִׁיחַ עָלַי נַפְשִׁי` (איכה ג:כ)
989	40	נפש	נפש	יחזקאל כז:יג		`יָוָן תֻּבַל וָמֶשֶׁךְ הֵמָּה רֹכְלָיִךְ בְּנֶפֶשׁ אָדָם וּכְלֵי נְחֹשֶׁת נָתְנוּ מַעֲרָבֵךְ` (יחזקאל כז:יג)
990	40	אדם	אדם	דברים ח:ג		`וַיְעַנְּךָ וַיַּרְעִבֶךָ וַיַּאֲכִלְךָ אֶת הַמָּן אֲשֶׁר לֹא יָדַעְתָּ וְלֹא יָדְעוּן אֲבֹתֶיךָ לְמַעַן הוֹדִעֲךָ כִּי לֹא עַל הַלֶּחֶם לְבַדּוֹ יִחְיֶה הָאָדָם כִּי עַל כָּל מוֹצָא פִי יְהוָה יִחְיֶה הָאָדָם` (דברים ח:ג)
991	40	אדם	אדם	יחזקאל כט:ב		`בֶּן אָדָם שִׂים פָּנֶיךָ עַל פַּרְעֹה מֶלֶךְ מִצְרָיִם וְהִנָּבֵא עָלָיו וְעַל מִצְרַיִם כֻּלָּהּ` (יחזקאל כט:ב)
992	40	איש-אשה	אשה	בראשית לד:כט	840	`וְאֶת כָּל חֵילָם וְאֶת כָּל טַפָּם וְאֶת נְשֵׁיהֶם שָׁבוּ וַיָּבֹזּוּ וְאֵת כָּל אֲשֶׁר בַּבָּיִת` (בראשית לד:כט)
993	40	לב-לבב	לבב	זכריה ז:י		`וְאַלְמָנָה וְיָתוֹם גֵּר וְעָנִי אַל תַּעֲשֹׁקוּ וְרָעַת אִישׁ אָחִיו אַל תַּחְשְׁבוּ בִּלְבַבְכֶם` (זכריה ז:י)
994	40	אדם	אדם	עמוס ד:יג		`כִּי הִנֵּה יוֹצֵר הָרִים וּבֹרֵא רוּחַ וּמַגִּיד לְאָדָם מַה שֵּׂחוֹ עֹשֵׂה שַׁחַר עֵיפָה וְדֹרֵךְ עַל בָּמֳתֵי אָרֶץ יְהוָה אֱלֹהֵי צְבָאוֹת שְׁמוֹ` (עמוס ד:יג)
995	40	נפש	נפש	ויקרא ה:א		`וְנֶפֶשׁ כִּי תֶחֱטָא וְשָׁמְעָה קוֹל אָלָה וְהוּא עֵד אוֹ רָאָה אוֹ יָדָע אִם לוֹא יַגִּיד וְנָשָׂא עֲוֺנוֹ` (ויקרא ה:א)
996	40	אדם	אדם	יחזקאל כ:ד		`הֲתִשְׁפֹּט אֹתָם הֲתִשְׁפּוֹט בֶּן אָדָם אֶת תּוֹעֲבֹת אֲבוֹתָם הוֹדִיעֵם` (יחזקאל כ:ד)
997	40	נפש	נפש	מלכים-ב א:יד		`הִנֵּה יָרְדָה אֵשׁ מִן הַשָּׁמַיִם וַתֹּאכַל אֶת שְׁנֵי שָׂרֵי הַחֲמִשִּׁים הָרִאשֹׁנִים וְאֶת חֲמִשֵּׁיהֶם וְעַתָּה תִּיקַר נַפְשִׁי בְּעֵינֶיךָ` (מלכים-ב א:יד)
998	40	נפש	נפש	תהילים קיו:ח		`כִּי חִלַּצְתָּ נַפְשִׁי מִמָּוֶת אֶת עֵינִי מִן דִּמְעָה אֶת רַגְלִי מִדֶּחִי` (תהילים קיו:ח)
999	40	לב-לבב	לב	משלי ז:כה		`אַל יֵשְׂטְ אֶל דְּרָכֶיהָ לִבֶּךָ אַל תֵּתַע בִּנְתִיבוֹתֶיהָ` (משלי ז:כה)
1000	40	חיים	חיים	משלי י:טז		`פְּעֻלַּת צַדִּיק לְחַיִּים תְּבוּאַת רָשָׁע לְחַטָּאת` (משלי י:טז)
1001	41	חיה-פועל	חיה	שמות א:יז		`וַתִּירֶאןָ הַמְיַלְּדֹת אֶת הָאֱלֹהִים וְלֹא עָשׂוּ כַּאֲשֶׁר דִּבֶּר אֲלֵיהֶן מֶלֶךְ מִצְרָיִם וַתְּחַיֶּיןָ אֶת הַיְלָדִים` (שמות א:יז)
1002	41	נפש	נפש	במדבר ה:ב		`צַו אֶת בְּנֵי יִשְׂרָאֵל וִישַׁלְּחוּ מִן הַמַּחֲנֶה כָּל צָרוּעַ וְכָל זָב וְכֹל טָמֵא לָנָפֶשׁ` (במדבר ה:ב)
1003	41	נפש	נפש	תהילים כב:כט		`אָכְלוּ וַיִּשְׁתַּחֲוּוּ כָּל דִּשְׁנֵי אֶרֶץ לְפָנָיו יִכְרְעוּ כָּל יוֹרְדֵי עָפָר וְנַפְשׁוֹ לֹא חִיָּה` (תהילים כב:כט)
1004	41	חיים	חיים	בראשית כה:ז		`וְאֵלֶּה יְמֵי שְׁנֵי חַיֵּי אַבְרָהָם אֲשֶׁר חָי מְאַת שָׁנָה וְשִׁבְעִים שָׁנָה וְחָמֵשׁ שָׁנִים` (בראשית כה:ז)
1005	41	לב-לבב	לבב	ישעיהו א:ה		`עַל מֶה תֻכּוּ עוֹד תּוֹסִיפוּ סָרָה כָּל רֹאשׁ לָחֳלִי וְכָל לֵבָב דַּוָּי` (ישעיהו א:ה)
1006	41	לב-לבב	לבב	דברי-הימים-ב ו:לז		`וְהֵשִׁיבוּ אֶל לְבָבָם בָּאָרֶץ אֲשֶׁר נִשְׁבּוּ שָׁם וְשָׁבוּ וְהִתְחַנְּנוּ אֵלֶיךָ בְּאֶרֶץ שִׁבְיָם לֵאמֹר חָטָאנוּ הֶעֱוִינוּ וְרָשָׁעְנוּ` (דברי-הימים-ב ו:לז)
1007	41	אדם	אדם	תהילים לג:יג		`מִשָּׁמַיִם הִבִּיט יְהוָה רָאָה אֶת כָּל בְּנֵי הָאָדָם` (תהילים לג:יג)
1008	41	איש-אשה	אשה	ויקרא יח:טו		`עֶרְוַת כַּלָּתְךָ לֹא תְגַלֵּה אֵשֶׁת בִּנְךָ הִוא לֹא תְגַלֶּה עֶרְוָתָהּ` (ויקרא יח:טו)
1009	41	לב-לבב	לבב	דברי-הימים-ב יג:ז		`וַיִּקָּבְצוּ עָלָיו אֲנָשִׁים רֵקִים בְּנֵי בְלִיַּעַל וַיִּתְאַמְּצוּ עַל רְחַבְעָם בֶּן שְׁלֹמֹה וּרְחַבְעָם הָיָה נַעַר וְרַךְ לֵבָב וְלֹא הִתְחַזַּק לִפְנֵיהֶם` (דברי-הימים-ב יג:ז)
1010	41	נפש	נפש	תהילים מג:ה		`מַה תִּשְׁתּוֹחֲחִי נַפְשִׁי וּמַה תֶּהֱמִי עָלָי הוֹחִילִי לֵאלֹהִים כִּי עוֹד אוֹדֶנּוּ יְשׁוּעֹת פָּנַי וֵאלֹהָי` (תהילים מג:ה)
1011	41	לב-לבב	לב	יחזקאל לו:כו		`וְנָתַתִּי לָכֶם לֵב חָדָשׁ וְרוּחַ חֲדָשָׁה אֶתֵּן בְּקִרְבְּכֶם וַהֲסִרֹתִי אֶת לֵב הָאֶבֶן מִבְּשַׂרְכֶם וְנָתַתִּי לָכֶם לֵב בָּשָׂר` (יחזקאל לו:כו)
1012	41	איש-אשה	איש	משלי טו:כא		`אִוֶּלֶת שִׂמְחָה לַחֲסַר לֵב וְאִישׁ תְּבוּנָה יְיַשֶׁר לָכֶת` (משלי טו:כא)
1013	41	נפש	נפש	מלכים-א ב:כג	1181	`וַיִּשָּׁבַע הַמֶּלֶךְ שְׁלֹמֹה בַּיהוָה לֵאמֹר כֹּה יַעֲשֶׂה לִּי אֱלֹהִים וְכֹה יוֹסִיף כִּי בְנַפְשׁוֹ דִּבֶּר אֲדֹנִיָּהוּ אֶת הַדָּבָר הַזֶּה` (מלכים-א ב:כג)
1014	41	נפש	נפש	תהילים נד:ד		`הִנֵּה אֱלֹהִים עֹזֵר לִי אֲדֹנָי בְּסֹמְכֵי נַפְשִׁי` (תהילים נד:ד)
1015	41	נפש	נפש	שמואל-א יח:א		`וַיְהִי כְּכַלֹּתוֹ לְדַבֵּר אֶל שָׁאוּל וְנֶפֶשׁ יְהוֹנָתָן נִקְשְׁרָה בְּנֶפֶשׁ דָּוִד וַיֶּאֱהָבוֹ יְהוֹנָתָן כְּנַפְשׁוֹ` (שמואל-א יח:א)
1016	41	חיים	חיים	במדבר טז:לג		`וַיֵּרְדוּ הֵם וְכָל אֲשֶׁר לָהֶם חַיִּים שְׁאֹלָה וַתְּכַס עֲלֵיהֶם הָאָרֶץ וַיֹּאבְדוּ מִתּוֹךְ הַקָּהָל` (במדבר טז:לג)
1017	41	חיה-פועל	חיה	יחזקאל יח:כג		`הֶחָפֹץ אֶחְפֹּץ מוֹת רָשָׁע נְאֻם אֲדֹנָי יְהוִה הֲלוֹא בְּשׁוּבוֹ מִדְּרָכָיו וְחָיָה` (יחזקאל יח:כג)
1018	41	חיה-פועל	חיה	תהילים עב:טו		`וִיחִי וְיִתֶּן לוֹ מִזְּהַב שְׁבָא וְיִתְפַּלֵּל בַּעֲדוֹ תָמִיד כָּל הַיּוֹם יְבָרֲכֶנְהוּ` (תהילים עב:טו)
1019	41	נפש	נפש	תהילים קכד:ד		`אֲזַי הַמַּיִם שְׁטָפוּנוּ נַחְלָה עָבַר עַל נַפְשֵׁנוּ` (תהילים קכד:ד)
1020	41	אדם	אדם	מיכה ה:ז		`וְהָיָה שְׁאֵרִית יַעֲקֹב בְּקֶרֶב עַמִּים רַבִּים כְּטַל מֵאֵת יְהוָה כִּרְבִיבִים עֲלֵי עֵשֶׂב אֲשֶׁר לֹא יְקַוֶּה לְאִישׁ וְלֹא יְיַחֵל לִבְנֵי אָדָם` (מיכה ה:ז)
1021	41	רוח	רוח	איוב ט:יח		`לֹא יִתְּנֵנִי הָשֵׁב רוּחִי כִּי יַשְׂבִּעַנִי מַמְּרֹרִים` (איוב ט:יח)
1022	41	רוח	רוח	איוב ד:ט	1092	`מִנִּשְׁמַת אֱלוֹהַ יֹאבֵדוּ וּמֵרוּחַ אַפּוֹ יִכְלוּ` (איוב ד:ט)
1023	41	נפש	נפש	דברים כב:כו		`וְלַנַּעַר לֹא תַעֲשֶׂה דָבָר אֵין לַנַּעַר חֵטְא מָוֶת כִּי כַּאֲשֶׁר יָקוּם אִישׁ עַל רֵעֵהוּ וּרְצָחוֹ נֶפֶשׁ כֵּן הַדָּבָר הַזֶּה` (דברים כב:כו)
1024	41	נפש	נפש	דברים יב:כא		`כִּי יִרְחַק מִמְּךָ הַמָּקוֹם אֲשֶׁר יִבְחַר יְהוָה אֱלֹהֶיךָ לָשׂוּם שְׁמוֹ שָׁם וְזָבַחְתָּ מִבְּקָרְךָ וּמִצֹּאנְךָ אֲשֶׁר נָתַן יְהוָה לְךָ כַּאֲשֶׁר צִוִּיתִךָ וְאָכַלְתָּ בִּשְׁעָרֶיךָ בְּכֹל אַוַּת נַפְשֶׁךָ` (דברים יב:כא)
1025	41	לב-לבב	לב	שופטים יט:ג		`וַיָּקָם אִישָׁהּ וַיֵּלֶךְ אַחֲרֶיהָ לְדַבֵּר עַל לִבָּהּ לַהֲשִׁיבוֹ וְנַעֲרוֹ עִמּוֹ וְצֶמֶד חֲמֹרִים וַתְּבִיאֵהוּ בֵּית אָבִיהָ וַיִּרְאֵהוּ אֲבִי הַנַּעֲרָה וַיִּשְׂמַח לִקְרָאתוֹ` (שופטים יט:ג)
1026	42	חיים	חיים	בראשית כה:יז		`וְאֵלֶּה שְׁנֵי חַיֵּי יִשְׁמָעֵאל מְאַת שָׁנָה וּשְׁלֹשִׁים שָׁנָה וְשֶׁבַע שָׁנִים וַיִּגְוַע וַיָּמָת וַיֵּאָסֶף אֶל עַמָּיו` (בראשית כה:יז)
1027	42	לב-לבב	לב	זכריה י:ז		`וְהָיוּ כְגִבּוֹר אֶפְרַיִם וְשָׂמַח לִבָּם כְּמוֹ יָיִן וּבְנֵיהֶם יִרְאוּ וְשָׂמֵחוּ יָגֵל לִבָּם בַּיהוָה` (זכריה י:ז)
1028	42	נפש	נפש	ירמיהו ד:ל		`וְאַתִּי שָׁדוּד מַה תַּעֲשִׂי כִּי תִלְבְּשִׁי שָׁנִי כִּי תַעְדִּי עֲדִי זָהָב כִּי תִקְרְעִי בַפּוּךְ עֵינַיִךְ לַשָּׁוְא תִּתְיַפִּי מָאֲסוּ בָךְ עֹגְבִים נַפְשֵׁךְ יְבַקֵּשׁוּ` (ירמיהו ד:ל)
1029	42	לב-לבב	לבב	איוב כז:ו		`בְּצִדְקָתִי הֶחֱזַקְתִּי וְלֹא אַרְפֶּהָ לֹא יֶחֱרַף לְבָבִי מִיָּמָי` (איוב כז:ו)
1030	42	נפש	נפש	בראשית מט:ו		`בְּסֹדָם אַל תָּבֹא נַפְשִׁי בִּקְהָלָם אַל תֵּחַד כְּבֹדִי כִּי בְאַפָּם הָרְגוּ אִישׁ וּבִרְצֹנָם עִקְּרוּ שׁוֹר` (בראשית מט:ו)
1031	42	נפש	נפש	מלכים-ב ד:כז		`וַתָּבֹא אֶל אִישׁ הָאֱלֹהִים אֶל הָהָר וַתַּחֲזֵק בְּרַגְלָיו וַיִּגַּשׁ גֵּיחֲזִי לְהָדְפָהּ וַיֹּאמֶר אִישׁ הָאֱלֹהִים הַרְפֵּה לָהּ כִּי נַפְשָׁהּ מָרָה לָהּ וַיהוָה הֶעְלִים מִמֶּנִּי וְלֹא הִגִּיד לִי` (מלכים-ב ד:כז)
1032	42	רוח	רוח	דברי-הימים-ב כ:יד		`וְיַחֲזִיאֵל בֶּן זְכַרְיָהוּ בֶּן בְּנָיָה בֶּן יְעִיאֵל בֶּן מַתַּנְיָה הַלֵּוִי מִן בְּנֵי אָסָף הָיְתָה עָלָיו רוּחַ יְהוָה בְּתוֹךְ הַקָּהָל` (דברי-הימים-ב כ:יד)
1033	42	נפש	נפש	דברים יג:ג		`לֹא תִשְׁמַע אֶל דִּבְרֵי הַנָּבִיא הַהוּא אוֹ אֶל חוֹלֵם הַחֲלוֹם הַהוּא כִּי מְנַסֶּה יְהוָה אֱלֹהֵיכֶם אֶתְכֶם לָדַעַת הֲיִשְׁכֶם אֹהֲבִים אֶת יְהוָה אֱלֹהֵיכֶם בְּכָל לְבַבְכֶם וּבְכָל נַפְשְׁכֶם` (דברים יג:ג)
1034	42	נפש	נפש	בראשית כז:לא		`וַיַּעַשׂ גַּם הוּא מַטְעַמִּים וַיָּבֵא לְאָבִיו וַיֹּאמֶר לְאָבִיו יָקֻם אָבִי וְיֹאכַל מִצֵּיד בְּנוֹ בַּעֲבוּר תְּבָרֲכַנִּי נַפְשֶׁךָ` (בראשית כז:לא)
1035	42	נפש	נפש	שמואל-א א:כו		`וַתֹּאמֶר בִּי אֲדֹנִי חֵי נַפְשְׁךָ אֲדֹנִי אֲנִי הָאִשָּׁה הַנִּצֶּבֶת עִמְּכָה בָּזֶה לְהִתְפַּלֵּל אֶל יְהוָה` (שמואל-א א:כו)
1036	42	נפש	נפש	ויקרא כ:כה		`וְהִבְדַּלְתֶּם בֵּין הַבְּהֵמָה הַטְּהֹרָה לַטְּמֵאָה וּבֵין הָעוֹף הַטָּמֵא לַטָּהֹר וְלֹא תְשַׁקְּצוּ אֶת נַפְשֹׁתֵיכֶם בַּבְּהֵמָה וּבָעוֹף וּבְכֹל אֲשֶׁר תִּרְמֹשׂ הָאֲדָמָה אֲשֶׁר הִבְדַּלְתִּי לָכֶם לְטַמֵּא` (ויקרא כ:כה)
1037	42	חיה-פועל	חיה	ירמיהו כז:יב		`וְאֶל צִדְקִיָּה מֶלֶךְ יְהוּדָה דִּבַּרְתִּי כְּכָל הַדְּבָרִים הָאֵלֶּה לֵאמֹר הָבִיאוּ אֶת צַוְּארֵיכֶם בְּעֹל מֶלֶךְ בָּבֶל וְעִבְדוּ אֹתוֹ וְעַמּוֹ וִחְיוּ` (ירמיהו כז:יב)
1038	42	אדם	אדם	תהילים נח:א		`לַמְנַצֵּחַ אַל תַּשְׁחֵת לְדָוִד מִכְתָּם הַאֻמְנָם אֵלֶם צֶדֶק תְּדַבֵּרוּן מֵישָׁרִים תִּשְׁפְּטוּ בְּנֵי אָדָם` (תהילים נח:א)
1039	42	חיים	חיים	תהילים קמב:ה		`זָעַקְתִּי אֵלֶיךָ יְהוָה אָמַרְתִּי אַתָּה מַחְסִי חֶלְקִי בְּאֶרֶץ הַחַיִּים` (תהילים קמב:ה)
1040	42	נפש	נפש	ויקרא יז:י		`וְאִישׁ אִישׁ מִבֵּית יִשְׂרָאֵל וּמִן הַגֵּר הַגָּר בְּתוֹכָם אֲשֶׁר יֹאכַל כָּל דָּם וְנָתַתִּי פָנַי בַּנֶּפֶשׁ הָאֹכֶלֶת אֶת הַדָּם וְהִכְרַתִּי אֹתָהּ מִקֶּרֶב עַמָּהּ` (ויקרא יז:י)
1041	42	נפש	נפש	ירמיהו לד:כא		`וְאֶת צִדְקִיָּהוּ מֶלֶךְ יְהוּדָה וְאֶת שָׂרָיו אֶתֵּן בְּיַד אֹיְבֵיהֶם וּבְיַד מְבַקְשֵׁי נַפְשָׁם וּבְיַד חֵיל מֶלֶךְ בָּבֶל הָעֹלִים מֵעֲלֵיכֶם` (ירמיהו לד:כא)
1042	42	נפש	נפש	ירמיהו לא:יד		`וְרִוֵּיתִי נֶפֶשׁ הַכֹּהֲנִים דָּשֶׁן וְעַמִּי אֶת טוּבִי יִשְׂבָּעוּ נְאֻם יְהוָה` (ירמיהו לא:יד)
1043	42	לב-לבב	לב	משלי טז:ה		`תּוֹעֲבַת יְהוָה כָּל גְּבַהּ לֵב יָד לְיָד לֹא יִנָּקֶה` (משלי טז:ה)
1044	42	נפש	נפש	משלי יט:ח		`קֹנֶה לֵּב אֹהֵב נַפְשׁוֹ שֹׁמֵר תְּבוּנָה לִמְצֹא טוֹב` (משלי יט:ח)
1045	42	חיה-פועל	חיה	בראשית יא:יד		`וְשֶׁלַח חַי שְׁלֹשִׁים שָׁנָה וַיּוֹלֶד אֶת עֵבֶר` (בראשית יא:יד)
1046	42	נפש	נפש	תהילים מב:א		`לַמְנַצֵּחַ מַשְׂכִּיל לִבְנֵי קֹרַח כְּאַיָּל תַּעֲרֹג עַל אֲפִיקֵי מָיִם כֵּן נַפְשִׁי תַעֲרֹג אֵלֶיךָ אֱלֹהִים` (תהילים מב:א)
1047	42	חיים	חיים	משלי י:טז	1000	`פְּעֻלַּת צַדִּיק לְחַיִּים תְּבוּאַת רָשָׁע לְחַטָּאת` (משלי י:טז)
1048	42	נפש	נפש	במדבר ל:ב		`אִישׁ כִּי יִדֹּר נֶדֶר לַיהוָה אוֹ הִשָּׁבַע שְׁבֻעָה לֶאְסֹר אִסָּר עַל נַפְשׁוֹ לֹא יַחֵל דְּבָרוֹ כְּכָל הַיֹּצֵא מִפִּיו יַעֲשֶׂה` (במדבר ל:ב)
1049	42	אדם	אדם	יחזקאל א:ח		`וְיָדוֹ אָדָם מִתַּחַת כַּנְפֵיהֶם עַל אַרְבַּעַת רִבְעֵיהֶם וּפְנֵיהֶם וְכַנְפֵיהֶם לְאַרְבַּעְתָּם` (יחזקאל א:ח)
1050	42	חיים	חיים	דברים כח:סו		`וְהָיוּ חַיֶּיךָ תְּלֻאִים לְךָ מִנֶּגֶד וּפָחַדְתָּ לַיְלָה וְיוֹמָם וְלֹא תַאֲמִין בְּחַיֶּיךָ` (דברים כח:סו)
1051	43	נפש	נפש	קהלת ד:ח		`יֵשׁ אֶחָד וְאֵין שֵׁנִי גַּם בֵּן וָאָח אֵין לוֹ וְאֵין קֵץ לְכָל עֲמָלוֹ גַּם עֵינָיו לֹא תִשְׂבַּע עֹשֶׁר וּלְמִי אֲנִי עָמֵל וּמְחַסֵּר אֶת נַפְשִׁי מִטּוֹבָה גַּם זֶה הֶבֶל וְעִנְיַן רָע הוּא` (קהלת ד:ח)
1052	43	נפש	נפש	איכה א:יא		`כָּל עַמָּהּ נֶאֱנָחִים מְבַקְּשִׁים לֶחֶם נָתְנוּ מַחֲמוֹדֵּיהֶם בְּאֹכֶל לְהָשִׁיב נָפֶשׁ רְאֵה יְהוָה וְהַבִּיטָה כִּי הָיִיתִי זוֹלֵלָה` (איכה א:יא)
1053	43	חיה-פועל	חיה	בראשית יא:יט		`וַיְחִי פֶלֶג אַחֲרֵי הוֹלִידוֹ אֶת רְעוּ תֵּשַׁע שָׁנִים וּמָאתַיִם שָׁנָה וַיּוֹלֶד בָּנִים וּבָנוֹת` (בראשית יא:יט)
1054	43	איש-אשה	איש	מלכים-ב ב:ז		`וַחֲמִשִּׁים אִישׁ מִבְּנֵי הַנְּבִיאִים הָלְכוּ וַיַּעַמְדוּ מִנֶּגֶד מֵרָחוֹק וּשְׁנֵיהֶם עָמְדוּ עַל הַיַּרְדֵּן` (מלכים-ב ב:ז)
1055	43	נפש	נפש	ישעיהו טו:ד		`וַתִּזְעַק חֶשְׁבּוֹן וְאֶלְעָלֵה עַד יַהַץ נִשְׁמַע קוֹלָם עַל כֵּן חֲלֻצֵי מוֹאָב יָרִיעוּ נַפְשׁוֹ יָרְעָה לּוֹ` (ישעיהו טו:ד)
1056	43	חיים	חיים	דברים ד:ד		`וְאַתֶּם הַדְּבֵקִים בַּיהוָה אֱלֹהֵיכֶם חַיִּים כֻּלְּכֶם הַיּוֹם` (דברים ד:ד)
1057	43	נפש	נפש	משלי יג:ח		`כֹּפֶר נֶפֶשׁ אִישׁ עָשְׁרוֹ וְרָשׁ לֹא שָׁמַע גְּעָרָה` (משלי יג:ח)
1058	43	חיים	חיים	משלי יט:כג		`יִרְאַת יְהוָה לְחַיִּים וְשָׂבֵעַ יָלִין בַּל יִפָּקֶד רָע` (משלי יט:כג)
1059	43	חיים	חיים	שמות ד:יח		`וַיֵּלֶךְ מֹשֶׁה וַיָּשָׁב אֶל יֶתֶר חֹתְנוֹ וַיֹּאמֶר לוֹ אֵלֲכָה נָּא וְאָשׁוּבָה אֶל אַחַי אֲשֶׁר בְּמִצְרַיִם וְאֶרְאֶה הַעוֹדָם חַיִּים וַיֹּאמֶר יִתְרוֹ לְמֹשֶׁה לֵךְ לְשָׁלוֹם` (שמות ד:יח)
1060	43	אדם	אדם	יחזקאל יד:כא		`כִּי כֹה אָמַר אֲדֹנָי יְהֹוִה אַף כִּי אַרְבַּעַת שְׁפָטַי הָרָעִים חֶרֶב וְרָעָב וְחַיָּה רָעָה וָדֶבֶר שִׁלַּחְתִּי אֶל יְרוּשָׁלִָם לְהַכְרִית מִמֶּנָּה אָדָם וּבְהֵמָה` (יחזקאל יד:כא)
1061	43	איש-אשה	איש	שמואל-ב יט:יד		`וַיַּט אֶת לְבַב כָּל אִישׁ יְהוּדָה כְּאִישׁ אֶחָד וַיִּשְׁלְחוּ אֶל הַמֶּלֶךְ שׁוּב אַתָּה וְכָל עֲבָדֶיךָ` (שמואל-ב יט:יד)
1062	43	איש-אשה	איש	במדבר יא:י		`וַיִּשְׁמַע מֹשֶׁה אֶת הָעָם בֹּכֶה לְמִשְׁפְּחֹתָיו אִישׁ לְפֶתַח אָהֳלוֹ וַיִּחַר אַף יְהוָה מְאֹד וּבְעֵינֵי מֹשֶׁה רָע` (במדבר יא:י)
1063	43	חיים	חיים	יחזקאל לג:טו		`חֲבֹל יָשִׁיב רָשָׁע גְּזֵלָה יְשַׁלֵּם בְּחֻקּוֹת הַחַיִּים הָלַךְ לְבִלְתִּי עֲשׂוֹת עָוֶל חָיוֹ יִחְיֶה לֹא יָמוּת` (יחזקאל לג:טו)
1064	43	לב-לבב	לב	תהילים קיט:נח	1143	`חִלִּיתִי פָנֶיךָ בְכָל לֵב חָנֵּנִי כְּאִמְרָתֶךָ` (תהילים קיט:נח)
1065	43	איש-אשה	איש	שופטים טו:טו		`וַיִּמְצָא לְחִי חֲמוֹר טְרִיָּה וַיִּשְׁלַח יָדוֹ וַיִּקָּחֶהָ וַיַּךְ בָּהּ אֶלֶף אִישׁ` (שופטים טו:טו)
1066	43	חיים	חיים	תהילים קכד:ג		`אֲזַי חַיִּים בְּלָעוּנוּ בַּחֲרוֹת אַפָּם בָּנוּ` (תהילים קכד:ג)
1067	43	נפש	נפש	יהושע כ:ט		`אֵלֶּה הָיוּ עָרֵי הַמּוּעָדָה לְכֹל בְּנֵי יִשְׂרָאֵל וְלַגֵּר הַגָּר בְּתוֹכָם לָנוּס שָׁמָּה כָּל מַכֵּה נֶפֶשׁ בִּשְׁגָגָה וְלֹא יָמוּת בְּיַד גֹּאֵל הַדָּם עַד עָמְדוֹ לִפְנֵי הָעֵדָה` (יהושע כ:ט)
1068	43	אדם	אדם	יחזקאל מג:ז		`וַיֹּאמֶר אֵלַי בֶּן אָדָם אֶת מְקוֹם כִּסְאִי וְאֶת מְקוֹם כַּפּוֹת רַגְלַי אֲשֶׁר אֶשְׁכָּן שָׁם בְּתוֹךְ בְּנֵי יִשְׂרָאֵל לְעוֹלָם וְלֹא יְטַמְּאוּ עוֹד בֵּית יִשְׂרָאֵל שֵׁם קָדְשִׁי הֵמָּה וּמַלְכֵיהֶם בִּזְנוּתָם וּבְפִגְרֵי מַלְכֵיהֶם בָּמוֹתָם` (יחזקאל מג:ז)
1069	43	נפש	נפש	במדבר יא:ו		`וְעַתָּה נַפְשֵׁנוּ יְבֵשָׁה אֵין כֹּל בִּלְתִּי אֶל הַמָּן עֵינֵינוּ` (במדבר יא:ו)
1070	43	נפש	נפש	תהילים קמג:יא		`לְמַעַן שִׁמְךָ יְהוָה תְּחַיֵּנִי בְּצִדְקָתְךָ תוֹצִיא מִצָּרָה נַפְשִׁי` (תהילים קמג:יא)
1071	43	חיים	חיים	בראשית ז:כב		`כֹּל אֲשֶׁר נִשְׁמַת רוּחַ חַיִּים בְּאַפָּיו מִכֹּל אֲשֶׁר בֶּחָרָבָה מֵתוּ` (בראשית ז:כב)
1072	43	לב-לבב	לב	משלי י:כא		`שִׂפְתֵי צַדִּיק יִרְעוּ רַבִּים וֶאֱוִילִים בַּחֲסַר לֵב יָמוּתוּ` (משלי י:כא)
1073	43	איש-אשה	איש	במדבר כו:י		`וַתִּפְתַּח הָאָרֶץ אֶת פִּיהָ וַתִּבְלַע אֹתָם וְאֶת קֹרַח בְּמוֹת הָעֵדָה בַּאֲכֹל הָאֵשׁ אֵת חֲמִשִּׁים וּמָאתַיִם אִישׁ וַיִּהְיוּ לְנֵס` (במדבר כו:י)
1074	43	נפש	נפש	שיר-השירים ג:ג		`מְצָאוּנִי הַשֹּׁמְרִים הַסֹּבְבִים בָּעִיר אֵת שֶׁאָהֲבָה נַפְשִׁי רְאִיתֶם` (שיר-השירים ג:ג)
1075	43	אדם	אדם	משלי ח:לד		`אַשְׁרֵי אָדָם שֹׁמֵעַ לִי לִשְׁקֹד עַל דַּלְתֹתַי יוֹם יוֹם לִשְׁמֹר מְזוּזֹת פְּתָחָי` (משלי ח:לד)
1076	44	נפש	נפש	תהילים יט:ז		`תּוֹרַת יְהוָה תְּמִימָה מְשִׁיבַת נָפֶשׁ עֵדוּת יְהוָה נֶאֱמָנָה מַחְכִּימַת פֶּתִי` (תהילים יט:ז)
1077	44	חיים	חיים	קהלת ו:יב		`כִּי מִי יוֹדֵעַ מַה טּוֹב לָאָדָם בַּחַיִּים מִסְפַּר יְמֵי חַיֵּי הֶבְלוֹ וְיַעֲשֵׂם כַּצֵּל אֲשֶׁר מִי יַגִּיד לָאָדָם מַה יִּהְיֶה אַחֲרָיו תַּחַת הַשָּׁמֶשׁ` (קהלת ו:יב)
1078	44	נפש	נפש	תהילים קכד:ז		`נַפְשֵׁנוּ כְּצִפּוֹר נִמְלְטָה מִפַּח יוֹקְשִׁים הַפַּח נִשְׁבָּר וַאֲנַחְנוּ נִמְלָטְנוּ` (תהילים קכד:ז)
1079	44	איש-אשה	אשה	בראשית כו:י		`וַיֹּאמֶר אֲבִימֶלֶךְ מַה זֹּאת עָשִׂיתָ לָּנוּ כִּמְעַט שָׁכַב אַחַד הָעָם אֶת אִשְׁתֶּךָ וְהֵבֵאתָ עָלֵינוּ אָשָׁם` (בראשית כו:י)
1080	44	נפש	נפש	דברים יט:ו		`פֶּן יִרְדֹּף גֹּאֵל הַדָּם אַחֲרֵי הָרֹצֵחַ כִּי יֵחַם לְבָבוֹ וְהִשִּׂיגוֹ כִּי יִרְבֶּה הַדֶּרֶךְ וְהִכָּהוּ נָפֶשׁ וְלוֹ אֵין מִשְׁפַּט מָוֶת כִּי לֹא שֹׂנֵא הוּא לוֹ מִתְּמוֹל שִׁלְשׁוֹם` (דברים יט:ו)
1081	44	נפש	נפש	מלכים-א יט:י		`וַיֹּאמֶר קַנֹּא קִנֵּאתִי לַיהוָה אֱלֹהֵי צְבָאוֹת כִּי עָזְבוּ בְרִיתְךָ בְּנֵי יִשְׂרָאֵל אֶת מִזְבְּחֹתֶיךָ הָרָסוּ וְאֶת נְבִיאֶיךָ הָרְגוּ בֶחָרֶב וָאִוָּתֵר אֲנִי לְבַדִּי וַיְבַקְשׁוּ אֶת נַפְשִׁי לְקַחְתָּהּ` (מלכים-א יט:י)
1082	44	אדם	אדם	קהלת ב:כו		`כִּי לְאָדָם שֶׁטּוֹב לְפָנָיו נָתַן חָכְמָה וְדַעַת וְשִׂמְחָה וְלַחוֹטֶא נָתַן עִנְיָן לֶאֱסוֹף וְלִכְנוֹס לָתֵת לְטוֹב לִפְנֵי הָאֱלֹהִים גַּם זֶה הֶבֶל וּרְעוּת רוּחַ` (קהלת ב:כו)
1083	44	נפש	נפש	מלכים-ב ב:ו		`וַיֹּאמֶר לוֹ אֵלִיָּהוּ שֵׁב נָא פֹה כִּי יְהוָה שְׁלָחַנִי הַיַּרְדֵּנָה וַיֹּאמֶר חַי יְהוָה וְחֵי נַפְשְׁךָ אִם אֶעֶזְבֶךָּ וַיֵּלְכוּ שְׁנֵיהֶם` (מלכים-ב ב:ו)
1084	44	חיים	חיים	קהלת ו:ח		`כִּי מַה יּוֹתֵר לֶחָכָם מִן הַכְּסִיל מַה לֶּעָנִי יוֹדֵעַ לַהֲלֹךְ נֶגֶד הַחַיִּים` (קהלת ו:ח)
1085	44	רוח	רוח	זכריה ב:ו		`הוֹי הוֹי וְנֻסוּ מֵאֶרֶץ צָפוֹן נְאֻם יְהוָה כִּי כְּאַרְבַּע רוּחוֹת הַשָּׁמַיִם פֵּרַשְׂתִּי אֶתְכֶם נְאֻם יְהוָה` (זכריה ב:ו)
1086	44	רוח	רוח	ירמיהו נא:יא		`הָבֵרוּ הַחִצִּים מִלְאוּ הַשְּׁלָטִים הֵעִיר יְהוָה אֶת רוּחַ מַלְכֵי מָדַי כִּי עַל בָּבֶל מְזִמָּתוֹ לְהַשְׁחִיתָהּ כִּי נִקְמַת יְהוָה הִיא נִקְמַת הֵיכָלוֹ` (ירמיהו נא:יא)
1087	44	איש-אשה	איש	שופטים כ:כ		`וַיֵּצֵא אִישׁ יִשְׂרָאֵל לַמִּלְחָמָה עִם בִּנְיָמִן וַיַּעַרְכוּ אִתָּם אִישׁ יִשְׂרָאֵל מִלְחָמָה אֶל הַגִּבְעָה` (שופטים כ:כ)
1088	44	אדם	אדם	שמות לג:כ		`וַיֹּאמֶר לֹא תוּכַל לִרְאֹת אֶת פָּנָי כִּי לֹא יִרְאַנִי הָאָדָם וָחָי` (שמות לג:כ)
1089	44	חיים	חיים	יחזקאל לב:כו		`שָׁם מֶשֶׁךְ תֻּבַל וְכָל הֲמוֹנָהּ סְבִיבוֹתָיו קִבְרוֹתֶיהָ כֻּלָּם עֲרֵלִים מְחֻלְלֵי חֶרֶב כִּי נָתְנוּ חִתִּיתָם בְּאֶרֶץ חַיִּים` (יחזקאל לב:כו)
1090	44	איש-אשה	אשה	יחזקאל כג:י		`הֵמָּה גִּלּוּ עֶרְוָתָהּ בָּנֶיהָ וּבְנוֹתֶיהָ לָקָחוּ וְאוֹתָהּ בַּחֶרֶב הָרָגוּ וַתְּהִי שֵׁם לַנָּשִׁים וּשְׁפוּטִים עָשׂוּ בָהּ` (יחזקאל כג:י)
1091	44	לב-לבב	לב	שמות יד:ח		`וַיְחַזֵּק יְהֹוָה אֶת לֵב פַּרְעֹה מֶלֶךְ מִצְרַיִם וַיִּרְדֹּף אַחֲרֵי בְּנֵי יִשְׂרָאֵל וּבְנֵי יִשְׂרָאֵל יֹצְאִים בְּיָד רָמָה` (שמות יד:ח)
1092	44	רוח	רוח	איוב ד:ט		`מִנִּשְׁמַת אֱלוֹהַ יֹאבֵדוּ וּמֵרוּחַ אַפּוֹ יִכְלוּ` (איוב ד:ט)
1093	44	אדם	אדם	איוב טז:כא		`וְיוֹכַח לְגֶבֶר עִם אֱלוֹהַּ וּבֶן אָדָם לְרֵעֵהוּ` (איוב טז:כא)
1094	44	נפש	נפש	מלכים-ב ד:ל		`וַתֹּאמֶר אֵם הַנַּעַר חַי יְהוָה וְחֵי נַפְשְׁךָ אִם אֶעֶזְבֶךָּ וַיָּקָם וַיֵּלֶךְ אַחֲרֶיהָ` (מלכים-ב ד:ל)
1095	44	לב-לבב	לבב	תהילים פו:יב	62	`אוֹדְךָ אֲדֹנָי אֱלֹהַי בְּכָל לְבָבִי וַאֲכַבְּדָה שִׁמְךָ לְעוֹלָם` (תהילים פו:יב)
1096	44	לב-לבב	לב	ירמיהו מח:מא		`נִלְכְּדָה הַקְּרִיּוֹת וְהַמְּצָדוֹת נִתְפָּשָׂה וְהָיָה לֵב גִּבּוֹרֵי מוֹאָב בַּיּוֹם הַהוּא כְּלֵב אִשָּׁה מְצֵרָה` (ירמיהו מח:מא)
1097	44	נפש	נפש	בראשית יב:יג	331	`אִמְרִי נָא אֲחֹתִי אָתְּ לְמַעַן יִיטַב לִי בַעֲבוּרֵךְ וְחָיְתָה נַפְשִׁי בִּגְלָלֵךְ` (בראשית יב:יג)
1098	44	רוח	רוח	קהלת י:ד		`אִם רוּחַ הַמּוֹשֵׁל תַּעֲלֶה עָלֶיךָ מְקוֹמְךָ אַל תַּנַּח כִּי מַרְפֵּא יַנִּיחַ חֲטָאִים גְּדוֹלִים` (קהלת י:ד)
1099	44	נפש	נפש	משלי יד:י		`לֵב יוֹדֵעַ מָרַּת נַפְשׁוֹ וּבְשִׂמְחָתוֹ לֹא יִתְעָרַב זָר` (משלי יד:י)
1100	44	רוח	רוח	יחזקאל א:כ		`עַל אֲשֶׁר יִהְיֶה שָּׁם הָרוּחַ לָלֶכֶת יֵלֵכוּ שָׁמָּה הָרוּחַ לָלֶכֶת וְהָאוֹפַנִּים יִנָּשְׂאוּ לְעֻמָּתָם כִּי רוּחַ הַחַיָּה בָּאוֹפַנִּים` (יחזקאל א:כ)
1101	45	איש-אשה	אשה	משלי יב:ד		`אֵשֶׁת חַיִל עֲטֶרֶת בַּעְלָהּ וּכְרָקָב בְּעַצְמוֹתָיו מְבִישָׁה` (משלי יב:ד)
1102	45	נפש	נפש	דברים יב:כג		`רַק חֲזַק לְבִלְתִּי אֲכֹל הַדָּם כִּי הַדָּם הוּא הַנָּפֶשׁ וְלֹא תֹאכַל הַנֶּפֶשׁ עִם הַבָּשָׂר` (דברים יב:כג)
1103	45	נפש	נפש	יהושע כג:יא		`וְנִשְׁמַרְתֶּם מְאֹד לְנַפְשֹׁתֵיכֶם לְאַהֲבָה אֶת יְהוָה אֱלֹהֵיכֶם` (יהושע כג:יא)
1104	45	חיים	חיים	מלכים-א טו:ו		`וּמִלְחָמָה הָיְתָה בֵין רְחַבְעָם וּבֵין יָרָבְעָם כָּל יְמֵי חַיָּיו` (מלכים-א טו:ו)
1105	45	נפש	נפש	משלי א:יח		`וְהֵם לְדָמָם יֶאֱרֹבוּ יִצְפְּנוּ לְנַפְשֹׁתָם` (משלי א:יח)
1106	45	נפש	נפש	ירמיהו לח:טז		`וַיִּשָּׁבַע הַמֶּלֶךְ צִדְקִיָּהוּ אֶל יִרְמְיָהוּ בַּסֵּתֶר לֵאמֹר חַי יְהוָה את אֲשֶׁר עָשָׂה לָנוּ אֶת הַנֶּפֶשׁ הַזֹּאת אִם אֲמִיתֶךָ וְאִם אֶתֶּנְךָ בְּיַד הָאֲנָשִׁים הָאֵלֶּה אֲשֶׁר מְבַקְשִׁים אֶת נַפְשֶׁךָ` (ירמיהו לח:טז)
1107	45	איש-אשה	איש	יהושע ה:יג		`וַיְהִי בִּהְיוֹת יְהוֹשֻׁעַ בִּירִיחוֹ וַיִּשָּׂא עֵינָיו וַיַּרְא וְהִנֵּה אִישׁ עֹמֵד לְנֶגְדּוֹ וְחַרְבּוֹ שְׁלוּפָה בְּיָדוֹ וַיֵּלֶךְ יְהוֹשֻׁעַ אֵלָיו וַיֹּאמֶר לוֹ הֲלָנוּ אַתָּה אִם לְצָרֵינוּ` (יהושע ה:יג)
1108	45	נפש	נפש	שמות טז:טז		`זֶה הַדָּבָר אֲשֶׁר צִוָּה יְהוָה לִקְטוּ מִמֶּנּוּ אִישׁ לְפִי אָכְלוֹ עֹמֶר לַגֻּלְגֹּלֶת מִסְפַּר נַפְשֹׁתֵיכֶם אִישׁ לַאֲשֶׁר בְּאָהֳלוֹ תִּקָּחוּ` (שמות טז:טז)
1109	45	אדם	אדם	ויקרא יח:ה		`וּשְׁמַרְתֶּם אֶת חֻקֹּתַי וְאֶת מִשְׁפָּטַי אֲשֶׁר יַעֲשֶׂה אֹתָם הָאָדָם וָחַי בָּהֶם אֲנִי יְהוָה` (ויקרא יח:ה)
1110	45	נפש	נפש	יחזקאל כה:ו		`כִּי כֹה אָמַר אֲדֹנָי יְהוִה יַעַן מַחְאֲךָ יָד וְרַקְעֲךָ בְּרָגֶל וַתִּשְׂמַח בְּכָל שָׁאטְךָ בְּנֶפֶשׁ אֶל אַדְמַת יִשְׂרָאֵל` (יחזקאל כה:ו)
1111	45	חיה-פועל	חיה	מלכים-א א:לט		`וַיִּקַּח צָדוֹק הַכֹּהֵן אֶת קֶרֶן הַשֶּׁמֶן מִן הָאֹהֶל וַיִּמְשַׁח אֶת שְׁלֹמֹה וַיִּתְקְעוּ בַּשּׁוֹפָר וַיֹּאמְרוּ כָּל הָעָם יְחִי הַמֶּלֶךְ שְׁלֹמֹה` (מלכים-א א:לט)
1112	45	חיה-פועל	חיה	יחזקאל לג:יג		`בְּאָמְרִי לַצַּדִּיק חָיֹה יִחְיֶה וְהוּא בָטַח עַל צִדְקָתוֹ וְעָשָׂה עָוֶל כָּל צִדְקָתוֹ לֹא תִזָּכַרְנָה וּבְעַוְלוֹ אֲשֶׁר עָשָׂה בּוֹ יָמוּת` (יחזקאל לג:יג)
1113	45	נפש	נפש	תהילים לה:ג		`וְהָרֵק חֲנִית וּסְגֹר לִקְרַאת רֹדְפָי אֱמֹר לְנַפְשִׁי יְשֻׁעָתֵךְ אָנִי` (תהילים לה:ג)
1114	45	אדם	אדם	בראשית ט:ו		`שֹׁפֵךְ דַּם הָאָדָם בָּאָדָם דָּמוֹ יִשָּׁפֵךְ כִּי בְּצֶלֶם אֱלֹהִים עָשָׂה אֶת הָאָדָם` (בראשית ט:ו)
1115	45	אדם	אדם	בראשית יא:ה		`וַיֵּרֶד יְהוָה לִרְאֹת אֶת הָעִיר וְאֶת הַמִּגְדָּל אֲשֶׁר בָּנוּ בְּנֵי הָאָדָם` (בראשית יא:ה)
1116	45	נפש	נפש	תהילים קמב:ז		`הוֹצִיאָה מִמַּסְגֵּר נַפְשִׁי לְהוֹדוֹת אֶת שְׁמֶךָ בִּי יַכְתִּרוּ צַדִּיקִים כִּי תִגְמֹל עָלָי` (תהילים קמב:ז)
1117	45	אדם	אדם	יחזקאל ח:טו	1540	`וַיֹּאמֶר אֵלַי הֲרָאִיתָ בֶן אָדָם עוֹד תָּשׁוּב תִּרְאֶה תּוֹעֵבוֹת גְּדֹלוֹת מֵאֵלֶּה` (יחזקאל ח:טו)
1118	45	לב-לבב	לב	משלי כ:ט		`מִי יֹאמַר זִכִּיתִי לִבִּי טָהַרְתִּי מֵחַטָּאתִי` (משלי כ:ט)
1119	45	נפש	נפש	תהילים סב:א	490	`לַמְנַצֵּחַ עַל יְדוּתוּן מִזְמוֹר לְדָוִד אַךְ אֶל אֱלֹהִים דּוּמִיָּה נַפְשִׁי מִמֶּנּוּ יְשׁוּעָתִי` (תהילים סב:א)
1120	45	נפש	נפש	תהילים מא:ד	386	`אֲ‍נִי אָמַרְתִּי יְהוָה חָנֵּנִי רְפָאָה נַפְשִׁי כִּי חָטָאתִי לָךְ` (תהילים מא:ד)
1121	45	איש-אשה	איש	דברים כ:ח		`וְיָסְפוּ הַשֹּׁטְרִים לְדַבֵּר אֶל הָעָם וְאָמְרוּ מִי הָאִישׁ הַיָּרֵא וְרַךְ הַלֵּבָב יֵלֵךְ וְיָשֹׁב לְבֵיתוֹ וְלֹא יִמַּס אֶת לְבַב אֶחָיו כִּלְבָבוֹ` (דברים כ:ח)
1122	45	נפש	נפש	תהילים קלט:יד		`אוֹדְךָ עַל כִּי נוֹרָאוֹת נִפְלֵיתִי נִפְלָאִים מַעֲשֶׂיךָ וְנַפְשִׁי יֹדַעַת מְאֹד` (תהילים קלט:יד)
1123	45	חיים	חיים	שמות ו:יח		`וּבְנֵי קְהָת עַמְרָם וְיִצְהָר וְחֶבְרוֹן וְעֻזִּיאֵל וּשְׁנֵי חַיֵּי קְהָת שָׁלֹשׁ וּשְׁלֹשִׁים וּמְאַת שָׁנָה` (שמות ו:יח)
1124	45	אדם	אדם	במדבר יט:טז		`וְכֹל אֲשֶׁר יִגַּע עַל פְּנֵי הַשָּׂדֶה בַּחֲלַל חֶרֶב אוֹ בְמֵת אוֹ בְעֶצֶם אָדָם אוֹ בְקָבֶר יִטְמָא שִׁבְעַת יָמִים` (במדבר יט:טז)
1125	45	נפש	נפש	חבקוק ב:ד	889	`הִנֵּה עֻפְּלָה לֹא יָשְׁרָה נַפְשׁוֹ בּוֹ וְצַדִּיק בֶּאֱמוּנָתוֹ יִחְיֶה` (חבקוק ב:ד)
1126	46	איש-אשה	איש	בראשית מב:כח		`וַיֹּאמֶר אֶל אֶחָיו הוּשַׁב כַּסְפִּי וְגַם הִנֵּה בְאַמְתַּחְתִּי וַיֵּצֵא לִבָּם וַיֶּחֶרְדוּ אִישׁ אֶל אָחִיו לֵאמֹר מַה זֹּאת עָשָׂה אֱלֹהִים לָנוּ` (בראשית מב:כח)
1127	46	נפש	נפש	שמואל-ב יד:יט	661	`וַיֹּאמֶר הַמֶּלֶךְ הֲיַד יוֹאָב אִתָּךְ בְּכָל זֹאת וַתַּעַן הָאִשָּׁה וַתֹּאמֶר חֵי נַפְשְׁךָ אֲדֹנִי הַמֶּלֶךְ אִם אִשׁ לְהֵמִין וּלְהַשְׂמִיל מִכֹּל אֲשֶׁר דִּבֶּר אֲדֹנִי הַמֶּלֶךְ כִּי עַבְדְּךָ יוֹאָב הוּא צִוָּנִי וְהוּא שָׂם בְּפִי שִׁפְחָתְךָ אֵת כָּל הַדְּבָרִים הָאֵלֶּה` (שמואל-ב יד:יט)
1128	46	איש-אשה	איש	שמות לב:כג		`וַיֹּאמְרוּ לִי עֲשֵׂה לָנוּ אֱלֹהִים אֲשֶׁר יֵלְכוּ לְפָנֵינוּ כִּי זֶה מֹשֶׁה הָאִישׁ אֲשֶׁר הֶעֱלָנוּ מֵאֶרֶץ מִצְרַיִם לֹא יָדַעְנוּ מֶה הָיָה לוֹ` (שמות לב:כג)
1129	46	חיה-פועל	חיה	שמואל-ב א:י		`וָאֶעֱמֹד עָלָיו וַאֲמֹתְתֵהוּ כִּי יָדַעְתִּי כִּי לֹא יִחְיֶה אַחֲרֵי נִפְלוֹ וָאֶקַּח הַנֵּזֶר אֲשֶׁר עַל רֹאשׁוֹ וְאֶצְעָדָה אֲשֶׁר עַל זְרֹעוֹ וָאֲבִיאֵם אֶל אֲדֹנִי הֵנָּה` (שמואל-ב א:י)
1130	46	חיים	חיים	ישעיהו ד:ג		`וְהָיָה הַנִּשְׁאָר בְּצִיּוֹן וְהַנּוֹתָר בִּירוּשָׁלִַם קָדוֹשׁ יֵאָמֶר לוֹ כָּל הַכָּתוּב לַחַיִּים בִּירוּשָׁלִָם` (ישעיהו ד:ג)
1131	46	נפש	נפש	אסתר ח:יא		`אֲשֶׁר נָתַן הַמֶּלֶךְ לַיְּהוּדִים אֲשֶׁר בְּכָל עִיר וָעִיר לְהִקָּהֵל וְלַעֲמֹד עַל נַפְשָׁם לְהַשְׁמִיד וְלַהֲרֹג וּלְאַבֵּד אֶת כָּל חֵיל עַם וּמְדִינָה הַצָּרִים אֹתָם טַף וְנָשִׁים וּשְׁלָלָם לָבוֹז` (אסתר ח:יא)
1132	46	חיים	חיים	תהילים מב:ח		`יוֹמָם יְצַוֶּה יְהוָה חַסְדּוֹ וּבַלַּיְלָה שִׁירָהּ עִמִּי תְּפִלָּה לְאֵל חַיָּי` (תהילים מב:ח)
1133	46	איש-אשה	איש	מלכים-ב ד:מב		`וְאִישׁ בָּא מִבַּעַל שָׁלִשָׁה וַיָּבֵא לְאִישׁ הָאֱלֹהִים לֶחֶם בִּכּוּרִים עֶשְׂרִים לֶחֶם שְׂעֹרִים וְכַרְמֶל בְּצִקְלֹנוֹ וַיֹּאמֶר תֵּן לָעָם וְיֹאכֵלוּ` (מלכים-ב ד:מב)
1134	46	חיה-פועל	חיה	ירמיהו מט:יא		`עָזְבָה יְתֹמֶיךָ אֲנִי אֲחַיֶּה וְאַלְמְנֹתֶיךָ עָלַי תִּבְטָחוּ` (ירמיהו מט:יא)
1135	46	איש-אשה	איש	ירמיהו לג:יז		`כִּי כֹה אָמַר יְהוָה לֹא יִכָּרֵת לְדָוִד אִישׁ יֹשֵׁב עַל כִּסֵּא בֵית יִשְׂרָאֵל` (ירמיהו לג:יז)
1136	46	נפש	נפש	תהילים סט:יח	1178	`קָרְבָה אֶל נַפְשִׁי גְאָלָהּ לְמַעַן אֹיְבַי פְּדֵנִי` (תהילים סט:יח)
1137	46	חיים	חיים	קהלת ט:ג		`זֶה רָע בְּכֹל אֲשֶׁר נַעֲשָׂה תַּחַת הַשֶּׁמֶשׁ כִּי מִקְרֶה אֶחָד לַכֹּל וְגַם לֵב בְּנֵי הָאָדָם מָלֵא רָע וְהוֹלֵלוֹת בִּלְבָבָם בְּחַיֵּיהֶם וְאַחֲרָיו אֶל הַמֵּתִים` (קהלת ט:ג)
1138	46	נפש	נפש	תהילים קיט:קעה		`תְּחִי נַפְשִׁי וּתְהַלְלֶךָּ וּמִשְׁפָּטֶךָ יַעֲזְרֻנִי` (תהילים קיט:קעה)
1139	46	אדם	אדם	משלי כ:כד		`מֵיהוָה מִצְעֲדֵי גָבֶר וְאָדָם מַה יָּבִין דַּרְכּוֹ` (משלי כ:כד)
1140	46	איש-אשה	אשה	יחזקאל כג:ב		`בֶּן אָדָם שְׁתַּיִם נָשִׁים בְּנוֹת אֵם אַחַת הָיוּ` (יחזקאל כג:ב)
1141	46	נפש	נפש	תהילים יז:ט	1308	`מִפְּנֵי רְשָׁעִים זוּ שַׁדּוּנִי אֹיְבַי בְּנֶפֶשׁ יַקִּיפוּ עָלָי` (תהילים יז:ט)
1142	46	לב-לבב	לב	משלי יד:לג		`בְּלֵב נָבוֹן תָּנוּחַ חָכְמָה וּבְקֶרֶב כְּסִילִים תִּוָּדֵעַ` (משלי יד:לג)
1143	46	לב-לבב	לב	תהילים קיט:נח		`חִלִּיתִי פָנֶיךָ בְכָל לֵב חָנֵּנִי כְּאִמְרָתֶךָ` (תהילים קיט:נח)
1144	46	אדם	אדם	שמואל-ב ז:יד		`אֲנִי אֶהְיֶה לּוֹ לְאָב וְהוּא יִהְיֶה לִּי לְבֵן אֲשֶׁר בְּהַעֲוֺתוֹ וְהֹכַחְתִּיו בְּשֵׁבֶט אֲנָשִׁים וּבְנִגְעֵי בְּנֵי אָדָם` (שמואל-ב ז:יד)
1145	46	נפש	נפש	תהילים קיט:כח	1394	`דָּלְפָה נַפְשִׁי מִתּוּגָה קַיְּמֵנִי כִּדְבָרֶךָ` (תהילים קיט:כח)
1146	46	נפש	נפש	בראשית ב:ז		`וַיִּיצֶר יְהוָה אֱלֹהִים אֶת הָאָדָם עָפָר מִן הָאֲדָמָה וַיִּפַּח בְּאַפָּיו נִשְׁמַת חַיִּים וַיְהִי הָאָדָם לְנֶפֶשׁ חַיָּה` (בראשית ב:ז)
1147	46	אדם	אדם	יחזקאל לב:ב		`בֶּן אָדָם שָׂא קִינָה עַל פַּרְעֹה מֶלֶךְ מִצְרַיִם וְאָמַרְתָּ אֵלָיו כְּפִיר גּוֹיִם נִדְמֵיתָ וְאַתָּה כַּתַּנִּים בַּיַּמִּים וַתָּגַח בְּנַהֲרוֹתֶיךָ וַתִּדְלַח מַיִם בְּרַגְלֶיךָ וַתִּרְפֹּס נַהֲרוֹתָם` (יחזקאל לב:ב)
1148	46	נפש	נפש	ויקרא כג:כז		`אַךְ בֶּעָשׂוֹר לַחֹדֶשׁ הַשְּׁבִיעִי הַזֶּה יוֹם הַכִּפֻּרִים הוּא מִקְרָא קֹדֶשׁ יִהְיֶה לָכֶם וְעִנִּיתֶם אֶת נַפְשֹׁתֵיכֶם וְהִקְרַבְתֶּם אִשֶּׁה לַיהוָה` (ויקרא כג:כז)
1149	46	לב-לבב	לב	משלי טו:כח		`לֵב צַדִּיק יֶהְגֶּה לַעֲנוֹת וּפִי רְשָׁעִים יַבִּיעַ רָעוֹת` (משלי טו:כח)
1150	46	לב-לבב	לב	שמות י:א		`וַיֹּאמֶר יְהוָה אֶל מֹשֶׁה בֹּא אֶל פַּרְעֹה כִּי אֲנִי הִכְבַּדְתִּי אֶת לִבּוֹ וְאֶת לֵב עֲבָדָיו לְמַעַן שִׁתִי אֹתֹתַי אֵלֶּה בְּקִרְבּוֹ` (שמות י:א)
1151	47	איש-אשה	אשה	בראשית לו:יז		`וְאֵלֶּה בְּנֵי רְעוּאֵל בֶּן עֵשָׂו אַלּוּף נַחַת אַלּוּף זֶרַח אַלּוּף שַׁמָּה אַלּוּף מִזָּה אֵלֶּה אַלּוּפֵי רְעוּאֵל בְּאֶרֶץ אֱדוֹם אֵלֶּה בְּנֵי בָשְׂמַת אֵשֶׁת עֵשָׂו` (בראשית לו:יז)
1152	47	אדם	אדם	קהלת ג:י		`רָאִיתִי אֶת הָעִנְיָן אֲשֶׁר נָתַן אֱלֹהִים לִבְנֵי הָאָדָם לַעֲנוֹת בּוֹ` (קהלת ג:י)
1153	47	חיה-פועל	חיה	בראשית ז:ג		`גַּם מֵעוֹף הַשָּׁמַיִם שִׁבְעָה שִׁבְעָה זָכָר וּנְקֵבָה לְחַיּוֹת זֶרַע עַל פְּנֵי כָל הָאָרֶץ` (בראשית ז:ג)
1154	47	רוח	רוח	דניאל ח:ח		`וּצְפִיר הָעִזִּים הִגְדִּיל עַד מְאֹד וּכְעָצְמוֹ נִשְׁבְּרָה הַקֶּרֶן הַגְּדוֹלָה וַתַּעֲלֶנָה חָזוּת אַרְבַּע תַּחְתֶּיהָ לְאַרְבַּע רוּחוֹת הַשָּׁמָיִם` (דניאל ח:ח)
1155	47	אדם	אדם	יחזקאל מד:ה		`וַיֹּאמֶר אֵלַי יְהֹוָה בֶּן אָדָם שִׂים לִבְּךָ וּרְאֵה בְעֵינֶיךָ וּבְאָזְנֶיךָ שְּׁמָע אֵת כָּל אֲשֶׁר אֲנִי מְדַבֵּר אֹתָךְ לְכָל חֻקּוֹת בֵּית יְהוָה וּלְכָל תּוֹרֹתוֹ וְשַׂמְתָּ לִבְּךָ לִמְבוֹא הַבַּיִת בְּכֹל מוֹצָאֵי הַמִּקְדָּשׁ` (יחזקאל מד:ה)
1156	47	איש-אשה	איש	בראשית מג:יא		`וַיֹּאמֶר אֲלֵהֶם יִשְׂרָאֵל אֲבִיהֶם אִם כֵּן אֵפוֹא זֹאת עֲשׂוּ קְחוּ מִזִּמְרַת הָאָרֶץ בִּכְלֵיכֶם וְהוֹרִידוּ לָאִישׁ מִנְחָה מְעַט צֳרִי וּמְעַט דְּבַשׁ נְכֹאת וָלֹט בָּטְנִים וּשְׁקֵדִים` (בראשית מג:יא)
1157	47	נפש	נפש	דברים יב:טו		`רַק בְּכָל אַוַּת נַפְשְׁךָ תִּזְבַּח וְאָכַלְתָּ בָשָׂר כְּבִרְכַּת יְהוָה אֱלֹהֶיךָ אֲשֶׁר נָתַן לְךָ בְּכָל שְׁעָרֶיךָ הַטָּמֵא וְהַטָּהוֹר יֹאכְלֶנּוּ כַּצְּבִי וְכָאַיָּל` (דברים יב:טו)
1158	47	אדם	אדם	קהלת ב:יח		`וְשָׂנֵאתִי אֲנִי אֶת כָּל עֲמָלִי שֶׁאֲנִי עָמֵל תַּחַת הַשָּׁמֶשׁ שֶׁאַנִּיחֶנּוּ לָאָדָם שֶׁיִּהְיֶה אַחֲרָי` (קהלת ב:יח)
1159	47	חיים	חיים	שמואל-א יח:יח		`וַיֹּאמֶר דָּוִד אֶל שָׁאוּל מִי אָנֹכִי וּמִי חַיַּי מִשְׁפַּחַת אָבִי בְּיִשְׂרָאֵל כִּי אֶהְיֶה חָתָן לַמֶּלֶךְ` (שמואל-א יח:יח)
1160	47	איש-אשה	איש	משלי ו:יא		`וּבָא כִמְהַלֵּךְ רֵאשֶׁךָ וּמַחְסֹרְךָ כְּאִישׁ מָגֵן` (משלי ו:יא)
1161	47	נפש	נפש	יחזקאל כג:יז		`וַיָּבֹאוּ אֵלֶיהָ בְנֵי בָבֶל לְמִשְׁכַּב דֹּדִים וַיְטַמְּאוּ אוֹתָהּ בְּתַזְנוּתָם וַתִּטְמָא בָם וַתֵּקַע נַפְשָׁהּ מֵהֶם` (יחזקאל כג:יז)
1162	47	רוח	רוח	שופטים יא:כט		`וַתְּהִי עַל יִפְתָּח רוּחַ יְהוָה וַיַּעֲבֹר אֶת הַגִּלְעָד וְאֶת מְנַשֶּׁה וַיַּעֲבֹר אֶת מִצְפֵּה גִלְעָד וּמִמִּצְפֵּה גִלְעָד עָבַר בְּנֵי עַמּוֹן` (שופטים יא:כט)
1163	47	נפש	נפש	במדבר ט:י		`דַּבֵּר אֶל בְּנֵי יִשְׂרָאֵל לֵאמֹר אִישׁ אִישׁ כִּי יִהְיֶה טָמֵא לָנֶפֶשׁ אוֹ בְדֶרֶךְ רְחֹקָהׄ לָכֶם אוֹ לְדֹרֹתֵיכֶם וְעָשָׂה פֶסַח לַיהוָה` (במדבר ט:י)
1164	47	נפש	נפש	ויקרא יז:יב		`עַל כֵּן אָמַרְתִּי לִבְנֵי יִשְׂרָאֵל כָּל נֶפֶשׁ מִכֶּם לֹא תֹאכַל דָּם וְהַגֵּר הַגָּר בְּתוֹכְכֶם לֹא יֹאכַל דָּם` (ויקרא יז:יב)
1165	47	אדם	אדם	קהלת ג:כא		`מִי יוֹדֵעַ רוּחַ בְּנֵי הָאָדָם הָעֹלָה הִיא לְמָעְלָה וְרוּחַ הַבְּהֵמָה הַיֹּרֶדֶת הִיא לְמַטָּה לָאָרֶץ` (קהלת ג:כא)
1166	47	אדם	אדם	ירמיהו כא:ו		`וְהִכֵּיתִי אֶת יוֹשְׁבֵי הָעִיר הַזֹּאת וְאֶת הָאָדָם וְאֶת הַבְּהֵמָה בְּדֶבֶר גָּדוֹל יָמֻתוּ` (ירמיהו כא:ו)
1167	47	נפש	נפש	תהילים קט:לא		`כִּי יַעֲמֹד לִימִין אֶבְיוֹן לְהוֹשִׁיעַ מִשֹּׁפְטֵי נַפְשׁוֹ` (תהילים קט:לא)
1168	47	אדם	אדם	תהילים כב:ו		`וְאָנֹכִי תוֹלַעַת וְלֹא אִישׁ חֶרְפַּת אָדָם וּבְזוּי עָם` (תהילים כב:ו)
1169	47	אדם	אדם	שמות יג:טו		`וַיְהִי כִּי הִקְשָׁה פַרְעֹה לְשַׁלְּחֵנוּ וַיַּהֲרֹג יְהֹוָה כָּל בְּכוֹר בְּאֶרֶץ מִצְרַיִם מִבְּכֹר אָדָם וְעַד בְּכוֹר בְּהֵמָה עַל כֵּן אֲנִי זֹבֵחַ לַיהוָה כָּל פֶּטֶר רֶחֶם הַזְּכָרִים וְכָל בְּכוֹר בָּנַי אֶפְדֶּה` (שמות יג:טו)
1170	47	נפש	נפש	במדבר ו:ו	272	`כָּל יְמֵי הַזִּירוֹ לַיהוָה עַל נֶפֶשׁ מֵת לֹא יָבֹא` (במדבר ו:ו)
1171	47	נפש	נפש	איכה א:יט		`קָרָאתִי לַמְאַהֲבַי הֵמָּה רִמּוּנִי כֹּהֲנַי וּזְקֵנַי בָּעִיר גָּוָעוּ כִּי בִקְשׁוּ אֹכֶל לָמוֹ וְיָשִׁיבוּ אֶת נַפְשָׁם` (איכה א:יט)
1172	47	איש-אשה	איש	דברים לב:כה	1503	`מִחוּץ תְּשַׁכֶּל חֶרֶב וּמֵחֲדָרִים אֵימָה גַּם בָּחוּר גַּם בְּתוּלָה יוֹנֵק עִם אִישׁ שֵׂיבָה` (דברים לב:כה)
1173	47	נפש	נפש	שופטים טז:טז		`וַיְהִי כִּי הֵצִיקָה לּוֹ בִדְבָרֶיהָ כָּל הַיָּמִים וַתְּאַלֲצֵהוּ וַתִּקְצַר נַפְשׁוֹ לָמוּת` (שופטים טז:טז)
1174	47	חיים	חיים	משלי טז:טו		`בְּאוֹר פְּנֵי מֶלֶךְ חַיִּים וּרְצוֹנוֹ כְּעָב מַלְקוֹשׁ` (משלי טז:טו)
1175	47	נפש	נפש	ויקרא יא:מג		`אַל תְּשַׁקְּצוּ אֶת נַפְשֹׁתֵיכֶם בְּכָל הַשֶּׁרֶץ הַשֹּׁרֵץ וְלֹא תִטַּמְּאוּ בָּהֶם וְנִטְמֵתֶם בָּם` (ויקרא יא:מג)
1176	48	לב-לבב	לב	דברי-הימים-ב ז:טז		`וְעַתָּה בָּחַרְתִּי וְהִקְדַּשְׁתִּי אֶת הַבַּיִת הַזֶּה לִהְיוֹת שְׁמִי שָׁם עַד עוֹלָם וְהָיוּ עֵינַי וְלִבִּי שָׁם כָּל הַיָּמִים` (דברי-הימים-ב ז:טז)
1177	48	נפש	נפש	ירמיהו יח:כ		`הַיְשֻׁלַּם תַּחַת טוֹבָה רָעָה כִּי כָרוּ שׁוּחָה לְנַפְשִׁי זְכֹר עָמְדִי לְפָנֶיךָ לְדַבֵּר עֲלֵיהֶם טוֹבָה לְהָשִׁיב אֶת חֲמָתְךָ מֵהֶם` (ירמיהו יח:כ)
1178	48	נפש	נפש	תהילים סט:יח		`קָרְבָה אֶל נַפְשִׁי גְאָלָהּ לְמַעַן אֹיְבַי פְּדֵנִי` (תהילים סט:יח)
1179	48	חיים	חיים	תהילים קמו:ב		`אֲהַלְלָה יְהוָה בְּחַיָּי אֲזַמְּרָה לֵאלֹהַי בְּעוֹדִי` (תהילים קמו:ב)
1180	48	לב-לבב	לב	משלי כג:לג		`עֵינֶיךָ יִרְאוּ זָרוֹת וְלִבְּךָ יְדַבֵּר תַּהְפֻּכוֹת` (משלי כג:לג)
1181	48	נפש	נפש	מלכים-א ב:כג		`וַיִּשָּׁבַע הַמֶּלֶךְ שְׁלֹמֹה בַּיהוָה לֵאמֹר כֹּה יַעֲשֶׂה לִּי אֱלֹהִים וְכֹה יוֹסִיף כִּי בְנַפְשׁוֹ דִּבֶּר אֲדֹנִיָּהוּ אֶת הַדָּבָר הַזֶּה` (מלכים-א ב:כג)
1182	48	לב-לבב	לב	תהילים קיט:סט		`טָפְלוּ עָלַי שֶׁקֶר זֵדִים אֲנִי בְּכָל לֵב אֱצֹּר פִּקּוּדֶיךָ` (תהילים קיט:סט)
1183	48	נפש	נפש	במדבר ט:ז		`וַיֹּאמְרוּ הָאֲנָשִׁים הָהֵמָּה אֵלָיו אֲנַחְנוּ טְמֵאִים לְנֶפֶשׁ אָדָם לָמָּה נִגָּרַע לְבִלְתִּי הַקְרִב אֶת קָרְבַּן יְהוָה בְּמֹעֲדוֹ בְּתוֹךְ בְּנֵי יִשְׂרָאֵל` (במדבר ט:ז)
1184	48	לב-לבב	לב	ירמיהו ה:כא		`שִׁמְעוּ נָא זֹאת עַם סָכָל וְאֵין לֵב עֵינַיִם לָהֶם וְלֹא יִרְאוּ אָזְנַיִם לָהֶם וְלֹא יִשְׁמָעוּ` (ירמיהו ה:כא)
1185	48	נפש	נפש	ישעיהו מד:כ		`רֹעֶה אֵפֶר לֵב הוּתַל הִטָּהוּ וְלֹא יַצִּיל אֶת נַפְשׁוֹ וְלֹא יֹאמַר הֲלוֹא שֶׁקֶר בִּימִינִי` (ישעיהו מד:כ)
1186	48	אדם	אדם	יחזקאל יא:טו		`בֶּן אָדָם אַחֶיךָ אַחֶיךָ אַנְשֵׁי גְאֻלָּתֶךָ וְכָל בֵּית יִשְׂרָאֵל כֻּלֹּה אֲשֶׁר אָמְרוּ לָהֶם יֹשְׁבֵי יְרוּשָׁלִַם רַחֲקוּ מֵעַל יְהוָה לָנוּ הִיא נִתְּנָה הָאָרֶץ לְמוֹרָשָׁה` (יחזקאל יא:טו)
1187	48	נפש	נפש	אסתר ט:טז		`וּשְׁאָר הַיְּהוּדִים אֲשֶׁר בִּמְדִינוֹת הַמֶּלֶךְ נִקְהֲלוּ וְעָמֹד עַל נַפְשָׁם וְנוֹחַ מֵאֹיְבֵיהֶם וְהָרֹג בְּשֹׂנְאֵיהֶם חֲמִשָּׁה וְשִׁבְעִים אָלֶף וּבַבִּזָּה לֹא שָׁלְחוּ אֶת יָדָם` (אסתר ט:טז)
1188	48	נפש	נפש	ירמיהו לא:כה		`כִּי הִרְוֵיתִי נֶפֶשׁ עֲיֵפָה וְכָל נֶפֶשׁ דָּאֲבָה מִלֵּאתִי` (ירמיהו לא:כה)
1189	48	חיים	חיים	משלי ה:ו		`אֹרַח חַיִּים פֶּן תְּפַלֵּס נָעוּ מַעְגְּלֹתֶיהָ לֹא תֵדָע` (משלי ה:ו)
1190	48	לב-לבב	לב	ירמיהו כג:יז		`אֹמְרִים אָמוֹר לִמְנַאֲצַי דִּבֶּר יְהוָה שָׁלוֹם יִהְיֶה לָכֶם וְכֹל הֹלֵךְ בִּשְׁרִרוּת לִבּוֹ אָמְרוּ לֹא תָבוֹא עֲלֵיכֶם רָעָה` (ירמיהו כג:יז)
1191	48	לב-לבב	לב	תהילים כב:יד		`כַּמַּיִם נִשְׁפַּכְתִּי וְהִתְפָּרְדוּ כָּל עַצְמוֹתָי הָיָה לִבִּי כַּדּוֹנָג נָמֵס בְּתוֹךְ מֵעָי` (תהילים כב:יד)
1192	48	נפש	נפש	ויקרא כב:יא		`וְכֹהֵן כִּי יִקְנֶה נֶפֶשׁ קִנְיַן כַּסְפּוֹ הוּא יֹאכַל בּוֹ וִילִיד בֵּיתוֹ הֵם יֹאכְלוּ בְלַחְמוֹ` (ויקרא כב:יא)
1193	48	אדם	אדם	דברים כ:יט		`כִּי תָצוּר אֶל עִיר יָמִים רַבִּים לְהִלָּחֵם עָלֶיהָ לְתָפְשָׂהּ לֹא תַשְׁחִית אֶת עֵצָהּ לִנְדֹּחַ עָלָיו גַּרְזֶן כִּי מִמֶּנּוּ תֹאכֵל וְאֹתוֹ לֹא תִכְרֹת כִּי הָאָדָם עֵץ הַשָּׂדֶה לָבֹא מִפָּנֶיךָ בַּמָּצוֹר` (דברים כ:יט)
1194	48	רוח	רוח	ישעיהו לז:ז		`הִנְנִי נוֹתֵן בּוֹ רוּחַ וְשָׁמַע שְׁמוּעָה וְשָׁב אֶל אַרְצוֹ וְהִפַּלְתִּיו בַּחֶרֶב בְּאַרְצוֹ` (ישעיהו לז:ז)
1195	48	נפש	נפש	במדבר לה:ל		`כָּל מַכֵּה נֶפֶשׁ לְפִי עֵדִים יִרְצַח אֶת הָרֹצֵחַ וְעֵד אֶחָד לֹא יַעֲנֶה בְנֶפֶשׁ לָמוּת` (במדבר לה:ל)
1196	48	אדם	אדם	יחזקאל לט:יז		`וְאַתָּה בֶן אָדָם כֹּה אָמַר אֲדֹנָי יְהֹוִה אֱמֹר לְצִפּוֹר כָּל כָּנָף וּלְכֹל חַיַּת הַשָּׂדֶה הִקָּבְצוּ וָבֹאוּ הֵאָסְפוּ מִסָּבִיב עַל זִבְחִי אֲשֶׁר אֲנִי זֹבֵחַ לָכֶם זֶבַח גָּדוֹל עַל הָרֵי יִשְׂרָאֵל וַאֲכַלְתֶּם בָּשָׂר וּשְׁתִיתֶם דָּם` (יחזקאל לט:יז)
1197	48	לב-לבב	לב	קהלת יא:ט		`שְׂמַח בָּחוּר בְּיַלְדוּתֶיךָ וִיטִיבְךָ לִבְּךָ בִּימֵי בְחוּרוֹתֶךָ וְהַלֵּךְ בְּדַרְכֵי לִבְּךָ וּבְמַרְאֵי עֵינֶיךָ וְדָע כִּי עַל כָּל אֵלֶּה יְבִיאֲךָ הָאֱלֹהִים בַּמִּשְׁפָּט` (קהלת יא:ט)
1198	48	רוח	רוח	תהילים קד:כט		`תַּסְתִּיר פָּנֶיךָ יִבָּהֵלוּן תֹּסֵף רוּחָם יִגְוָעוּן וְאֶל עֲפָרָם יְשׁוּבוּן` (תהילים קד:כט)
1199	48	רוח	רוח	ישעיהו כו:יח		`הָרִינוּ חַלְנוּ כְּמוֹ יָלַדְנוּ רוּחַ יְשׁוּעֹת בַּל נַעֲשֶׂה אֶרֶץ וּבַל יִפְּלוּ יֹשְׁבֵי תֵבֵל` (ישעיהו כו:יח)
1200	48	לב-לבב	לב	משלי טו:כח	1149	`לֵב צַדִּיק יֶהְגֶּה לַעֲנוֹת וּפִי רְשָׁעִים יַבִּיעַ רָעוֹת` (משלי טו:כח)
1201	49	רוח	רוח	בראשית כו:לה		`וַתִּהְיֶיןָ מֹרַת רוּחַ לְיִצְחָק וּלְרִבְקָה` (בראשית כו:לה)
1202	49	נפש	נפש	תהילים כז:יב		`אַל תִּתְּנֵנִי בְּנֶפֶשׁ צָרָי כִּי קָמוּ בִי עֵדֵי שֶׁקֶר וִיפֵחַ חָמָס` (תהילים כז:יב)
1203	49	איש-אשה	איש	במדבר א:נב		`וְחָנוּ בְּנֵי יִשְׂרָאֵל אִישׁ עַל מַחֲנֵהוּ וְאִישׁ עַל דִּגְלוֹ לְצִבְאֹתָם` (במדבר א:נב)
1204	49	לב-לבב	לב	תהילים קלח:א		`לְדָוִד אוֹדְךָ בְכָל לִבִּי נֶגֶד אֱלֹהִים אֲזַמְּרֶךָּ` (תהילים קלח:א)
1205	49	נפש	נפש	תהילים כג:ג		`נַפְשִׁי יְשׁוֹבֵב יַנְחֵנִי בְמַעְגְּלֵי צֶדֶק לְמַעַן שְׁמוֹ` (תהילים כג:ג)
1206	49	חיים	חיים	שמות א:יד		`וַיְמָרְרוּ אֶת חַיֵּיהֶם בַּעֲבֹדָה קָשָׁה בְּחֹמֶר וּבִלְבֵנִים וּבְכָל עֲבֹדָה בַּשָּׂדֶה אֵת כָּל עֲבֹדָתָם אֲשֶׁר עָבְדוּ בָהֶם בְּפָרֶךְ` (שמות א:יד)
1207	49	חיים	חיים	ישעיהו לח:טז	14	`אֲדֹנָי עֲלֵיהֶם יִחְיוּ וּלְכָל בָּהֶן חַיֵּי רוּחִי וְתַחֲלִימֵנִי וְהַחֲיֵנִי` (ישעיהו לח:טז)
1208	49	חיים	חיים	קהלת ו:יב	1077	`כִּי מִי יוֹדֵעַ מַה טּוֹב לָאָדָם בַּחַיִּים מִסְפַּר יְמֵי חַיֵּי הֶבְלוֹ וְיַעֲשֵׂם כַּצֵּל אֲשֶׁר מִי יַגִּיד לָאָדָם מַה יִּהְיֶה אַחֲרָיו תַּחַת הַשָּׁמֶשׁ` (קהלת ו:יב)
1209	49	לב-לבב	לב	שופטים יח:כ		`וַיִּיטַב לֵב הַכֹּהֵן וַיִּקַּח אֶת הָאֵפוֹד וְאֶת הַתְּרָפִים וְאֶת הַפָּסֶל וַיָּבֹא בְּקֶרֶב הָעָם` (שופטים יח:כ)
1210	49	אדם	אדם	יחזקאל יז:ב		`בֶּן אָדָם חוּד חִידָה וּמְשֹׁל מָשָׁל אֶל בֵּית יִשְׂרָאֵל` (יחזקאל יז:ב)
1211	49	חיים	חיים	משלי יא:יט		`כֵּן צְדָקָה לְחַיִּים וּמְרַדֵּף רָעָה לְמוֹתוֹ` (משלי יא:יט)
1212	49	נפש	נפש	שמואל-א כב:ב		`וַיִּתְקַבְּצוּ אֵלָיו כָּל אִישׁ מָצוֹק וְכָל אִישׁ אֲשֶׁר לוֹ נֹשֶׁא וְכָל אִישׁ מַר נֶפֶשׁ וַיְהִי עֲלֵיהֶם לְשָׂר וַיִּהְיוּ עִמּוֹ כְּאַרְבַּע מֵאוֹת אִישׁ` (שמואל-א כב:ב)
1213	49	איש-אשה	איש	שמואל-ב יט:טז		`וַיְמַהֵר שִׁמְעִי בֶן גֵּרָא בֶּן הַיְמִינִי אֲשֶׁר מִבַּחוּרִים וַיֵּרֶד עִם אִישׁ יְהוּדָה לִקְרַאת הַמֶּלֶךְ דָּוִד` (שמואל-ב יט:טז)
1214	49	נפש	נפש	תהילים קמג:ג		`כִּי רָדַף אוֹיֵב נַפְשִׁי דִּכָּא לָאָרֶץ חַיָּתִי הוֹשִׁיבַנִי בְמַחֲשַׁכִּים כְּמֵתֵי עוֹלָם` (תהילים קמג:ג)
1215	49	לב-לבב	לב	תהילים קה:ג		`הִתְהַלְלוּ בְּשֵׁם קָדְשׁוֹ יִשְׂמַח לֵב מְבַקְשֵׁי יְהוָה` (תהילים קה:ג)
1216	49	לב-לבב	לב	תהילים ד:ז		`נָתַתָּה שִׂמְחָה בְלִבִּי מֵעֵת דְּגָנָם וְתִירוֹשָׁם רָבּוּ` (תהילים ד:ז)
1217	49	לב-לבב	לב	ירמיהו מד:כא		`הֲלוֹא אֶת הַקִּטֵּר אֲשֶׁר קִטַּרְתֶּם בְּעָרֵי יְהוּדָה וּבְחֻצוֹת יְרוּשָׁלִַם אַתֶּם וַאֲבוֹתֵיכֶם מַלְכֵיכֶם וְשָׂרֵיכֶם וְעַם הָאָרֶץ אֹתָם זָכַר יְהוָה וַתַּעֲלֶה עַל לִבּוֹ` (ירמיהו מד:כא)
1218	49	איש-אשה	איש	שמואל-א כח:יד		`וַיֹּאמֶר לָהּ מַה תָּאֳרוֹ וַתֹּאמֶר אִישׁ זָקֵן עֹלֶה וְהוּא עֹטֶה מְעִיל וַיֵּדַע שָׁאוּל כִּי שְׁמוּאֵל הוּא וַיִּקֹּד אַפַּיִם אַרְצָה וַיִּשְׁתָּחוּ` (שמואל-א כח:יד)
1219	49	רוח	רוח	יחזקאל ב:ב		`וַתָּבֹא בִי רוּחַ כַּאֲשֶׁר דִּבֶּר אֵלַי וַתַּעֲמִדֵנִי עַל רַגְלָי וָאֶשְׁמַע אֵת מִדַּבֵּר אֵלָי` (יחזקאל ב:ב)
1220	49	נפש	נפש	תהילים קיו:ח	998	`כִּי חִלַּצְתָּ נַפְשִׁי מִמָּוֶת אֶת עֵינִי מִן דִּמְעָה אֶת רַגְלִי מִדֶּחִי` (תהילים קיו:ח)
1221	49	לב-לבב	לב	שמות יד:ד		`וְחִזַּקְתִּי אֶת לֵב פַּרְעֹה וְרָדַף אַחֲרֵיהֶם וְאִכָּבְדָה בְּפַרְעֹה וּבְכָל חֵילוֹ וְיָדְעוּ מִצְרַיִם כִּי אֲנִי יְהוָה וַיַּעֲשׂוּ כֵן` (שמות יד:ד)
1222	49	נפש	נפש	דברים ל:ו		`וּמָל יְהוָה אֱלֹהֶיךָ אֶת לְבָבְךָ וְאֶת לְבַב זַרְעֶךָ לְאַהֲבָה אֶת יְהוָה אֱלֹהֶיךָ בְּכָל לְבָבְךָ וּבְכָל נַפְשְׁךָ לְמַעַן חַיֶּיךָ` (דברים ל:ו)
1223	49	נפש	נפש	איוב לג:ל		`לְהָשִׁיב נַפְשׁוֹ מִנִּי שָׁחַת לֵאוֹר בְּאוֹר הַחַיִּים` (איוב לג:ל)
1224	49	נפש	נפש	מלכים-א יז:כא		`וַיִּתְמֹדֵד עַל הַיֶּלֶד שָׁלֹשׁ פְּעָמִים וַיִּקְרָא אֶל יְהוָה וַיֹּאמַר יְהוָה אֱלֹהָי תָּשָׁב נָא נֶפֶשׁ הַיֶּלֶד הַזֶּה עַל קִרְבּוֹ` (מלכים-א יז:כא)
1225	49	נפש	נפש	תהילים לא:יג		`כִּי שָׁמַעְתִּי דִּבַּת רַבִּים מָגוֹר מִסָּבִיב בְּהִוָּסְדָם יַחַד עָלַי לָקַחַת נַפְשִׁי זָמָמוּ` (תהילים לא:יג)
1226	50	נפש	נפש	תהילים קכג:ד		`רַבַּת שָׂבְעָה לָּהּ נַפְשֵׁנוּ הַלַּעַג הַשַּׁאֲנַנִּים הַבּוּז לִגְאֵיוֹנִים` (תהילים קכג:ד)
1227	50	איש-אשה	איש	שמואל-ב יב:ד		`וַיָּבֹא הֵלֶךְ לְאִישׁ הֶעָשִׁיר וַיַּחְמֹל לָקַחַת מִצֹּאנוֹ וּמִבְּקָרוֹ לַעֲשׂוֹת לָאֹרֵחַ הַבָּא לוֹ וַיִּקַּח אֶת כִּבְשַׂת הָאִישׁ הָרָאשׁ וַיַּעֲשֶׂהָ לָאִישׁ הַבָּא אֵלָיו` (שמואל-ב יב:ד)
1228	50	חיים	חיים	זכריה יד:ח		`וְהָיָה בַּיּוֹם הַהוּא יֵצְאוּ מַיִם חַיִּים מִירוּשָׁלִַם חֶצְיָם אֶל הַיָּם הַקַּדְמוֹנִי וְחֶצְיָם אֶל הַיָּם הָאַחֲרוֹן בַּקַּיִץ וּבָחֹרֶף יִהְיֶה` (זכריה יד:ח)
1229	50	איש-אשה	איש	תהילים לח:יד		`וָאֱהִי כְּאִישׁ אֲשֶׁר לֹא שֹׁמֵעַ וְאֵין בְּפִיו תּוֹכָחוֹת` (תהילים לח:יד)
1230	50	נפש	נפש	איוב לג:כ		`וְזִהֲמַתּוּ חַיָּתוֹ לָחֶם וְנַפְשׁוֹ מַאֲכַל תַּאֲוָה` (איוב לג:כ)
1231	50	נפש	נפש	שמות יב:טז		`וּבַיּוֹם הָרִאשׁוֹן מִקְרָא קֹדֶשׁ וּבַיּוֹם הַשְּׁבִיעִי מִקְרָא קֹדֶשׁ יִהְיֶה לָכֶם כָּל מְלָאכָה לֹא יֵעָשֶׂה בָהֶם אַךְ אֲשֶׁר יֵאָכֵל לְכָל נֶפֶשׁ הוּא לְבַדּוֹ יֵעָשֶׂה לָכֶם` (שמות יב:טז)
1232	50	איש-אשה	איש	זכריה ח:י		`כִּי לִפְנֵי הַיָּמִים הָהֵם שְׂכַר הָאָדָם לֹא נִהְיָה וּשְׂכַר הַבְּהֵמָה אֵינֶנָּה וְלַיּוֹצֵא וְלַבָּא אֵין שָׁלוֹם מִן הַצָּר וַאֲשַׁלַּח אֶת כָּל הָאָדָם אִישׁ בְּרֵעֵהוּ` (זכריה ח:י)
1233	50	רוח	רוח	ישעיהו ל:א		`הוֹי בָּנִים סוֹרְרִים נְאֻם יְהוָה לַעֲשׂוֹת עֵצָה וְלֹא מִנִּי וְלִנְסֹךְ מַסֵּכָה וְלֹא רוּחִי לְמַעַן סְפוֹת חַטָּאת עַל חַטָּאת` (ישעיהו ל:א)
1234	50	נפש	נפש	ישעיהו נג:י		`וַיהוָה חָפֵץ דַּכְּאוֹ הֶחֱלִי אִם תָּשִׂים אָשָׁם נַפְשׁוֹ יִרְאֶה זֶרַע יַאֲרִיךְ יָמִים וְחֵפֶץ יְהוָה בְּיָדוֹ יִצְלָח` (ישעיהו נג:י)
1235	50	איש-אשה	איש	איכה ג:לג		`כִּי לֹא עִנָּה מִלִּבּוֹ וַיַּגֶּה בְנֵי אִישׁ` (איכה ג:לג)
1236	50	נפש	נפש	דברי-הימים-ב ו:לח		`וְשָׁבוּ אֵלֶיךָ בְּכָל לִבָּם וּבְכָל נַפְשָׁם בְּאֶרֶץ שִׁבְיָם אֲשֶׁר שָׁבוּ אֹתָם וְהִתְפַּלְלוּ דֶּרֶךְ אַרְצָם אֲשֶׁר נָתַתָּה לַאֲבוֹתָם וְהָעִיר אֲשֶׁר בָּחַרְתָּ וְלַבַּיִת אֲשֶׁר בָּנִיתִי לִשְׁמֶךָ` (דברי-הימים-ב ו:לח)
1237	50	נפש	נפש	ישעיהו יט:י		`וְהָיוּ שָׁתֹתֶיהָ מְדֻכָּאִים כָּל עֹשֵׂי שֶׂכֶר אַגְמֵי נָפֶשׁ` (ישעיהו יט:י)
1238	50	נפש	נפש	קהלת ו:ג		`אִם יוֹלִיד אִישׁ מֵאָה וְשָׁנִים רַבּוֹת יִחְיֶה וְרַב שֶׁיִּהְיוּ יְמֵי שָׁנָיו וְנַפְשׁוֹ לֹא תִשְׂבַּע מִן הַטּוֹבָה וְגַם קְבוּרָה לֹא הָיְתָה לּוֹ אָמַרְתִּי טוֹב מִמֶּנּוּ הַנָּפֶל` (קהלת ו:ג)
1239	50	נפש	נפש	ויקרא יט:ח		`וְאֹכְלָיו עֲוֺנוֹ יִשָּׂא כִּי אֶת קֹדֶשׁ יְהוָה חִלֵּל וְנִכְרְתָה הַנֶּפֶשׁ הַהִוא מֵעַמֶּיהָ` (ויקרא יט:ח)
1240	50	אדם	אדם	ישעיהו לז:יט		`וְנָתֹן אֶת אֱלֹהֵיהֶם בָּאֵשׁ כִּי לֹא אֱלֹהִים הֵמָּה כִּי אִם מַעֲשֵׂה יְדֵי אָדָם עֵץ וָאֶבֶן וַיְאַבְּדוּם` (ישעיהו לז:יט)
1241	50	רוח	רוח	תהילים קו:לג		`כִּי הִמְרוּ אֶת רוּחוֹ וַיְבַטֵּא בִּשְׂפָתָיו` (תהילים קו:לג)
1242	50	חיים	חיים	בראשית מז:ט		`וַיֹּאמֶר יַעֲקֹב אֶל פַּרְעֹה יְמֵי שְׁנֵי מְגוּרַי שְׁלֹשִׁים וּמְאַת שָׁנָה מְעַט וְרָעִים הָיוּ יְמֵי שְׁנֵי חַיַּי וְלֹא הִשִּׂיגוּ אֶת יְמֵי שְׁנֵי חַיֵּי אֲבֹתַי בִּימֵי מְגוּרֵיהֶם` (בראשית מז:ט)
1243	50	נפש	נפש	תהילים פד:ב		`נִכְסְפָה וְגַם כָּלְתָה נַפְשִׁי לְחַצְרוֹת יְהוָה לִבִּי וּבְשָׂרִי יְרַנְּנוּ אֶל אֵל חָי` (תהילים פד:ב)
1244	50	נפש	נפש	איכה ג:נא		`עֵינִי עוֹלְלָה לְנַפְשִׁי מִכֹּל בְּנוֹת עִירִי` (איכה ג:נא)
1245	50	נפש	נפש	משלי יט:יח		`יַסֵּר בִּנְךָ כִּי יֵשׁ תִּקְוָה וְאֶל הֲמִיתוֹ אַל תִּשָּׂא נַפְשֶׁךָ` (משלי יט:יח)
1246	50	חיים	חיים	יחזקאל לב:כד		`שָׁם עֵילָם וְכָל הֲמוֹנָהּ סְבִיבוֹת קְבֻרָתָהּ כֻּלָּם חֲלָלִים הַנֹּפְלִים בַּחֶרֶב אֲ‍שֶׁר יָרְדוּ עֲרֵלִים אֶל אֶרֶץ תַּחְתִּיּוֹת אֲשֶׁר נָתְנוּ חִתִּיתָם בְּאֶרֶץ חַיִּים וַיִּשְׂאוּ כְלִמָּתָם אֶת יוֹרְדֵי בוֹר` (יחזקאל לב:כד)
1247	50	לב-לבב	לב	שמות יד:ד	1221	`וְחִזַּקְתִּי אֶת לֵב פַּרְעֹה וְרָדַף אַחֲרֵיהֶם וְאִכָּבְדָה בְּפַרְעֹה וּבְכָל חֵילוֹ וְיָדְעוּ מִצְרַיִם כִּי אֲנִי יְהוָה וַיַּעֲשׂוּ כֵן` (שמות יד:ד)
1248	50	נפש	נפש	ירמיהו ה:ט		`הַעַל אֵלֶּה לוֹא אֶפְקֹד נְאֻם יְהֹוָה וְאִם בְּגוֹי אֲשֶׁר כָּזֶה לֹא תִתְנַקֵּם נַפְשִׁי` (ירמיהו ה:ט)
1249	50	נפש	נפש	תהילים נז:ו		`רֶשֶׁת הֵכִינוּ לִפְעָמַי כָּפַף נַפְשִׁי כָּרוּ לְפָנַי שִׁיחָה נָפְלוּ בְתוֹכָהּ סֶלָה` (תהילים נז:ו)
1250	50	אדם	אדם	יחזקאל כה:ב		`בֶּן אָדָם שִׂים פָּנֶיךָ אֶל בְּנֵי עַמּוֹן וְהִנָּבֵא עֲלֵיהֶם` (יחזקאל כה:ב)
1251	51	רוח	רוח	יחזקאל מב:יז		`מָדַד רוּחַ הַצָּפוֹן חֲמֵשׁ מֵאוֹת קָנִים בִּקְנֵה הַמִּדָּה סָבִיב` (יחזקאל מב:יז)
1252	51	חיה-פועל	חיה	בראשית יב:יב		`וְהָיָה כִּי יִרְאוּ אֹתָךְ הַמִּצְרִים וְאָמְרוּ אִשְׁתּוֹ זֹאת וְהָרְגוּ אֹתִי וְאֹתָךְ יְחַיּוּ` (בראשית יב:יב)
1253	51	חיים	חיים	בראשית ז:יא		`בִּשְׁנַת שֵׁשׁ מֵאוֹת שָׁנָה לְחַיֵּי נֹחַ בַּחֹדֶשׁ הַשֵּׁנִי בְּשִׁבְעָה עָשָׂר יוֹם לַחֹדֶשׁ בַּיּוֹם הַזֶּה נִבְקְעוּ כָּל מַעְיְנֹת תְּהוֹם רַבָּה וַאֲרֻבֹּת הַשָּׁמַיִם נִפְתָּחוּ` (בראשית ז:יא)
1254	51	נפש	נפש	דברים יא:יג		`וְהָיָה אִם שָׁמֹעַ תִּשְׁמְעוּ אֶל מִצְוֺתַי אֲשֶׁר אָנֹכִי מְצַוֶּה אֶתְכֶם הַיּוֹם לְאַהֲבָה אֶת יְהוָה אֱלֹהֵיכֶם וּלְעָבְדוֹ בְּכָל לְבַבְכֶם וּבְכָל נַפְשְׁכֶם` (דברים יא:יג)
1255	51	לב-לבב	לב	ישעיהו נא:ז		`שִׁמְעוּ אֵלַי יֹדְעֵי צֶדֶק עַם תּוֹרָתִי בְלִבָּם אַל תִּירְאוּ חֶרְפַּת אֱנוֹשׁ וּמִגִּדֻּפֹתָם אַל תֵּחָתּוּ` (ישעיהו נא:ז)
1256	51	אדם	אדם	קהלת ג:יח		`אָמַרְתִּי אֲנִי בְּלִבִּי עַל דִּבְרַת בְּנֵי הָאָדָם לְבָרָם הָאֱלֹהִים וְלִרְאוֹת שְׁהֶם בְּהֵמָה הֵמָּה לָהֶם` (קהלת ג:יח)
1257	51	נפש	נפש	תהילים יא:א		`לַמְנַצֵּחַ לְדָוִד בַּיהוָה חָסִיתִי אֵיךְ תֹּאמְרוּ לְנַפְשִׁי נוּדוּ הַרְכֶם צִפּוֹר` (תהילים יא:א)
1258	51	חיים	חיים	שמות כב:ד	944	`אִם הִמָּצֵא תִמָּצֵא בְיָדוֹ הַגְּנֵבָה מִשּׁוֹר עַד חֲמוֹר עַד שֶׂה חַיִּים שְׁנַיִם יְשַׁלֵּם` (שמות כב:ד)
1259	51	לב-לבב	לבב	נחמיה ט:ח		`וּמָצָאתָ אֶת לְבָבוֹ נֶאֱמָן לְפָנֶיךָ וְכָרוֹת עִמּוֹ הַבְּרִית לָתֵת אֶת אֶרֶץ הַכְּנַעֲנִי הַחִתִּי הָאֱמֹרִי וְהַפְּרִזִּי וְהַיְבוּסִי וְהַגִּרְגָּשִׁי לָתֵת לְזַרְעוֹ וַתָּקֶם אֶת דְּבָרֶיךָ כִּי צַדִּיק אָתָּה` (נחמיה ט:ח)
1260	51	נפש	נפש	ירמיהו יד:יט		`הֲמָאֹס מָאַסְתָּ אֶת יְהוּדָה אִם בְּצִיּוֹן גָּעֲלָה נַפְשֶׁךָ מַדּוּעַ הִכִּיתָנוּ וְאֵין לָנוּ מַרְפֵּא קַוֵּה לְשָׁלוֹם וְאֵין טוֹב וּלְעֵת מַרְפֵּא וְהִנֵּה בְעָתָה` (ירמיהו יד:יט)
1261	51	נפש	נפש	ירמיהו מו:כו		`וּנְתַתִּים בְּיַד מְבַקְשֵׁי נַפְשָׁם וּבְיַד נְבוּכַדְרֶאצַּר מֶלֶךְ בָּבֶל וּבְיַד עֲבָדָיו וְאַחֲרֵי כֵן תִּשְׁכֹּן כִּימֵי קֶדֶם נְאֻם יְהוָה` (ירמיהו מו:כו)
1262	51	איש-אשה	איש	זכריה ב:א		`וָאֶשָּׂא עֵינַי וָאֵרֶא וְהִנֵּה אִישׁ וּבְיָדוֹ חֶבֶל מִדָּה` (זכריה ב:א)
1263	51	חיה-פועל	חיה	שמואל-א כז:יא		`וְאִישׁ וְאִשָּׁה לֹא יְחַיֶּה דָוִד לְהָבִיא גַת לֵאמֹר פֶּן יַגִּדוּ עָלֵינוּ לֵאמֹר כֹּה עָשָׂה דָוִד וְכֹה מִשְׁפָּטוֹ כָּל הַיָּמִים אֲשֶׁר יָשַׁב בִּשְׂדֵה פְלִשְׁתִּים` (שמואל-א כז:יא)
1264	51	רוח	רוח	תהילים פג:יג		`אֱ‍לֹהַי שִׁיתֵמוֹ כַגַּלְגַּל כְּקַשׁ לִפְנֵי רוּחַ` (תהילים פג:יג)
1265	51	לב-לבב	לב	ירמיהו לא:כא		`הַצִּיבִי לָךְ צִיֻּנִים שִׂמִי לָךְ תַּמְרוּרִים שִׁתִי לִבֵּךְ לַמְסִלָּה דֶּרֶךְ הָלָכְתִּי שׁוּבִי בְּתוּלַת יִשְׂרָאֵל שֻׁבִי אֶל עָרַיִךְ אֵלֶּה` (ירמיהו לא:כא)
1266	51	נפש	נפש	תהילים סט:א		`לַמְנַצֵּחַ עַל שׁוֹשַׁנִּים לְדָוִד הוֹשִׁיעֵנִי אֱלֹהִים כִּי בָאוּ מַיִם עַד נָפֶשׁ` (תהילים סט:א)
1267	51	רוח	רוח	קהלת ב:יז		`וְשָׂנֵאתִי אֶת הַחַיִּים כִּי רַע עָלַי הַמַּעֲשֶׂה שֶׁנַּעֲשָׂה תַּחַת הַשָּׁמֶשׁ כִּי הַכֹּל הֶבֶל וּרְעוּת רוּחַ` (קהלת ב:יז)
1268	51	איש-אשה	איש	במדבר יא:כה		`וַיֵּרֶד יְהוָה בֶּעָנָן וַיְדַבֵּר אֵלָיו וַיָּאצֶל מִן הָרוּחַ אֲשֶׁר עָלָיו וַיִּתֵּן עַל שִׁבְעִים אִישׁ הַזְּקֵנִים וַיְהִי כְּנוֹחַ עֲלֵיהֶם הָרוּחַ וַיִּתְנַבְּאוּ וְלֹא יָסָפוּ` (במדבר יא:כה)
1269	51	נפש	נפש	איוב מא:כא		`נַפְשׁוֹ גֶּחָלִים תְּלַהֵט וְלַהַב מִפִּיו יֵצֵא` (איוב מא:כא)
1270	51	איש-אשה	אשה	בראשית לא:לה		`וַתֹּאמֶר אֶל אָבִיהָ אַל יִחַר בְּעֵינֵי אֲדֹנִי כִּי לוֹא אוּכַל לָקוּם מִפָּנֶיךָ כִּי דֶרֶךְ נָשִׁים לִי וַיְחַפֵּשׂ וְלֹא מָצָא אֶת הַתְּרָפִים` (בראשית לא:לה)
1271	51	רוח	רוח	דברי-הימים-ב יח:כג		`וַיִּגַּשׁ צִדְקִיָּהוּ בֶן כְּנַעֲנָה וַיַּךְ אֶת מִיכָיְהוּ עַל הַלֶּחִי וַיֹּאמֶר אֵי זֶה הַדֶּרֶךְ עָבַר רוּחַ יְהוָה מֵאִתִּי לְדַבֵּר אֹתָךְ` (דברי-הימים-ב יח:כג)
1272	51	אדם	אדם	תהילים מט:כ		`אָדָם בִּיקָר וְלֹא יָבִין נִמְשַׁל כַּבְּהֵמוֹת נִדְמוּ` (תהילים מט:כ)
1273	51	נפש	נפש	איוב לג:כח		`פָּדָה נַפְשִׁי מֵעֲבֹר בַּשָּׁחַת וְחַיָּתִי בָּאוֹר תִּרְאֶה` (איוב לג:כח)
1274	51	נפש	נפש	ויקרא טז:לא	321	`שַׁבַּת שַׁבָּתוֹן הִיא לָכֶם וְעִנִּיתֶם אֶת נַפְשֹׁתֵיכֶם חֻקַּת עוֹלָם` (ויקרא טז:לא)
1275	51	חיים	חיים	שיר-השירים ד:טו		`מַעְיַן גַּנִּים בְּאֵר מַיִם חַיִּים וְנֹזְלִים מִן לְבָנוֹן` (שיר-השירים ד:טו)
1276	52	לב-לבב	לב	משלי כו:כה		`כִּי יְחַנֵּן קוֹלוֹ אַל תַּאֲמֶן בּוֹ כִּי שֶׁבַע תּוֹעֵבוֹת בְּלִבּוֹ` (משלי כו:כה)
1277	52	איש-אשה	איש	נחמיה ו:יא		`וָאֹמְרָה הַאִישׁ כָּמוֹנִי יִבְרָח וּמִי כָמוֹנִי אֲשֶׁר יָבוֹא אֶל הַהֵיכָל וָחָי לֹא אָבוֹא` (נחמיה ו:יא)
1278	52	אדם	אדם	יחזקאל ו:ב		`בֶּן אָדָם שִׂים פָּנֶיךָ אֶל הָרֵי יִשְׂרָאֵל וְהִנָּבֵא אֲלֵיהֶם` (יחזקאל ו:ב)
1279	52	נפש	נפש	בראשית יב:ה		`וַיִּקַּח אַבְרָם אֶת שָׂרַי אִשְׁתּוֹ וְאֶת לוֹט בֶּן אָחִיו וְאֶת כָּל רְכוּשָׁם אֲשֶׁר רָכָשׁוּ וְאֶת הַנֶּפֶשׁ אֲשֶׁר עָשׂוּ בְחָרָן וַיֵּצְאוּ לָלֶכֶת אַרְצָה כְּנַעַן וַיָּבֹאוּ אַרְצָה כְּנָעַן` (בראשית יב:ה)
1280	52	איש-אשה	איש	שמואל-א יג:יד		`וְעַתָּה מַמְלַכְתְּךָ לֹא תָקוּם בִּקֵּשׁ יְהוָה לוֹ אִישׁ כִּלְבָבוֹ וַיְצַוֵּהוּ יְהוָה לְנָגִיד עַל עַמּוֹ כִּי לֹא שָׁמַרְתָּ אֵת אֲשֶׁר צִוְּךָ יְהוָה` (שמואל-א יג:יד)
1281	52	איש-אשה	איש	שמואל-א יג:טו		`וַיָּקָם שְׁמוּאֵל וַיַּעַל מִן הַגִּלְגָּל גִּבְעַת בִּנְיָמִן וַיִּפְקֹד שָׁאוּל אֶת הָעָם הַנִּמְצְאִים עִמּוֹ כְּשֵׁשׁ מֵאוֹת אִישׁ` (שמואל-א יג:טו)
1282	52	נפש	נפש	בראשית מב:כא		`וַיֹּאמְרוּ אִישׁ אֶל אָחִיו אֲבָל אֲשֵׁמִים אֲנַחְנוּ עַל אָחִינוּ אֲשֶׁר רָאִינוּ צָרַת נַפְשׁוֹ בְּהִתְחַנְנוֹ אֵלֵינוּ וְלֹא שָׁמָעְנוּ עַל כֵּן בָּאָה אֵלֵינוּ הַצָּרָה הַזֹּאת` (בראשית מב:כא)
1283	52	איש-אשה	איש	שופטים ב:ו		`וַיְשַׁלַּח יְהוֹשֻׁעַ אֶת הָעָם וַיֵּלְכוּ בְנֵי יִשְׂרָאֵל אִישׁ לְנַחֲלָתוֹ לָרֶשֶׁת אֶת הָאָרֶץ` (שופטים ב:ו)
1284	52	חיים	חיים	בראשית כז:מו		`וַתֹּאמֶר רִבְקָה אֶל יִצְחָק קַצְתִּי בְחַיַּי מִפְּנֵי בְּנוֹת חֵת אִם לֹקֵחַ יַעֲקֹב אִשָּׁה מִבְּנוֹת חֵת כָּאֵלֶּה מִבְּנוֹת הָאָרֶץ לָמָּה לִּי חַיִּים` (בראשית כז:מו)
1285	52	אדם	אדם	זכריה ב:ד		`וַיֹּאמֶר אֵלָו רֻץ דַּבֵּר אֶל הַנַּעַר הַלָּז לֵאמֹר פְּרָזוֹת תֵּשֵׁב יְרוּשָׁלִַם מֵרֹב אָדָם וּבְהֵמָה בְּתוֹכָהּ` (זכריה ב:ד)
1286	52	נפש	נפש	יונה ד:ח		`וַיְהִי כִּזְרֹחַ הַשֶּׁמֶשׁ וַיְמַן אֱלֹהִים רוּחַ קָדִים חֲרִישִׁית וַתַּךְ הַשֶּׁמֶשׁ עַל רֹאשׁ יוֹנָה וַיִּתְעַלָּף וַיִּשְׁאַל אֶת נַפְשׁוֹ לָמוּת וַיֹּאמֶר טוֹב מוֹתִי מֵחַיָּי` (יונה ד:ח)
1287	52	לב-לבב	לבב	דברים כח:כח		`יַכְּכָה יְהוָה בְּשִׁגָּעוֹן וּבְעִוָּרוֹן וּבְתִמְהוֹן לֵבָב` (דברים כח:כח)
1288	52	חיים	חיים	תהילים נה:טו		`יַשִּׁימָוֶת עָלֵימוֹ יֵרְדוּ שְׁאוֹל חַיִּים כִּי רָעוֹת בִּמְגוּרָם בְּקִרְבָּם` (תהילים נה:טו)
1289	52	אדם	אדם	תהילים קכד:ב		`לוּלֵי יְהוָה שֶׁהָיָה לָנוּ בְּקוּם עָלֵינוּ אָדָם` (תהילים קכד:ב)
1290	52	נפש	נפש	בראשית מו:יח		`אֵלֶּה בְּנֵי זִלְפָּה אֲשֶׁר נָתַן לָבָן לְלֵאָה בִתּוֹ וַתֵּלֶד אֶת אֵלֶּה לְיַעֲקֹב שֵׁשׁ עֶשְׂרֵה נָפֶשׁ` (בראשית מו:יח)
1291	52	רוח	רוח	ישעיהו לד:טז		`דִּרְשׁוּ מֵעַל סֵפֶר יְהוָה וּקְרָאוּ אַחַת מֵהֵנָּה לֹא נֶעְדָּרָה אִשָּׁה רְעוּתָהּ לֹא פָקָדוּ כִּי פִי הוּא צִוָּה וְרוּחוֹ הוּא קִבְּצָן` (ישעיהו לד:טז)
1292	52	נפש	נפש	תהילים עא:כג		`תְּרַנֵּנָּה שְׂפָתַי כִּי אֲזַמְּרָה לָּךְ וְנַפְשִׁי אֲשֶׁר פָּדִיתָ` (תהילים עא:כג)
1293	52	נפש	נפש	במדבר ל:ט		`וְנֵדֶר אַלְמָנָה וּגְרוּשָׁה כֹּל אֲשֶׁר אָסְרָה עַל נַפְשָׁהּ יָקוּם עָלֶיהָ` (במדבר ל:ט)
1294	52	נפש	נפש	שמות ד:יט		`וַיֹּאמֶר יְהוָה אֶל מֹשֶׁה בְּמִדְיָן לֵךְ שֻׁב מִצְרָיִם כִּי מֵתוּ כָּל הָאֲנָשִׁים הַמְבַקְשִׁים אֶת נַפְשֶׁךָ` (שמות ד:יט)
1295	52	אדם	אדם	דברים לב:ח		`בְּהַנְחֵל עֶלְיוֹן גּוֹיִם בְּהַפְרִידוֹ בְּנֵי אָדָם יַצֵּב גְּבֻלֹת עַמִּים לְמִסְפַּר בְּנֵי יִשְׂרָאֵל` (דברים לב:ח)
1296	52	נפש	נפש	שמות כג:ט	1583	`וְגֵר לֹא תִלְחָץ וְאַתֶּם יְדַעְתֶּם אֶת נֶפֶשׁ הַגֵּר כִּי גֵרִים הֱיִיתֶם בְּאֶרֶץ מִצְרָיִם` (שמות כג:ט)
1297	52	נפש	נפש	ירמיהו מה:ה		`וְאַתָּה תְּבַקֶּשׁ לְךָ גְדֹלוֹת אַל תְּבַקֵּשׁ כִּי הִנְנִי מֵבִיא רָעָה עַל כָּל בָּשָׂר נְאֻם יְהוָה וְנָתַתִּי לְךָ אֶת נַפְשְׁךָ לְשָׁלָל עַל כָּל הַמְּקֹמוֹת אֲשֶׁר תֵּלֶךְ שָׁם` (ירמיהו מה:ה)
1298	52	רוח	רוח	ישעיהו לא:ג		`וּמִצְרַיִם אָדָם וְלֹא אֵל וְסוּסֵיהֶם בָּשָׂר וְלֹא רוּחַ וַיהוָה יַטֶּה יָדוֹ וְכָשַׁל עוֹזֵר וְנָפַל עָזֻר וְיַחְדָּו כֻּלָּם יִכְלָיוּן` (ישעיהו לא:ג)
1299	52	נפש	נפש	בראשית יז:יד		`וְעָרֵל זָכָר אֲשֶׁר לֹא יִמּוֹל אֶת בְּשַׂר עָרְלָתוֹ וְנִכְרְתָה הַנֶּפֶשׁ הַהִוא מֵעַמֶּיהָ אֶת בְּרִיתִי הֵפַר` (בראשית יז:יד)
1300	52	איש-אשה	איש	שופטים ז:טז		`וַיַּחַץ אֶת שְׁלֹשׁ מֵאוֹת הָאִישׁ שְׁלֹשָׁה רָאשִׁים וַיִּתֵּן שׁוֹפָרוֹת בְּיַד כֻּלָּם וְכַדִּים רֵקִים וְלַפִּדִים בְּתוֹךְ הַכַּדִּים` (שופטים ז:טז)
1301	53	נפש	נפש	יחזקאל לב:י		`וַהֲשִׁמּוֹתִי עָלֶיךָ עַמִּים רַבִּים וּמַלְכֵיהֶם יִשְׂעֲרוּ עָלֶיךָ שַׂעַר בְּעוֹפְפִי חַרְבִּי עַל פְּנֵיהֶם וְחָרְדוּ לִרְגָעִים אִישׁ לְנַפְשׁוֹ בְּיוֹם מַפַּלְתֶּךָ` (יחזקאל לב:י)
1302	53	נפש	נפש	תהילים קמג:יב		`וּבְחַסְדְּךָ תַּצְמִית אֹיְבָי וְהַאֲבַדְתָּ כָּל צֹרֲרֵי נַפְשִׁי כִּי אֲנִי עַבְדֶּךָ` (תהילים קמג:יב)
1303	53	חיה-פועל	חיה	דברי-הימים-ב כג:יא		`וַיּוֹצִיאוּ אֶת בֶּן הַמֶּלֶךְ וַיִּתְּנוּ עָלָיו אֶת הַנֵּזֶר וְאֶת הָעֵדוּת וַיַּמְלִיכוּ אֹתוֹ וַיִּמְשָׁחֻהוּ יְהוֹיָדָע וּבָנָיו וַיֹּאמְרוּ יְחִי הַמֶּלֶךְ` (דברי-הימים-ב כג:יא)
1304	53	איש-אשה	איש	דברים כג:י		`כִּי יִהְיֶה בְךָ אִישׁ אֲשֶׁר לֹא יִהְיֶה טָהוֹר מִקְּרֵה לָיְלָה וְיָצָא אֶל מִחוּץ לַמַּחֲנֶה לֹא יָבֹא אֶל תּוֹךְ הַמַּחֲנֶה` (דברים כג:י)
1305	53	חיים	חיים	איוב ז:ז		`זְכֹר כִּי רוּחַ חַיָּי לֹא תָשׁוּב עֵינִי לִרְאוֹת טוֹב` (איוב ז:ז)
1306	53	נפש	נפש	משלי ג:כב		`וְיִהְיוּ חַיִּים לְנַפְשֶׁךָ וְחֵן לְגַרְגְּרֹתֶיךָ` (משלי ג:כב)
1307	53	נפש	נפש	קהלת ו:ב		`אִישׁ אֲשֶׁר יִתֶּן לוֹ הָאֱלֹהִים עֹשֶׁר וּנְכָסִים וְכָבוֹד וְאֵינֶנּוּ חָסֵר לְנַפְשׁוֹ מִכֹּל אֲשֶׁר יִתְאַוֶּה וְלֹא יַשְׁלִיטֶנּוּ הָאֱלֹהִים לֶאֱכֹל מִמֶּנּוּ כִּי אִישׁ נָכְרִי יֹאכֲלֶנּוּ זֶה הֶבֶל וָחֳלִי רָע הוּא` (קהלת ו:ב)
1308	53	נפש	נפש	תהילים יז:ט		`מִפְּנֵי רְשָׁעִים זוּ שַׁדּוּנִי אֹיְבַי בְּנֶפֶשׁ יַקִּיפוּ עָלָי` (תהילים יז:ט)
1309	53	נפש	נפש	תהילים כד:ד		`נְקִי כַפַּיִם וּבַר לֵבָב אֲשֶׁר לֹא נָשָׂא לַשָּׁוְא נַפְשִׁי וְלֹא נִשְׁבַּע לְמִרְמָה` (תהילים כד:ד)
1310	53	נפש	נפש	מלכים-ב יב:ד		`וַיֹּאמֶר יְהוֹאָשׁ אֶל הַכֹּהֲנִים כֹּל כֶּסֶף הַקֳּדָשִׁים אֲשֶׁר יוּבָא בֵית יְהוָה כֶּסֶף עוֹבֵר אִישׁ כֶּסֶף נַפְשׁוֹת עֶרְכּוֹ כָּל כֶּסֶף אֲשֶׁר יַעֲלֶה עַל לֶב אִישׁ לְהָבִיא בֵּית יְהוָה` (מלכים-ב יב:ד)
1311	53	נפש	נפש	משלי יא:כה		`נֶפֶשׁ בְּרָכָה תְדֻשָּׁן וּמַרְוֶה גַּם הוּא יוֹרֶא` (משלי יא:כה)
1312	53	אדם	אדם	איוב לח:כו		`לְהַמְטִיר עַל אֶרֶץ לֹא אִישׁ מִדְבָּר לֹא אָדָם בּוֹ` (איוב לח:כו)
1313	53	נפש	נפש	ירמיהו כא:ט		`הַיֹּשֵׁב בָּעִיר הַזֹּאת יָמוּת בַּחֶרֶב וּבָרָעָב וּבַדָּבֶר וְהַיּוֹצֵא וְנָפַל עַל הַכַּשְׂדִּים הַצָּרִים עֲלֵיכֶם יִחְיֶה וְהָיְתָה לּוֹ נַפְשׁוֹ לְשָׁלָל` (ירמיהו כא:ט)
1314	53	רוח	רוח	מלכים-ב ב:ט		`וַיְהִי כְעָבְרָם וְאֵלִיָּהוּ אָמַר אֶל אֱלִישָׁע שְׁאַל מָה אֶעֱשֶׂה לָּךְ בְּטֶרֶם אֶלָּקַח מֵעִמָּךְ וַיֹּאמֶר אֱלִישָׁע וִיהִי נָא פִּי שְׁנַיִם בְּרוּחֲךָ אֵלָי` (מלכים-ב ב:ט)
1315	53	נפש	נפש	ירמיהו מד:ז		`וְעַתָּה כֹּה אָמַר יְהוָה אֱלֹהֵי צְבָאוֹת אֱלֹהֵי יִשְׂרָאֵל לָמָה אַתֶּם עֹשִׂים רָעָה גְדוֹלָה אֶל נַפְשֹׁתֵכֶם לְהַכְרִית לָכֶם אִישׁ וְאִשָּׁה עוֹלֵל וְיוֹנֵק מִתּוֹךְ יְהוּדָה לְבִלְתִּי הוֹתִיר לָכֶם שְׁאֵרִית` (ירמיהו מד:ז)
1316	53	חיים	חיים	תהילים לא:י		`כִּי כָלוּ בְיָגוֹן חַיַּי וּשְׁנוֹתַי בַּאֲנָחָה כָּשַׁל בַּעֲוֺנִי כֹחִי וַעֲצָמַי עָשֵׁשׁוּ` (תהילים לא:י)
1317	53	נפש	נפש	תהילים מט:ח		`וְיֵקַר פִּדְיוֹן נַפְשָׁם וְחָדַל לְעוֹלָם` (תהילים מט:ח)
1318	53	נפש	נפש	יהושע ט:כד		`וַיַּעֲנוּ אֶת יְהוֹשֻׁעַ וַיֹּאמְרוּ כִּי הֻגֵּד הֻגַּד לַעֲבָדֶיךָ אֵת אֲשֶׁר צִוָּה יְהוָה אֱלֹהֶיךָ אֶת מֹשֶׁה עַבְדּוֹ לָתֵת לָכֶם אֶת כָּל הָאָרֶץ וּלְהַשְׁמִיד אֶת כָּל יֹשְׁבֵי הָאָרֶץ מִפְּנֵיכֶם וַנִּירָא מְאֹד לְנַפְשֹׁתֵינוּ מִפְּנֵיכֶם וַנַּעֲשֵׂה אֶת הַדָּבָר הַזֶּה` (יהושע ט:כד)
1319	53	לב-לבב	לב	תהילים סט:כ		`חֶרְפָּה שָׁבְרָה לִבִּי וָאָנוּשָׁה וָאֲקַוֶּה לָנוּד וָאַיִן וְלַמְנַחֲמִים וְלֹא מָצָאתִי` (תהילים סט:כ)
1320	53	אדם	אדם	קהלת ג:כא	1165	`מִי יוֹדֵעַ רוּחַ בְּנֵי הָאָדָם הָעֹלָה הִיא לְמָעְלָה וְרוּחַ הַבְּהֵמָה הַיֹּרֶדֶת הִיא לְמַטָּה לָאָרֶץ` (קהלת ג:כא)
1321	53	נפש	נפש	יונה ד:ג		`וְעַתָּה יְהוָה קַח נָא אֶת נַפְשִׁי מִמֶּנִּי כִּי טוֹב מוֹתִי מֵחַיָּי` (יונה ד:ג)
1322	53	לב-לבב	לבב	דברים יז:כ		`לְבִלְתִּי רוּם לְבָבוֹ מֵאֶחָיו וּלְבִלְתִּי סוּר מִן הַמִּצְוָה יָמִין וּשְׂמֹאול לְמַעַן יַאֲרִיךְ יָמִים עַל מַמְלַכְתּוֹ הוּא וּבָנָיו בְּקֶרֶב יִשְׂרָאֵל` (דברים יז:כ)
1323	53	נפש	נפש	שמואל-ב יא:יא		`וַיֹּאמֶר אוּרִיָּה אֶל דָּוִד הָאָרוֹן וְיִשְׂרָאֵל וִיהוּדָה יֹשְׁבִים בַּסֻּכּוֹת וַאדֹנִי יוֹאָב וְעַבְדֵי אֲדֹנִי עַל פְּנֵי הַשָּׂדֶה חֹנִים וַאֲנִי אָבוֹא אֶל בֵּיתִי לֶאֱכֹל וְלִשְׁתּוֹת וְלִשְׁכַּב עִם אִשְׁתִּי חַיֶּךָ וְחֵי נַפְשֶׁךָ אִם אֶעֱשֶׂה אֶת הַדָּבָר הַזֶּה` (שמואל-ב יא:יא)
1324	53	נפש	נפש	תהילים צד:כא		`יָגוֹדּוּ עַל נֶפֶשׁ צַדִּיק וְדָם נָקִי יַרְשִׁיעוּ` (תהילים צד:כא)
1325	53	חיים	חיים	ישעיהו ח:יט		`וְכִי יֹאמְרוּ אֲלֵיכֶם דִּרְשׁוּ אֶל הָאֹבוֹת וְאֶל הַיִּדְּעֹנִים הַמְצַפְצְפִים וְהַמַּהְגִּים הֲלוֹא עַם אֶל אֱלֹהָיו יִדְרֹשׁ בְּעַד הַחַיִּים אֶל הַמֵּתִים` (ישעיהו ח:יט)
1326	54	נפש	נפש	מלכים-ב ב:ד		`וַיֹּאמֶר לוֹ אֵלִיָּהוּ אֱלִישָׁע שֵׁב נָא פֹה כִּי יְהוָה שְׁלָחַנִי יְרִיחוֹ וַיֹּאמֶר חַי יְהוָה וְחֵי נַפְשְׁךָ אִם אֶעֶזְבֶךָּ וַיָּבֹאוּ יְרִיחוֹ` (מלכים-ב ב:ד)
1327	54	נפש	נפש	ירמיהו נא:ו		`נֻסוּ מִתּוֹךְ בָּבֶל וּמַלְּטוּ אִישׁ נַפְשׁוֹ אַל תִּדַּמּוּ בַּעֲוֺנָהּ כִּי עֵת נְקָמָה הִיא לַיהוָה גְּמוּל הוּא מְשַׁלֵּם לָהּ` (ירמיהו נא:ו)
1328	54	איש-אשה	אשה	בראשית לו:לט		`וַיָּמָת בַּעַל חָנָן בֶּן עַכְבּוֹר וַיִּמְלֹךְ תַּחְתָּיו הֲדַר וְשֵׁם עִירוֹ פָּעוּ וְשֵׁם אִשְׁתּוֹ מְהֵיטַבְאֵל בַּת מַטְרֵד בַּת מֵי זָהָב` (בראשית לו:לט)
1329	54	נפש	נפש	דברים ד:ט		`רַק הִשָּׁמֶר לְךָ וּשְׁמֹר נַפְשְׁךָ מְאֹד פֶּן תִּשְׁכַּח אֶת הַדְּבָרִים אֲשֶׁר רָאוּ עֵינֶיךָ וּפֶן יָסוּרוּ מִלְּבָבְךָ כֹּל יְמֵי חַיֶּיךָ וְהוֹדַעְתָּם לְבָנֶיךָ וְלִבְנֵי בָנֶיךָ` (דברים ד:ט)
1330	54	לב-לבב	לבב	יחזקאל כח:ה		`בְּרֹב חָכְמָתְךָ בִּרְכֻלָּתְךָ הִרְבִּיתָ חֵילֶךָ וַיִּגְבַּהּ לְבָבְךָ בְּחֵילֶךָ` (יחזקאל כח:ה)
1331	54	חיה-פועל	חיה	יחזקאל טז:ו		`וָאֶעֱבֹר עָלַיִךְ וָאֶרְאֵךְ מִתְבּוֹסֶסֶת בְּדָמָיִךְ וָאֹמַר לָךְ בְּדָמַיִךְ חֲיִי וָאֹמַר לָךְ בְּדָמַיִךְ חֲיִי` (יחזקאל טז:ו)
1332	54	נפש	נפש	איוב לג:כב		`וַתִּקְרַב לַשַּׁחַת נַפְשׁוֹ וְחַיָּתוֹ לַמְמִתִים` (איוב לג:כב)
1333	54	איש-אשה	אשה	עזרא י:יח		`וַיִּמָּצֵא מִבְּנֵי הַכֹּהֲנִים אֲשֶׁר הֹשִׁיבוּ נָשִׁים נָכְרִיּוֹת מִבְּנֵי יֵשׁוּעַ בֶּן יוֹצָדָק וְאֶחָיו מַעֲשֵׂיָה וֶאֱלִיעֶזֶר וְיָרִיב וּגְדַלְיָה` (עזרא י:יח)
1334	54	איש-אשה	אשה	יהושע ו:כא		`וַיַּחֲרִימוּ אֶת כָּל אֲשֶׁר בָּעִיר מֵאִישׁ וְעַד אִשָּׁה מִנַּעַר וְעַד זָקֵן וְעַד שׁוֹר וָשֶׂה וַחֲמוֹר לְפִי חָרֶב` (יהושע ו:כא)
1335	54	נפש	נפש	ישעיהו נח:י	413	`וְתָפֵק לָרָעֵב נַפְשֶׁךָ וְנֶפֶשׁ נַעֲנָה תַּשְׂבִּיעַ וְזָרַח בַּחֹשֶׁךְ אוֹרֶךָ וַאֲפֵלָתְךָ כַּצָּהֳרָיִם` (ישעיהו נח:י)
1336	54	איש-אשה	איש	ירמיהו יא:ב		`שִׁמְעוּ אֶת דִּבְרֵי הַבְּרִית הַזֹּאת וְדִבַּרְתָּם אֶל אִישׁ יְהוּדָה וְעַל יֹשְׁבֵי יְרוּשָׁלִָם` (ירמיהו יא:ב)
1337	54	נפש	נפש	מלכים-א א:כט		`וַיִּשָּׁבַע הַמֶּלֶךְ וַיֹּאמַר חַי יְהוָה אֲשֶׁר פָּדָה אֶת נַפְשִׁי מִכָּל צָרָה` (מלכים-א א:כט)
1338	54	אדם	אדם	שמות לג:כ	1088	`וַיֹּאמֶר לֹא תוּכַל לִרְאֹת אֶת פָּנָי כִּי לֹא יִרְאַנִי הָאָדָם וָחָי` (שמות לג:כ)
1339	54	חיים	חיים	דברים יז:יט		`וְהָיְתָה עִמּוֹ וְקָרָא בוֹ כָּל יְמֵי חַיָּיו לְמַעַן יִלְמַד לְיִרְאָה אֶת יְהוָה אֱלֹהָיו לִשְׁמֹר אֶת כָּל דִּבְרֵי הַתּוֹרָה הַזֹּאת וְאֶת הַחֻקִּים הָאֵלֶּה לַעֲשֹׂתָם` (דברים יז:יט)
1340	54	אדם	אדם	ישעיהו לז:יט	1240	`וְנָתֹן אֶת אֱלֹהֵיהֶם בָּאֵשׁ כִּי לֹא אֱלֹהִים הֵמָּה כִּי אִם מַעֲשֵׂה יְדֵי אָדָם עֵץ וָאֶבֶן וַיְאַבְּדוּם` (ישעיהו לז:יט)
1341	54	איש-אשה	איש	שמואל-ב יח:כ		`וַיֹּאמֶר לוֹ יוֹאָב לֹא אִישׁ בְּשֹׂרָה אַתָּה הַיּוֹם הַזֶּה וּבִשַּׂרְתָּ בְּיוֹם אַחֵר וְהַיּוֹם הַזֶּה לֹא תְבַשֵּׂר כִּי עַל בֶּן הַמֶּלֶךְ מֵת` (שמואל-ב יח:כ)
1342	54	איש-אשה	אשה	שמואל-ב יד:יב		`וַתֹּאמֶר הָאִשָּׁה תְּדַבֶּר נָא שִׁפְחָתְךָ אֶל אֲדֹנִי הַמֶּלֶךְ דָּבָר וַיֹּאמֶר דַּבֵּרִי` (שמואל-ב יד:יב)
1343	54	נפש	נפש	מלכים-ב כג:כה		`וְכָמֹהוּ לֹא הָיָה לְפָנָיו מֶלֶךְ אֲשֶׁר שָׁב אֶל יְהוָה בְּכָל לְבָבוֹ וּבְכָל נַפְשׁוֹ וּבְכָל מְאֹדוֹ כְּכֹל תּוֹרַת מֹשֶׁה וְאַחֲרָיו לֹא קָם כָּמֹהוּ` (מלכים-ב כג:כה)
1344	54	חיה-פועל	חיה	שופטים כא:יד		`וַיָּשָׁב בִּנְיָמִן בָּעֵת הַהִיא וַיִּתְּנוּ לָהֶם הַנָּשִׁים אֲשֶׁר חִיּוּ מִנְּשֵׁי יָבֵשׁ גִּלְעָד וְלֹא מָצְאוּ לָהֶם כֵּן` (שופטים כא:יד)
1345	54	איש-אשה	איש	יחזקאל ז:יג	128	`כִּי הַמּוֹכֵר אֶל הַמִּמְכָּר לֹא יָשׁוּב וְעוֹד בַּחַיִּים חַיָּתָם כִּי חָזוֹן אֶל כָּל הֲמוֹנָהּ לֹא יָשׁוּב וְאִישׁ בַּעֲוֺנוֹ חַיָּתוֹ לֹא יִתְחַזָּקוּ` (יחזקאל ז:יג)
1346	54	נפש	נפש	ישעיהו מו:ב		`קָרְסוּ כָרְעוּ יַחְדָּו לֹא יָכְלוּ מַלֵּט מַשָּׂא וְנַפְשָׁם בַּשְּׁבִי הָלָכָה` (ישעיהו מו:ב)
1347	54	נפש	נפש	תהילים לד:ב		`בַּיהוָה תִּתְהַלֵּל נַפְשִׁי יִשְׁמְעוּ עֲנָוִים וְיִשְׂמָחוּ` (תהילים לד:ב)
1348	54	נפש	נפש	שופטים ה:יח		`זְבֻלוּן עַם חֵרֵף נַפְשׁוֹ לָמוּת וְנַפְתָּלִי עַל מְרוֹמֵי שָׂדֶה` (שופטים ה:יח)
1349	54	נפש	נפש	בראשית לז:כא		`וַיִּשְׁמַע רְאוּבֵן וַיַּצִּלֵהוּ מִיָּדָם וַיֹּאמֶר לֹא נַכֶּנּוּ נָפֶשׁ` (בראשית לז:כא)
1350	54	רוח	רוח	שמואל-א טז:יג		`וַיִּקַּח שְׁמוּאֵל אֶת קֶרֶן הַשֶּׁמֶן וַיִּמְשַׁח אֹתוֹ בְּקֶרֶב אֶחָיו וַתִּצְלַח רוּחַ יְהוָה אֶל דָּוִד מֵהַיּוֹם הַהוּא וָמָעְלָה וַיָּקָם שְׁמוּאֵל וַיֵּלֶךְ הָרָמָתָה` (שמואל-א טז:יג)
1351	55	חיים	חיים	מלכים-ב כה:כט		`וְשִׁנָּא אֵת בִּגְדֵי כִלְאוֹ וְאָכַל לֶחֶם תָּמִיד לְפָנָיו כָּל יְמֵי חַיָּיו` (מלכים-ב כה:כט)
1352	55	לב-לבב	לב	דברי-הימים-ב ט:כג		`וְכֹל מַלְכֵי הָאָרֶץ מְבַקְשִׁים אֶת פְּנֵי שְׁלֹמֹה לִשְׁמֹעַ אֶת חָכְמָתוֹ אֲשֶׁר נָתַן הָאֱלֹהִים בְּלִבּוֹ` (דברי-הימים-ב ט:כג)
1353	55	לב-לבב	לב	ירמיהו ל:כא		`וְהָיָה אַדִּירוֹ מִמֶּנּוּ וּמֹשְׁלוֹ מִקִּרְבּוֹ יֵצֵא וְהִקְרַבְתִּיו וְנִגַּשׁ אֵלָי כִּי מִי הוּא זֶה עָרַב אֶת לִבּוֹ לָגֶשֶׁת אֵלַי נְאֻם יְהוָה` (ירמיהו ל:כא)
1354	55	חיה-פועל	חיה	מלכים-ב ד:ז		`וַתָּבֹא וַתַּגֵּד לְאִישׁ הָאֱלֹהִים וַיֹּאמֶר לְכִי מִכְרִי אֶת הַשֶּׁמֶן וְשַׁלְּמִי אֶת נִשְׁיֵכִי וְאַתְּ בְּנֵיכִי תִחְיִי בַּנּוֹתָר` (מלכים-ב ד:ז)
1355	55	נפש	נפש	יחזקאל כב:כה		`קֶשֶׁר נְבִיאֶיהָ בְּתוֹכָהּ כַּאֲרִי שׁוֹאֵג טֹרֵף טָרֶף נֶפֶשׁ אָכָלוּ חֹסֶן וִיקָר יִקָּחוּ אַלְמְנוֹתֶיהָ הִרְבּוּ בְתוֹכָהּ` (יחזקאל כב:כה)
1356	55	נפש	נפש	תהילים קמג:ו		`פֵּרַשְׂתִּי יָדַי אֵלֶיךָ נַפְשִׁי כְּאֶרֶץ עֲיֵפָה לְךָ סֶלָה` (תהילים קמג:ו)
1357	55	חיה-פועל	חיה	אסתר ד:יא		`כָּל עַבְדֵי הַמֶּלֶךְ וְעַם מְדִינוֹת הַמֶּלֶךְ יוֹדְעִים אֲשֶׁר כָּל אִישׁ וְאִשָּׁה אֲשֶׁר יָבוֹא אֶל הַמֶּלֶךְ אֶל הֶחָצֵר הַפְּנִימִית אֲשֶׁר לֹא יִקָּרֵא אַחַת דָּתוֹ לְהָמִית לְבַד מֵאֲשֶׁר יוֹשִׁיט לוֹ הַמֶּלֶךְ אֶת שַׁרְבִיט הַזָּהָב וְחָיָה וַאֲנִי לֹא נִקְרֵאתי לָבוֹא אֶל הַמֶּלֶךְ זֶה שְׁלוֹשִׁים יוֹם` (אסתר ד:יא)
1358	55	נפש	נפש	משלי כה:יג		`כְּצִנַּת שֶׁלֶג בְּיוֹם קָצִיר צִיר נֶאֱמָן לְשֹׁלְחָיו וְנֶפֶשׁ אֲדֹנָיו יָשִׁיב` (משלי כה:יג)
1359	55	נפש	נפש	יחזקאל יג:כ		`לָכֵן כֹּה אָמַר אֲדֹנָי יְהוִה הִנְנִי אֶל כִּסְּתוֹתֵיכֶנָה אֲשֶׁר אַתֵּנָה מְצֹדְדוֹת שָׁם אֶת הַנְּפָשׁוֹת לְפֹרְחוֹת וְקָרַעְתִּי אֹתָם מֵעַל זְרוֹעֹתֵיכֶם וְשִׁלַּחְתִּי אֶת הַנְּפָשׁוֹת אֲשֶׁר אַתֶּם מְצֹדְדוֹת אֶת נְפָשִׁים לְפֹרְחֹת` (יחזקאל יג:כ)
1360	55	נפש	נפש	יהושע י:לז		`וַיִּלְכְּדוּהָ וַיַּכּוּהָ לְפִי חֶרֶב וְאֶת מַלְכָּהּ וְאֶת כָּל עָרֶיהָ וְאֶת כָּל הַנֶּפֶשׁ אֲשֶׁר בָּהּ לֹא הִשְׁאִיר שָׂרִיד כְּכֹל אֲשֶׁר עָשָׂה לְעֶגְלוֹן וַיַּחֲרֵם אוֹתָהּ וְאֶת כָּל הַנֶּפֶשׁ אֲשֶׁר בָּהּ` (יהושע י:לז)
1361	55	נפש	נפש	במדבר יט:כב		`וְכֹל אֲשֶׁר יִגַּע בּוֹ הַטָּמֵא יִטְמָא וְהַנֶּפֶשׁ הַנֹּגַעַת תִּטְמָא עַד הָעָרֶב` (במדבר יט:כב)
1362	55	נפש	נפש	בראשית ט:יב		`וַיֹּאמֶר אֱלֹהִים זֹאת אוֹת הַבְּרִית אֲשֶׁר אֲנִי נֹתֵן בֵּינִי וּבֵינֵיכֶם וּבֵין כָּל נֶפֶשׁ חַיָּה אֲשֶׁר אִתְּכֶם לְדֹרֹת עוֹלָם` (בראשית ט:יב)
1363	55	נפש	נפש	ירמיהו לא:יד	1042	`וְרִוֵּיתִי נֶפֶשׁ הַכֹּהֲנִים דָּשֶׁן וְעַמִּי אֶת טוּבִי יִשְׂבָּעוּ נְאֻם יְהוָה` (ירמיהו לא:יד)
1364	55	נפש	נפש	תהילים י:ג		`כִּי הִלֵּל רָשָׁע עַל תַּאֲוַת נַפְשׁוֹ וּבֹצֵעַ בֵּרֵךְ נִאֵץ יְהוָה` (תהילים י:ג)
1365	55	נפש	נפש	יחזקאל טז:כז		`וְהִנֵּה נָטִיתִי יָדִי עָלַיִךְ וָאֶגְרַע חֻקֵּךְ וָאֶתְּנֵךְ בְּנֶפֶשׁ שֹׂנְאוֹתַיִךְ בְּנוֹת פְּלִשְׁתִּים הַנִּכְלָמוֹת מִדַּרְכֵּךְ זִמָּה` (יחזקאל טז:כז)
1366	55	איש-אשה	איש	שמואל-ב יח:כו		`וַיַּרְא הַצֹּפֶה אִישׁ אַחֵר רָץ וַיִּקְרָא הַצֹּפֶה אֶל הַשֹּׁעֵר וַיֹּאמֶר הִנֵּה אִישׁ רָץ לְבַדּוֹ וַיֹּאמֶר הַמֶּלֶךְ גַּם זֶה מְבַשֵּׂר` (שמואל-ב יח:כו)
1367	55	איש-אשה	איש	ישעיהו מד:יג		`חָרַשׁ עֵצִים נָטָה קָו יְתָאֲרֵהוּ בַשֶּׂרֶד יַעֲשֵׂהוּ בַּמַּקְצֻעוֹת וּבַמְּחוּגָה יְתָאֳרֵהוּ וַיַּעֲשֵׂהוּ כְּתַבְנִית אִישׁ כְּתִפְאֶרֶת אָדָם לָשֶׁבֶת בָּיִת` (ישעיהו מד:יג)
1368	55	נפש	נפש	שמואל-א יז:נה		`וְכִרְאוֹת שָׁאוּל אֶת דָּוִד יֹצֵא לִקְרַאת הַפְּלִשְׁתִּי אָמַר אֶל אַבְנֵר שַׂר הַצָּבָא בֶּן מִי זֶה הַנַּעַר אַבְנֵר וַיֹּאמֶר אַבְנֵר חֵי נַפְשְׁךָ הַמֶּלֶךְ אִם יָדָעְתִּי` (שמואל-א יז:נה)
1369	55	נפש	נפש	שיר-השירים ה:ו		`פָּתַחְתִּי אֲנִי לְדוֹדִי וְדוֹדִי חָמַק עָבָר נַפְשִׁי יָצְאָה בְדַבְּרוֹ בִּקַּשְׁתִּיהוּ וְלֹא מְצָאתִיהוּ קְרָאתִיו וְלֹא עָנָנִי` (שיר-השירים ה:ו)
1370	55	לב-לבב	לב	הושע ז:יד		`וְלֹא זָעֲקוּ אֵלַי בְּלִבָּם כִּי יְיֵלִילוּ עַל מִשְׁכְּבוֹתָם עַל דָּגָן וְתִירוֹשׁ יִתְגּוֹרָרוּ יָסוּרוּ בִי` (הושע ז:יד)
1371	55	לב-לבב	לבב	תהילים עג:א		`מִזְמוֹר לְאָסָף אַךְ טוֹב לְיִשְׂרָאֵל אֱלֹהִים לְבָרֵי לֵבָב` (תהילים עג:א)
1372	55	אדם	אדם	שמות ט:י		`וַיִּקְחוּ אֶת פִּיחַ הַכִּבְשָׁן וַיַּעַמְדוּ לִפְנֵי פַרְעֹה וַיִּזְרֹק אֹתוֹ מֹשֶׁה הַשָּׁמָיְמָה וַיְהִי שְׁחִין אֲבַעְבֻּעֹת פֹּרֵחַ בָּאָדָם וּבַבְּהֵמָה` (שמות ט:י)
1373	55	חיים	חיים	משלי ג:ב		`כִּי אֹרֶךְ יָמִים וּשְׁנוֹת חַיִּים וְשָׁלוֹם יוֹסִיפוּ לָךְ` (משלי ג:ב)
1374	55	רוח	רוח	במדבר יד:כד		`וְעַבְדִּי כָלֵב עֵקֶב הָיְתָה רוּחַ אַחֶרֶת עִמּוֹ וַיְמַלֵּא אַחֲרָי וַהֲבִיאֹתִיו אֶל הָאָרֶץ אֲשֶׁר בָּא שָׁמָּה וְזַרְעוֹ יוֹרִשֶׁנָּה` (במדבר יד:כד)
1375	55	חיים	חיים	ירמיהו י:י		`וַיהוָה אֱלֹהִים אֱמֶת הוּא אֱלֹהִים חַיִּים וּמֶלֶךְ עוֹלָם מִקִּצְפּוֹ תִּרְעַשׁ הָאָרֶץ וְלֹא יָכִלוּ גוֹיִם זַעְמוֹ` (ירמיהו י:י)
1376	56	חיה-פועל	חיה	יחזקאל לז:יד		`וְנָתַתִּי רוּחִי בָכֶם וִחְיִיתֶם וְהִנַּחְתִּי אֶתְכֶם עַל אַדְמַתְכֶם וִידַעְתֶּם כִּי אֲנִי יְהוָה דִּבַּרְתִּי וְעָשִׂיתִי נְאֻם יְהוָה` (יחזקאל לז:יד)
1377	56	נפש	נפש	שמואל-ב יד:ז		`וְהִנֵּה קָמָה כָל הַמִּשְׁפָּחָה עַל שִׁפְחָתֶךָ וַיֹּאמְרוּ תְּנִי אֶת מַכֵּה אָחִיו וּנְמִתֵהוּ בְּנֶפֶשׁ אָחִיו אֲשֶׁר הָרָג וְנַשְׁמִידָה גַּם אֶת הַיּוֹרֵשׁ וְכִבּוּ אֶת גַּחַלְתִּי אֲשֶׁר נִשְׁאָרָה לְבִלְתִּי שׂוּם לְאִישִׁי שֵׁם וּשְׁאֵרִית עַל פְּנֵי הָאֲדָמָה` (שמואל-ב יד:ז)
1378	56	רוח	רוח	ישעיהו מא:טז		`תִּזְרֵם וְרוּחַ תִּשָּׂאֵם וּסְעָרָה תָּפִיץ אוֹתָם וְאַתָּה תָּגִיל בַּיהוָה בִּקְדוֹשׁ יִשְׂרָאֵל תִּתְהַלָּל` (ישעיהו מא:טז)
1379	56	נפש	נפש	משלי יד:כה		`מַצִּיל נְפָשׁוֹת עֵד אֱמֶת וְיָפִחַ כְּזָבִים מִרְמָה` (משלי יד:כה)
1380	56	רוח	רוח	איוב לב:יח	1566	`כִּי מָלֵתִי מִלִּים הֱצִיקַתְנִי רוּחַ בִּטְנִי` (איוב לב:יח)
1381	56	איש-אשה	אשה	מלכים-א יד:יז		`וַתָּקָם אֵשֶׁת יָרָבְעָם וַתֵּלֶךְ וַתָּבֹא תִרְצָתָה הִיא בָּאָה בְסַף הַבַּיִת וְהַנַּעַר מֵת` (מלכים-א יד:יז)
1382	56	נפש	נפש	ישעיהו לב:ו		`כִּי נָבָל נְבָלָה יְדַבֵּר וְלִבּוֹ יַעֲשֶׂה אָוֶן לַעֲשׂוֹת חֹנֶף וּלְדַבֵּר אֶל יְהוָה תּוֹעָה לְהָרִיק נֶפֶשׁ רָעֵב וּמַשְׁקֶה צָמֵא יַחְסִיר` (ישעיהו לב:ו)
1383	56	נפש	נפש	תהילים יא:ה		`יְהוָה צַדִּיק יִבְחָן וְרָשָׁע וְאֹהֵב חָמָס שָׂנְאָה נַפְשׁוֹ` (תהילים יא:ה)
1384	56	רוח	רוח	איוב לד:יד		`אִם יָשִׂים אֵלָיו לִבּוֹ רוּחוֹ וְנִשְׁמָתוֹ אֵלָיו יֶאֱסֹף` (איוב לד:יד)
1385	56	נפש	נפש	איוב ט:כא		`תָּם אָנִי לֹא אֵדַע נַפְשִׁי אֶמְאַס חַיָּי` (איוב ט:כא)
1386	56	נפש	נפש	דברים ד:טו		`וְנִשְׁמַרְתֶּם מְאֹד לְנַפְשֹׁתֵיכֶם כִּי לֹא רְאִיתֶם כָּל תְּמוּנָה בְּיוֹם דִּבֶּר יְהוָה אֲלֵיכֶם בְּחֹרֵב מִתּוֹךְ הָאֵשׁ` (דברים ד:טו)
1387	56	רוח	רוח	שמות טו:ח		`וּבְרוּחַ אַפֶּיךָ נֶעֶרְמוּ מַיִם נִצְּבוּ כְמוֹ נֵד נֹזְלִים קָפְאוּ תְהֹמֹת בְּלֶב יָם` (שמות טו:ח)
1388	56	איש-אשה	איש	ישעיהו יד:יח		`כָּל מַלְכֵי גוֹיִם כֻּלָּם שָׁכְבוּ בְכָבוֹד אִישׁ בְּבֵיתוֹ` (ישעיהו יד:יח)
1389	56	נפש	נפש	מלכים-ב א:יג		`וַיָּשָׁב וַיִּשְׁלַח שַׂר חֲמִשִּׁים שְׁלִשִׁים וַחֲמִשָּׁיו וַיַּעַל וַיָּבֹא שַׂר הַחֲמִשִּׁים הַשְּׁלִישִׁי וַיִּכְרַע עַל בִּרְכָּיו לְנֶגֶד אֵלִיָּהוּ וַיִּתְחַנֵּן אֵלָיו וַיְדַבֵּר אֵלָיו אִישׁ הָאֱלֹהִים תִּיקַר נָא נַפְשִׁי וְנֶפֶשׁ עֲבָדֶיךָ אֵלֶּה חֲמִשִּׁים בְּעֵינֶיךָ` (מלכים-ב א:יג)
1390	56	רוח	רוח	קהלת א:יז		`וָאֶתְּנָה לִבִּי לָדַעַת חָכְמָה וְדַעַת הוֹלֵלוֹת וְשִׂכְלוּת יָדַעְתִּי שֶׁגַּם זֶה הוּא רַעְיוֹן רוּחַ` (קהלת א:יז)
1391	56	איש-אשה	אשה	בראשית כד:מד		`וְאָמְרָה אֵלַי גַּם אַתָּה שְׁתֵה וְגַם לִגְמַלֶּיךָ אֶשְׁאָב הִוא הָאִשָּׁה אֲשֶׁר הֹכִיחַ יְהוָה לְבֶן אֲדֹנִי` (בראשית כד:מד)
1392	56	נפש	נפש	זכריה יא:ח		`וָאַכְחִד אֶת שְׁלֹשֶׁת הָרֹעִים בְּיֶרַח אֶחָד וַתִּקְצַר נַפְשִׁי בָּהֶם וְגַם נַפְשָׁם בָּחֲלָה בִי` (זכריה יא:ח)
1393	56	אדם	אדם	תהילים צד:י		`הֲיֹסֵר גּוֹיִם הֲלֹא יוֹכִיחַ הַמְלַמֵּד אָדָם דָּעַת` (תהילים צד:י)
1394	56	נפש	נפש	תהילים קיט:כח		`דָּלְפָה נַפְשִׁי מִתּוּגָה קַיְּמֵנִי כִּדְבָרֶךָ` (תהילים קיט:כח)
1395	56	נפש	נפש	יחזקאל יג:יח		`וְאָמַרְתָּ כֹּה אָמַר אֲדֹנָי יְהוִה הוֹי לִמְתַפְּרוֹת כְּסָתוֹת עַל כָּל אַצִּילֵי יָדַי וְעֹשׂוֹת הַמִּסְפָּחוֹת עַל רֹאשׁ כָּל קוֹמָה לְצוֹדֵד נְפָשׁוֹת הַנְּפָשׁוֹת תְּצוֹדֵדְנָה לְעַמִּי וּנְפָשׁוֹת לָכֶנָה תְחַיֶּינָה` (יחזקאל יג:יח)
1396	56	רוח	רוח	יחזקאל כ:לב		`וְהָעֹלָה עַל רוּחֲכֶם הָיוֹ לֹא תִהְיֶה אֲשֶׁר אַתֶּם אֹמְרִים נִהְיֶה כַגּוֹיִם כְּמִשְׁפְּחוֹת הָאֲרָצוֹת לְשָׁרֵת עֵץ וָאָבֶן` (יחזקאל כ:לב)
1397	56	חיה-פועל	חיה	נחמיה ב:ג		`וָאֹמַר לַמֶּלֶךְ הַמֶּלֶךְ לְעוֹלָם יִחְיֶה מַדּוּעַ לֹא יֵרְעוּ פָנַי אֲשֶׁר הָעִיר בֵּית קִבְרוֹת אֲבֹתַי חֲרֵבָה וּשְׁעָרֶיהָ אֻכְּלוּ בָאֵשׁ` (נחמיה ב:ג)
1398	56	אדם	אדם	יחזקאל כד:ב		`בֶּן אָדָם כְּתוֹב לְךָ אֶת שֵׁם הַיּוֹם אֶת עֶצֶם הַיּוֹם הַזֶּה סָמַךְ מֶלֶךְ בָּבֶל אֶל יְרוּשָׁלִַם בְּעֶצֶם הַיּוֹם הַזֶּה` (יחזקאל כד:ב)
1399	56	לב-לבב	לב	משלי כד:ב		`כִּי שֹׁד יֶהְגֶּה לִבָּם וְעָמָל שִׂפְתֵיהֶם תְּדַבֵּרְנָה` (משלי כד:ב)
1400	56	חיים	חיים	שמואל-א יז:לו		`גַּם אֶת הָאֲרִי גַּם הַדּוֹב הִכָּה עַבְדֶּךָ וְהָיָה הַפְּלִשְׁתִּי הֶעָרֵל הַזֶּה כְּאַחַד מֵהֶם כִּי חֵרֵף מַעַרְכֹת אֱלֹהִים חַיִּים` (שמואל-א יז:לו)
1401	57	נפש	נפש	שמות טו:ט		`אָמַר אוֹיֵב אֶרְדֹּף אַשִּׂיג אֲחַלֵּק שָׁלָל תִּמְלָאֵמוֹ נַפְשִׁי אָרִיק חַרְבִּי תּוֹרִישֵׁמוֹ יָדִי` (שמות טו:ט)
1402	57	רוח	רוח	תהילים קלט:ז		`אָנָה אֵלֵךְ מֵרוּחֶךָ וְאָנָה מִפָּנֶיךָ אֶבְרָח` (תהילים קלט:ז)
1403	57	חיים	חיים	תהילים כז:א		`לְדָוִד יְהוָה אוֹרִי וְיִשְׁעִי מִמִּי אִירָא יְהוָה מָעוֹז חַיַּי מִמִּי אֶפְחָד` (תהילים כז:א)
1404	57	חיה-פועל	חיה	שמואל-א ב:ו		`יְהוָה מֵמִית וּמְחַיֶּה מוֹרִיד שְׁאוֹל וַיָּעַל` (שמואל-א ב:ו)
1405	57	נפש	נפש	ויקרא כב:ג		`אֱמֹר אֲלֵהֶם לְדֹרֹתֵיכֶם כָּל אִישׁ אֲשֶׁר יִקְרַב מִכָּל זַרְעֲכֶם אֶל הַקֳּדָשִׁים אֲשֶׁר יַקְדִּישׁוּ בְנֵי יִשְׂרָאֵל לַיהוָה וְטֻמְאָתוֹ עָלָיו וְנִכְרְתָה הַנֶּפֶשׁ הַהִוא מִלְּפָנַי אֲנִי יְהוָה` (ויקרא כב:ג)
1406	57	איש-אשה	איש	דברים כא:כב		`וְכִי יִהְיֶה בְאִישׁ חֵטְא מִשְׁפַּט מָוֶת וְהוּמָת וְתָלִיתָ אֹתוֹ עַל עֵץ` (דברים כא:כב)
1407	57	איש-אשה	אשה	יהושע ב:א	277	`וַיִּשְׁלַח יְהוֹשֻׁעַ בִּן נוּן מִן הַשִּׁטִּים שְׁנַיִם אֲנָשִׁים מְרַגְּלִים חֶרֶשׁ לֵאמֹר לְכוּ רְאוּ אֶת הָאָרֶץ וְאֶת יְרִיחוֹ וַיֵּלְכוּ וַיָּבֹאוּ בֵּית אִשָּׁה זוֹנָה וּשְׁמָהּ רָחָב וַיִּשְׁכְּבוּ שָׁמָּה` (יהושע ב:א)
1408	57	נפש	נפש	משלי ב:י	727	`כִּי תָבוֹא חָכְמָה בְלִבֶּךָ וְדַעַת לְנַפְשְׁךָ יִנְעָם` (משלי ב:י)
1409	57	נפש	נפש	משלי ו:טז	901	`שֶׁשׁ הֵנָּה שָׂנֵא יְהוָה וְשֶׁבַע תּוֹעֲבוֹת נַפְשׁוֹ` (משלי ו:טז)
1410	57	חיה-פועל	חיה	יהושע יד:י		`וְעַתָּה הִנֵּה הֶחֱיָה יְהוָה אוֹתִי כַּאֲשֶׁר דִּבֵּר זֶה אַרְבָּעִים וְחָמֵשׁ שָׁנָה מֵאָז דִּבֶּר יְהוָה אֶת הַדָּבָר הַזֶּה אֶל מֹשֶׁה אֲשֶׁר הָלַךְ יִשְׂרָאֵל בַּמִּדְבָּר וְעַתָּה הִנֵּה אָנֹכִי הַיּוֹם בֶּן חָמֵשׁ וּשְׁמוֹנִים שָׁנָה` (יהושע יד:י)
1411	57	אדם	אדם	תהילים קמו:ג		`אַל תִּבְטְחוּ בִנְדִיבִים בְּבֶן אָדָם שֶׁאֵין לוֹ תְשׁוּעָה` (תהילים קמו:ג)
1412	57	חיה-פועל	חיה	במדבר יד:לח		`וִיהוֹשֻׁעַ בִּן נוּן וְכָלֵב בֶּן יְפֻנֶּה חָיוּ מִן הָאֲנָשִׁים הָהֵם הַהֹלְכִים לָתוּר אֶת הָאָרֶץ` (במדבר יד:לח)
1413	57	נפש	נפש	תהילים קיט:כה		`דָּבְקָה לֶעָפָר נַפְשִׁי חַיֵּנִי כִּדְבָרֶךָ` (תהילים קיט:כה)
1414	57	נפש	נפש	איוב יא:כ		`וְעֵינֵי רְשָׁעִים תִּכְלֶינָה וּמָנוֹס אָבַד מִנְהֶם וְתִקְוָתָם מַפַּח נָפֶשׁ` (איוב יא:כ)
1415	57	נפש	נפש	תהילים כה:יג		`נַפְשׁוֹ בְּטוֹב תָּלִין וְזַרְעוֹ יִירַשׁ אָרֶץ` (תהילים כה:יג)
1416	57	חיים	חיים	מלכים-ב ז:יב		`וַיָּקָם הַמֶּלֶךְ לַיְלָה וַיֹּאמֶר אֶל עֲבָדָיו אַגִּידָה נָּא לָכֶם אֵת אֲשֶׁר עָשׂוּ לָנוּ אֲרָם יָדְעוּ כִּי רְעֵבִים אֲנַחְנוּ וַיֵּצְאוּ מִן הַמַּחֲנֶה לְהֵחָבֵה בְהַשָּׂדֶה לֵאמֹר כִּי יֵצְאוּ מִן הָעִיר וְנִתְפְּשֵׂם חַיִּים וְאֶל הָעִיר נָבֹא` (מלכים-ב ז:יב)
1417	57	נפש	נפש	יחזקאל כב:כז		`שָׂרֶיהָ בְקִרְבָּהּ כִּזְאֵבִים טֹרְפֵי טָרֶף לִשְׁפָּךְ דָּם לְאַבֵּד נְפָשׁוֹת לְמַעַן בְּצֹעַ בָּצַע` (יחזקאל כב:כז)
1418	57	רוח	רוח	בראשית מה:כז		`וַיְדַבְּרוּ אֵלָיו אֵת כָּל דִּבְרֵי יוֹסֵף אֲשֶׁר דִּבֶּר אֲלֵהֶם וַיַּרְא אֶת הָעֲגָלוֹת אֲשֶׁר שָׁלַח יוֹסֵף לָשֵׂאת אֹתוֹ וַתְּחִי רוּחַ יַעֲקֹב אֲבִיהֶם` (בראשית מה:כז)
1419	57	נפש	נפש	בראשית ט:ד		`אַךְ בָּשָׂר בְּנַפְשׁוֹ דָמוֹ לֹא תֹאכֵלוּ` (בראשית ט:ד)
1420	57	אדם	אדם	תהילים קלה:טו		`עֲצַבֵּי הַגּוֹיִם כֶּסֶף וְזָהָב מַעֲשֵׂה יְדֵי אָדָם` (תהילים קלה:טו)
1421	57	לב-לבב	לבב	תהילים צה:י		`אַרְבָּעִים שָׁנָה אָקוּט בְּדוֹר וָאֹמַר עַם תֹּעֵי לֵבָב הֵם וְהֵם לֹא יָדְעוּ דְרָכָי` (תהילים צה:י)
1422	57	נפש	נפש	יהושע י:לז	1360	`וַיִּלְכְּדוּהָ וַיַּכּוּהָ לְפִי חֶרֶב וְאֶת מַלְכָּהּ וְאֶת כָּל עָרֶיהָ וְאֶת כָּל הַנֶּפֶשׁ אֲשֶׁר בָּהּ לֹא הִשְׁאִיר שָׂרִיד כְּכֹל אֲשֶׁר עָשָׂה לְעֶגְלוֹן וַיַּחֲרֵם אוֹתָהּ וְאֶת כָּל הַנֶּפֶשׁ אֲשֶׁר בָּהּ` (יהושע י:לז)
1423	57	איש-אשה	איש	ויקרא יח:ו		`אִישׁ אִישׁ אֶל כָּל שְׁאֵר בְּשָׂרוֹ לֹא תִקְרְבוּ לְגַלּוֹת עֶרְוָה אֲנִי יְהוָה` (ויקרא יח:ו)
1424	57	נפש	נפש	ישעיהו ה:יד		`לָכֵן הִרְחִיבָה שְּׁאוֹל נַפְשָׁהּ וּפָעֲרָה פִיהָ לִבְלִי חֹק וְיָרַד הֲדָרָהּ וַהֲמוֹנָהּ וּשְׁאוֹנָהּ וְעָלֵז בָּהּ` (ישעיהו ה:יד)
1425	57	לב-לבב	לב	משלי טו:ז		`שִׂפְתֵי חֲכָמִים יְזָרוּ דָעַת וְלֵב כְּסִילִים לֹא כֵן` (משלי טו:ז)
1426	58	נפש	נפש	תהילים קלא:ב	834	`אִם לֹא שִׁוִּיתִי וְדוֹמַמְתִּי נַפְשִׁי כְּגָמֻל עֲלֵי אִמּוֹ כַּגָּמֻל עָלַי נַפְשִׁי` (תהילים קלא:ב)
1427	58	לב-לבב	לבב	יחזקאל ג:י		`וַיֹּאמֶר אֵלָי בֶּן אָדָם אֶת כָּל דְּבָרַי אֲשֶׁר אֲדַבֵּר אֵלֶיךָ קַח בִּלְבָבְךָ וּבְאָזְנֶיךָ שְׁמָע` (יחזקאל ג:י)
1428	58	נפש	נפש	ישעיהו לח:טו		`מָה אֲדַבֵּר וְאָמַר לִי וְהוּא עָשָׂה אֶדַּדֶּה כָל שְׁנוֹתַי עַל מַר נַפְשִׁי` (ישעיהו לח:טו)
1429	58	רוח	רוח	שופטים ח:ג		`בְּיֶדְכֶם נָתַן אֱלֹהִים אֶת שָׂרֵי מִדְיָן אֶת עֹרֵב וְאֶת זְאֵב וּמַה יָּכֹלְתִּי עֲשׂוֹת כָּכֶם אָז רָפְתָה רוּחָם מֵעָלָיו בְּדַבְּרוֹ הַדָּבָר הַזֶּה` (שופטים ח:ג)
1430	58	איש-אשה	איש	מלכים-ב ו:ט		`וַיִּשְׁלַח אִישׁ הָאֱלֹהִים אֶל מֶלֶךְ יִשְׂרָאֵל לֵאמֹר הִשָּׁמֶר מֵעֲבֹר הַמָּקוֹם הַזֶּה כִּי שָׁם אֲרָם נְחִתִּים` (מלכים-ב ו:ט)
1431	58	אדם	אדם	תהילים כא:י		`פִּרְיָמוֹ מֵאֶרֶץ תְּאַבֵּד וְזַרְעָם מִבְּנֵי אָדָם` (תהילים כא:י)
1432	58	נפש	נפש	תהילים מט:יח		`כִּי נַפְשׁוֹ בְּחַיָּיו יְבָרֵךְ וְיוֹדֻךָ כִּי תֵיטִיב לָךְ` (תהילים מט:יח)
1433	58	נפש	נפש	ויקרא כו:ל		`וְהִשְׁמַדְתִּי אֶת בָּמֹתֵיכֶם וְהִכְרַתִּי אֶת חַמָּנֵיכֶם וְנָתַתִּי אֶת פִּגְרֵיכֶם עַל פִּגְרֵי גִּלּוּלֵיכֶם וְגָעֲלָה נַפְשִׁי אֶתְכֶם` (ויקרא כו:ל)
1434	58	איש-אשה	אשה	דברי-הימים-ב כט:ט		`וְהִנֵּה נָפְלוּ אֲבוֹתֵינוּ בֶּחָרֶב וּבָנֵינוּ וּבְנוֹתֵינוּ וְנָשֵׁינוּ בַּשְּׁבִי עַל זֹאת` (דברי-הימים-ב כט:ט)
1435	58	אדם	אדם	תהילים קד:יד		`מַצְמִיחַ חָצִיר לַבְּהֵמָה וְעֵשֶׂב לַעֲבֹדַת הָאָדָם לְהוֹצִיא לֶחֶם מִן הָאָרֶץ` (תהילים קד:יד)
1436	58	נפש	נפש	יחזקאל יח:ד		`הֵן כָּל הַנְּפָשׁוֹת לִי הֵנָּה כְּנֶפֶשׁ הָאָב וּכְנֶפֶשׁ הַבֵּן לִי הֵנָּה הַנֶּפֶשׁ הַחֹטֵאת הִיא תָמוּת` (יחזקאל יח:ד)
1437	58	נפש	נפש	תהילים פו:ד	620	`שַׂמֵּחַ נֶפֶשׁ עַבְדֶּךָ כִּי אֵלֶיךָ אֲדֹנָי נַפְשִׁי אֶשָּׂא` (תהילים פו:ד)
1438	58	חיים	חיים	שמואל-א א:יא		`וַתִּדֹּר נֶדֶר וַתֹּאמַר יְהוָה צְבָאוֹת אִם רָאֹה תִרְאֶה בָּעֳנִי אֲמָתֶךָ וּזְכַרְתַּנִי וְלֹא תִשְׁכַּח אֶת אֲמָתֶךָ וְנָתַתָּה לַאֲמָתְךָ זֶרַע אֲנָשִׁים וּנְתַתִּיו לַיהוָה כָּל יְמֵי חַיָּיו וּמוֹרָה לֹא יַעֲלֶה עַל רֹאשׁוֹ` (שמואל-א א:יא)
1439	58	נפש	נפש	איכה ב:יט		`קוּמִי רֹנִּי בַלַּיִל לְרֹאשׁ אַשְׁמֻרוֹת שִׁפְכִי כַמַּיִם לִבֵּךְ נֹכַח פְּנֵי אֲדֹנָי שְׂאִי אֵלָיו כַּפַּיִךְ עַל נֶפֶשׁ עוֹלָלַיִךְ הָעֲטוּפִים בְּרָעָב בְּרֹאשׁ כָּל חוּצוֹת` (איכה ב:יט)
1440	58	נפש	נפש	שמואל-א כ:א		`וַיִּבְרַח דָּוִד מִנֹּוִות בָּרָמָה וַיָּבֹא וַיֹּאמֶר לִפְנֵי יְהוֹנָתָן מֶה עָשִׂיתִי מֶה עֲוֺנִי וּמֶה חַטָּאתִי לִפְנֵי אָבִיךָ כִּי מְבַקֵּשׁ אֶת נַפְשִׁי` (שמואל-א כ:א)
1441	58	נפש	נפש	מלכים-א א:יב		`וְעַתָּה לְכִי אִיעָצֵךְ נָא עֵצָה וּמַלְּטִי אֶת נַפְשֵׁךְ וְאֶת נֶפֶשׁ בְּנֵךְ שְׁלֹמֹה` (מלכים-א א:יב)
1442	58	נפש	נפש	ירמיהו יט:ז		`וּבַקֹּתִי אֶת עֲצַת יְהוּדָה וִירוּשָׁלִַם בַּמָּקוֹם הַזֶּה וְהִפַּלְתִּים בַּחֶרֶב לִפְנֵי אֹיְבֵיהֶם וּבְיַד מְבַקְשֵׁי נַפְשָׁם וְנָתַתִּי אֶת נִבְלָתָם לְמַאֲכָל לְעוֹף הַשָּׁמַיִם וּלְבֶהֱמַת הָאָרֶץ` (ירמיהו יט:ז)
1443	58	נפש	נפש	במדבר ט:ו		`וַיְהִי אֲנָשִׁים אֲשֶׁר הָיוּ טְמֵאִים לְנֶפֶשׁ אָדָם וְלֹא יָכְלוּ לַעֲשֹׂת הַפֶּסַח בַּיּוֹם הַהוּא וַיִּקְרְבוּ לִפְנֵי מֹשֶׁה וְלִפְנֵי אַהֲרֹן בַּיּוֹם הַהוּא` (במדבר ט:ו)
1444	58	נפש	נפש	במדבר טו:כז		`וְאִם נֶפֶשׁ אַחַת תֶּחֱטָא בִשְׁגָגָה וְהִקְרִיבָה עֵז בַּת שְׁנָתָהּ לְחַטָּאת` (במדבר טו:כז)
1445	58	נפש	נפש	משלי כב:כג		`כִּי יְהוָה יָרִיב רִיבָם וְקָבַע אֶת קֹבְעֵיהֶם נָפֶשׁ` (משלי כב:כג)
1446	58	חיים	חיים	יונה ב:ו		`לְקִצְבֵי הָרִים יָרַדְתִּי הָאָרֶץ בְּרִחֶיהָ בַעֲדִי לְעוֹלָם וַתַּעַל מִשַּׁחַת חַיַּי יְהוָה אֱלֹהָי` (יונה ב:ו)
1447	58	איש-אשה	איש	ויקרא כא:יט		`אוֹ אִישׁ אֲשֶׁר יִהְיֶה בוֹ שֶׁבֶר רָגֶל אוֹ שֶׁבֶר יָד` (ויקרא כא:יט)
1448	58	נפש	נפש	ירמיהו יז:כא		`כֹּה אָמַר יְהוָה הִשָּׁמְרוּ בְּנַפְשׁוֹתֵיכֶם וְאַל תִּשְׂאוּ מַשָּׂא בְּיוֹם הַשַּׁבָּת וַהֲבֵאתֶם בְּשַׁעֲרֵי יְרוּשָׁלִָם` (ירמיהו יז:כא)
1449	58	חיים	חיים	תהילים ל:ה		`כִּי רֶגַע בְּאַפּוֹ חַיִּים בִּרְצוֹנוֹ בָּעֶרֶב יָלִין בֶּכִי וְלַבֹּקֶר רִנָּה` (תהילים ל:ה)
1450	58	נפש	נפש	תהילים קכ:ו	105	`רַבַּת שָׁכְנָה לָּהּ נַפְשִׁי עִם שׂוֹנֵא שָׁלוֹם` (תהילים קכ:ו)
1451	59	רוח	רוח	ישעיהו סג:יד		`כַּבְּהֵמָה בַּבִּקְעָה תֵרֵד רוּחַ יְהוָה תְּנִיחֶנּוּ כֵּן נִהַגְתָּ עַמְּךָ לַעֲשׂוֹת לְךָ שֵׁם תִּפְאָרֶת` (ישעיהו סג:יד)
1452	59	אדם	אדם	תהילים פב:ז		`אָכֵן כְּאָדָם תְּמוּתוּן וּכְאַחַד הַשָּׂרִים תִּפֹּלוּ` (תהילים פב:ז)
1453	59	נפש	נפש	תהילים פט:מח		`מִי גֶבֶר יִחְיֶה וְלֹא יִרְאֶה מָּוֶת יְמַלֵּט נַפְשׁוֹ מִיַּד שְׁאוֹל סֶלָה` (תהילים פט:מח)
1454	59	אדם	אדם	משלי כ:כה		`מוֹקֵשׁ אָדָם יָלַע קֹדֶשׁ וְאַחַר נְדָרִים לְבַקֵּר` (משלי כ:כה)
1455	59	נפש	נפש	שיר-השירים ג:ד		`כִּמְעַט שֶׁעָבַרְתִּי מֵהֶם עַד שֶׁמָּצָאתִי אֵת שֶׁאָהֲבָה נַפְשִׁי אֲחַזְתִּיו וְלֹא אַרְפֶּנּוּ עַד שֶׁהֲבֵיאתִיו אֶל בֵּית אִמִּי וְאֶל חֶדֶר הוֹרָתִי` (שיר-השירים ג:ד)
1456	59	איש-אשה	איש	שמואל-ב י:ו		`וַיִּרְאוּ בְּנֵי עַמּוֹן כִּי נִבְאֲשׁוּ בְּדָוִד וַיִּשְׁלְחוּ בְנֵי עַמּוֹן וַיִּשְׂכְּרוּ אֶת אֲרַם בֵּית רְחוֹב וְאֶת אֲרַם צוֹבָא עֶשְׂרִים אֶלֶף רַגְלִי וְאֶת מֶלֶךְ מַעֲכָה אֶלֶף אִישׁ וְאִישׁ טוֹב שְׁנֵים עָשָׂר אֶלֶף אִישׁ` (שמואל-ב י:ו)
1457	59	איש-אשה	איש	מלכים-ב ד:ט		`וַתֹּאמֶר אֶל אִישָׁהּ הִנֵּה נָא יָדַעְתִּי כִּי אִישׁ אֱלֹהִים קָדוֹשׁ הוּא עֹבֵר עָלֵינוּ תָּמִיד` (מלכים-ב ד:ט)
1458	59	נפש	נפש	דברי-הימים-ב טו:יב		`וַיָּבֹאוּ בַבְּרִית לִדְרוֹשׁ אֶת יְהוָה אֱלֹהֵי אֲבוֹתֵיהֶם בְּכָל לְבָבָם וּבְכָל נַפְשָׁם` (דברי-הימים-ב טו:יב)
1459	59	איש-אשה	אשה	אסתר ב:ח		`וַיְהִי בְּהִשָּׁמַע דְּבַר הַמֶּלֶךְ וְדָתוֹ וּבְהִקָּבֵץ נְעָרוֹת רַבּוֹת אֶל שׁוּשַׁן הַבִּירָה אֶל יַד הֵגָי וַתִּלָּקַח אֶסְתֵּר אֶל בֵּית הַמֶּלֶךְ אֶל יַד הֵגַי שֹׁמֵר הַנָּשִׁים` (אסתר ב:ח)
1460	59	רוח	רוח	ישעיהו יט:ג		`וְנָבְקָה רוּחַ מִצְרַיִם בְּקִרְבּוֹ וַעֲצָתוֹ אֲבַלֵּעַ וְדָרְשׁוּ אֶל הָאֱלִילִים וְאֶל הָאִטִּים וְאֶל הָאֹבוֹת וְאֶל הַיִּדְּעֹנִים` (ישעיהו יט:ג)
1461	59	נפש	נפש	ירמיהו נא:יד		`נִשְׁבַּע יְהוָה צְבָאוֹת בְּנַפְשׁוֹ כִּי אִם מִלֵּאתִיךְ אָדָם כַּיֶּלֶק וְעָנוּ עָלַיִךְ הֵידָד` (ירמיהו נא:יד)
1462	59	חיים	חיים	תהילים נב:ה		`גַּם אֵל יִתָּצְךָ לָנֶצַח יַחְתְּךָ וְיִסָּחֲךָ מֵאֹהֶל וְשֵׁרֶשְׁךָ מֵאֶרֶץ חַיִּים סֶלָה` (תהילים נב:ה)
1463	59	נפש	נפש	תהילים סט:י	744	`וָאֶבְכֶּה בַצּוֹם נַפְשִׁי וַתְּהִי לַחֲרָפוֹת לִי` (תהילים סט:י)
1464	59	לב-לבב	לב	שמות י:כ		`וַיְחַזֵּק יְהוָה אֶת לֵב פַּרְעֹה וְלֹא שִׁלַּח אֶת בְּנֵי יִשְׂרָאֵל` (שמות י:כ)
1465	59	אדם	אדם	שמואל-א כו:יט		`וְעַתָּה יִשְׁמַע נָא אֲדֹנִי הַמֶּלֶךְ אֵת דִּבְרֵי עַבְדּוֹ אִם יְהוָה הֱסִיתְךָ בִי יָרַח מִנְחָה וְאִם בְּנֵי הָאָדָם אֲרוּרִים הֵם לִפְנֵי יְהוָה כִּי גֵרְשׁוּנִי הַיּוֹם מֵהִסְתַּפֵּחַ בְּנַחֲלַת יְהוָה לֵאמֹר לֵךְ עֲבֹד אֱלֹהִים אֲחֵרִים` (שמואל-א כו:יט)
1466	59	נפש	נפש	איכה ב:יב		`לְאִמֹּתָם יֹאמְרוּ אַיֵּה דָּגָן וָיָיִן בְּהִתְעַטְּפָם כֶּחָלָל בִּרְחֹבוֹת עִיר בְּהִשְׁתַּפֵּךְ נַפְשָׁם אֶל חֵיק אִמֹּתָם` (איכה ב:יב)
1467	59	נפש	נפש	יחזקאל לג:ו	1546	`וְהַצֹּפֶה כִּי יִרְאֶה אֶת הַחֶרֶב בָּאָה וְלֹא תָקַע בַּשּׁוֹפָר וְהָעָם לֹא נִזְהָר וַתָּבוֹא חֶרֶב וַתִּקַּח מֵהֶם נָפֶשׁ הוּא בַּעֲוֺנוֹ נִלְקָח וְדָמוֹ מִיַּד הַצֹּפֶה אֶדְרֹשׁ` (יחזקאל לג:ו)
1468	59	איש-אשה	איש	אסתר ז:ו		`וַתֹּאמֶר אֶסְתֵּר אִישׁ צַר וְאוֹיֵב הָמָן הָרָע הַזֶּה וְהָמָן נִבְעַת מִלִּפְנֵי הַמֶּלֶךְ וְהַמַּלְכָּה` (אסתר ז:ו)
1469	59	נפש	נפש	שמות כא:כג		`וְאִם אָסוֹן יִהְיֶה וְנָתַתָּה נֶפֶשׁ תַּחַת נָפֶשׁ` (שמות כא:כג)
1470	59	נפש	נפש	איכה א:טז		`עַל אֵלֶּה אֲנִי בוֹכִיָּה עֵינִי עֵינִי יֹרְדָה מַּיִם כִּי רָחַק מִמֶּנִּי מְנַחֵם מֵשִׁיב נַפְשִׁי הָיוּ בָנַי שׁוֹמֵמִים כִּי גָבַר אוֹיֵב` (איכה א:טז)
1471	59	אדם	אדם	בראשית ח:כא		`וַיָּרַח יְהוָה אֶת רֵיחַ הַנִּיחֹחַ וַיֹּאמֶר יְהוָה אֶל לִבּוֹ לֹא אֹסִף לְקַלֵּל עוֹד אֶת הָאֲדָמָה בַּעֲבוּר הָאָדָם כִּי יֵצֶר לֵב הָאָדָם רַע מִנְּעֻרָיו וְלֹא אֹסִף עוֹד לְהַכּוֹת אֶת כָּל חַי כַּאֲשֶׁר עָשִׂיתִי` (בראשית ח:כא)
1472	59	איש-אשה	אשה	שמואל-א כה:מב		`וַתְּמַהֵר וַתָּקָם אֲבִיגַיִל וַתִּרְכַּב עַל הַחֲמוֹר וְחָמֵשׁ נַעֲרֹתֶיהָ הַהֹלְכוֹת לְרַגְלָהּ וַתֵּלֶךְ אַחֲרֵי מַלְאֲכֵי דָוִד וַתְּהִי לוֹ לְאִשָּׁה` (שמואל-א כה:מב)
1473	59	נפש	נפש	ירמיהו לח:כ		`וַיֹּאמֶר יִרְמְיָהוּ לֹא יִתֵּנוּ שְׁמַע נָא בְּקוֹל יְהוָה לַאֲשֶׁר אֲנִי דֹּבֵר אֵלֶיךָ וְיִיטַב לְךָ וּתְחִי נַפְשֶׁךָ` (ירמיהו לח:כ)
1474	59	לב-לבב	לב	איוב לז:א		`אַף לְזֹאת יֶחֱרַד לִבִּי וְיִתַּר מִמְּקוֹמוֹ` (איוב לז:א)
1475	59	חיים	חיים	דברים לב:מז		`כִּי לֹא דָבָר רֵק הוּא מִכֶּם כִּי הוּא חַיֵּיכֶם וּבַדָּבָר הַזֶּה תַּאֲרִיכוּ יָמִים עַל הָאֲדָמָה אֲשֶׁר אַתֶּם עֹבְרִים אֶת הַיַּרְדֵּן שָׁמָּה לְרִשְׁתָּהּ` (דברים לב:מז)
1476	60	נפש	נפש	בראשית ב:ז	1146	`וַיִּיצֶר יְהוָה אֱלֹהִים אֶת הָאָדָם עָפָר מִן הָאֲדָמָה וַיִּפַּח בְּאַפָּיו נִשְׁמַת חַיִּים וַיְהִי הָאָדָם לְנֶפֶשׁ חַיָּה` (בראשית ב:ז)
1477	60	רוח	רוח	שמואל-א טז:יד		`וְרוּחַ יְהוָה סָרָה מֵעִם שָׁאוּל וּבִעֲתַתּוּ רוּחַ רָעָה מֵאֵת יְהוָה` (שמואל-א טז:יד)
1478	60	חיה-פועל	חיה	הושע ו:ב		`יְחַיֵּנוּ מִיֹּמָיִם בַּיּוֹם הַשְּׁלִישִׁי יְקִמֵנוּ וְנִחְיֶה לְפָנָיו` (הושע ו:ב)
1479	60	נפש	נפש	במדבר לה:יא		`וְהִקְרִיתֶם לָכֶם עָרִים עָרֵי מִקְלָט תִּהְיֶינָה לָכֶם וְנָס שָׁמָּה רֹצֵחַ מַכֵּה נֶפֶשׁ בִּשְׁגָגָה` (במדבר לה:יא)
1480	60	נפש	נפש	שמואל-ב טז:יא		`וַיֹּאמֶר דָּוִד אֶל אֲבִישַׁי וְאֶל כָּל עֲבָדָיו הִנֵּה בְנִי אֲשֶׁר יָצָא מִמֵּעַי מְבַקֵּשׁ אֶת נַפְשִׁי וְאַף כִּי עַתָּה בֶּן הַיְמִינִי הַנִּחוּ לוֹ וִיקַלֵּל כִּי אָמַר לוֹ יְהוָה` (שמואל-ב טז:יא)
1481	60	איש-אשה	אשה	מלאכי ב:טו		`וְלֹא אֶחָד עָשָׂה וּשְׁאָר רוּחַ לוֹ וּמָה הָאֶחָד מְבַקֵּשׁ זֶרַע אֱלֹהִים וְנִשְׁמַרְתֶּם בְּרוּחֲכֶם וּבְאֵשֶׁת נְעוּרֶיךָ אַל יִבְגֹּד` (מלאכי ב:טו)
1482	60	חיים	חיים	משלי יח:כא	538	`מָוֶת וְחַיִּים בְּיַד לָשׁוֹן וְאֹהֲבֶיהָ יֹאכַל פִּרְיָהּ` (משלי יח:כא)
1483	60	נפש	נפש	יחזקאל כג:כח		`כִּי כֹה אָמַר אֲדֹנָי יְהוִה הִנְנִי נֹתְנָךְ בְּיַד אֲשֶׁר שָׂנֵאת בְּיַד אֲשֶׁר נָקְעָה נַפְשֵׁךְ מֵהֶם` (יחזקאל כג:כח)
1484	60	נפש	נפש	בראשית יט:כ		`הִנֵּה נָא הָעִיר הַזֹּאת קְרֹבָה לָנוּס שָׁמָּה וְהִיא מִצְעָר אִמָּלְטָה נָּא שָׁמָּה הֲלֹא מִצְעָר הִוא וּתְחִי נַפְשִׁי` (בראשית יט:כ)
1485	60	נפש	נפש	תהילים סג:ט		`וְהֵמָּה לְשׁוֹאָה יְבַקְשׁוּ נַפְשִׁי יָבֹאוּ בְּתַחְתִּיּוֹת הָאָרֶץ` (תהילים סג:ט)
1486	60	רוח	רוח	יחזקאל יז:כא		`וְאֵת כָּל מִבְרָחוֹ בְּכָל אֲגַפָּיו בַּחֶרֶב יִפֹּלוּ וְהַנִּשְׁאָרִים לְכָל רוּחַ יִפָּרֵשׂוּ וִידַעְתֶּם כִּי אֲנִי יְהוָה דִּבַּרְתִּי` (יחזקאל יז:כא)
1487	60	נפש	נפש	דברים יד:כו		`וְנָתַתָּה הַכֶּסֶף בְּכֹל אֲשֶׁר תְּאַוֶּה נַפְשְׁךָ בַּבָּקָר וּבַצֹּאן וּבַיַּיִן וּבַשֵּׁכָר וּבְכֹל אֲשֶׁר תִּשְׁאָלְךָ נַפְשֶׁךָ וְאָכַלְתָּ שָּׁם לִפְנֵי יְהוָה אֱלֹהֶיךָ וְשָׂמַחְתָּ אַתָּה וּבֵיתֶךָ` (דברים יד:כו)
1488	60	נפש	נפש	ישעיהו א:יד		`חָדְשֵׁיכֶם וּמוֹעֲדֵיכֶם שָׂנְאָה נַפְשִׁי הָיוּ עָלַי לָטֹרַח נִלְאֵיתִי נְשֹׂא` (ישעיהו א:יד)
1489	60	חיה-פועל	חיה	תהילים פ:יח		`וְלֹא נָסוֹג מִמֶּךָּ תְּחַיֵּנוּ וּבְשִׁמְךָ נִקְרָא` (תהילים פ:יח)
1490	60	נפש	נפש	יחזקאל יד:יד		`וְהָיוּ שְׁלֹשֶׁת הָאֲנָשִׁים הָאֵלֶּה בְּתוֹכָהּ נֹחַ דָּנִאֵל וְאִיּוֹב הֵמָּה בְצִדְקָתָם יְנַצְּלוּ נַפְשָׁם נְאֻם אֲדֹנָי יְהוִה` (יחזקאל יד:יד)
1491	60	איש-אשה	איש	נחמיה ד:כג		`וְאֵין אֲנִי וְאַחַי וּנְעָרַי וְאַנְשֵׁי הַמִּשְׁמָר אֲשֶׁר אַחֲרַי אֵין אֲנַחְנוּ פֹשְׁטִים בְּגָדֵינוּ אִישׁ שִׁלְחוֹ הַמָּיִם` (נחמיה ד:כג)
1492	60	נפש	נפש	משלי כט:י		`אַנְשֵׁי דָמִים יִשְׂנְאוּ תָם וִישָׁרִים יְבַקְשׁוּ נַפְשׁוֹ` (משלי כט:י)
1493	60	נפש	נפש	תהילים לג:יט		`לְהַצִּיל מִמָּוֶת נַפְשָׁם וּלְחַיּוֹתָם בָּרָעָב` (תהילים לג:יט)
1494	60	נפש	נפש	במדבר כג:י		`מִי מָנָה עֲפַר יַעֲקֹב וּמִסְפָּר אֶת רֹבַע יִשְׂרָאֵל תָּמֹת נַפְשִׁי מוֹת יְשָׁרִים וּתְהִי אַחֲרִיתִי כָּמֹהוּ` (במדבר כג:י)
1495	60	נפש	נפש	איוב טז:ד		`גַּם אָנֹכִי כָּכֶם אֲדַבֵּרָה לוּ יֵשׁ נַפְשְׁכֶם תַּחַת נַפְשִׁי אַחְבִּירָה עֲלֵיכֶם בְּמִלִּים וְאָנִיעָה עֲלֵיכֶם בְּמוֹ רֹאשִׁי` (איוב טז:ד)
1496	60	חיה-פועל	חיה	בראשית יא:יח		`וַיְחִי פֶלֶג שְׁלֹשִׁים שָׁנָה וַיּוֹלֶד אֶת רְעוּ` (בראשית יא:יח)
1497	60	נפש	נפש	במדבר ה:ו		`דַּבֵּר אֶל בְּנֵי יִשְׂרָאֵל אִישׁ אוֹ אִשָּׁה כִּי יַעֲשׂוּ מִכָּל חַטֹּאת הָאָדָם לִמְעֹל מַעַל בַּיהוָה וְאָשְׁמָה הַנֶּפֶשׁ הַהִוא` (במדבר ה:ו)
1498	60	חיים	חיים	ירמיהו כג:לו		`וּמַשָּׂא יְהוָה לֹא תִזְכְּרוּ עוֹד כִּי הַמַּשָּׂא יִהְיֶה לְאִישׁ דְּבָרוֹ וַהֲפַכְתֶּם אֶת דִּבְרֵי אֱלֹהִים חַיִּים יְהוָה צְבָאוֹת אֱלֹהֵינוּ` (ירמיהו כג:לו)
1499	60	איש-אשה	אשה	שמואל-ב יד:ב	669	`וַיִּשְׁלַח יוֹאָב תְּקוֹעָה וַיִּקַּח מִשָּׁם אִשָּׁה חֲכָמָה וַיֹּאמֶר אֵלֶיהָ הִתְאַבְּלִי נָא וְלִבְשִׁי נָא בִגְדֵי אֵבֶל וְאַל תָּסוּכִי שֶׁמֶן וְהָיִית כְּאִשָּׁה זֶה יָמִים רַבִּים מִתְאַבֶּלֶת עַל מֵת` (שמואל-ב יד:ב)
1500	60	אדם	אדם	יחזקאל לג:כד		`בֶּן אָדָם יֹשְׁבֵי הֶחֳרָבוֹת הָאֵלֶּה עַל אַדְמַת יִשְׂרָאֵל אֹמְרִים לֵאמֹר אֶחָד הָיָה אַבְרָהָם וַיִּירַשׁ אֶת הָאָרֶץ וַאֲנַחְנוּ רַבִּים לָנוּ נִתְּנָה הָאָרֶץ לְמוֹרָשָׁה` (יחזקאל לג:כד)
1501	61	נפש	נפש	יחזקאל טז:ה		`לֹא חָסָה עָלַיִךְ עַיִן לַעֲשׂוֹת לָךְ אַחַת מֵאֵלֶּה לְחֻמְלָה עָלָיִךְ וַתֻּשְׁלְכִי אֶל פְּנֵי הַשָּׂדֶה בְּגֹעַל נַפְשֵׁךְ בְּיוֹם הֻלֶּדֶת אֹתָךְ` (יחזקאל טז:ה)
1502	61	נפש	נפש	תהילים סג:ה	588	`כְּמוֹ חֵלֶב וָדֶשֶׁן תִּשְׂבַּע נַפְשִׁי וְשִׂפְתֵי רְנָנוֹת יְהַלֶּל פִּי` (תהילים סג:ה)
1503	61	איש-אשה	איש	דברים לב:כה		`מִחוּץ תְּשַׁכֶּל חֶרֶב וּמֵחֲדָרִים אֵימָה גַּם בָּחוּר גַּם בְּתוּלָה יוֹנֵק עִם אִישׁ שֵׂיבָה` (דברים לב:כה)
1504	61	נפש	נפש	איוב ו:ז	445	`מֵאֲנָה לִנְגּוֹעַ נַפְשִׁי הֵמָּה כִּדְוֵי לַחְמִי` (איוב ו:ז)
1505	61	נפש	נפש	יחזקאל ג:יט		`וְאַתָּה כִּי הִזְהַרְתָּ רָשָׁע וְלֹא שָׁב מֵרִשְׁעוֹ וּמִדַּרְכּוֹ הָרְשָׁעָה הוּא בַּעֲוֺנוֹ יָמוּת וְאַתָּה אֶת נַפְשְׁךָ הִצַּלְתָּ` (יחזקאל ג:יט)
1506	61	נפש	נפש	יהושע כ:ג		`לָנוּס שָׁמָּה רוֹצֵחַ מַכֵּה נֶפֶשׁ בִּשְׁגָגָה בִּבְלִי דָעַת וְהָיוּ לָכֶם לְמִקְלָט מִגֹּאֵל הַדָּם` (יהושע כ:ג)
1507	61	נפש	נפש	יהושע י:לט		`וַיִּלְכְּדָהּ וְאֶת מַלְכָּהּ וְאֶת כָּל עָרֶיהָ וַיַּכּוּם לְפִי חֶרֶב וַיַּחֲרִימוּ אֶת כָּל נֶפֶשׁ אֲשֶׁר בָּהּ לֹא הִשְׁאִיר שָׂרִיד כַּאֲשֶׁר עָשָׂה לְחֶבְרוֹן כֵּן עָשָׂה לִדְבִרָה וּלְמַלְכָּהּ וְכַאֲשֶׁר עָשָׂה לְלִבְנָה וּלְמַלְכָּהּ` (יהושע י:לט)
1508	61	נפש	נפש	תהילים עח:נ		`יְפַלֵּס נָתִיב לְאַפּוֹ לֹא חָשַׂךְ מִמָּוֶת נַפְשָׁם וְחַיָּתָם לַדֶּבֶר הִסְגִּיר` (תהילים עח:נ)
1509	61	אדם	אדם	בראשית ו:ז		`וַיֹּאמֶר יְהוָה אֶמְחֶה אֶת הָאָדָם אֲשֶׁר בָּרָאתִי מֵעַל פְּנֵי הָאֲדָמָה מֵאָדָם עַד בְּהֵמָה עַד רֶמֶשׂ וְעַד עוֹף הַשָּׁמָיִם כִּי נִחַמְתִּי כִּי עֲשִׂיתִם` (בראשית ו:ז)
1510	61	אדם	אדם	יחזקאל ח:ו		`וַיֹּאמֶר אֵלַי בֶּן אָדָם הֲרֹאֶה אַתָּה מֵהֶם עֹשִׂים תּוֹעֵבוֹת גְּדֹלוֹת אֲשֶׁר בֵּית יִשְׂרָאֵל עֹשִׂים פֹּה לְרָחֳקָה מֵעַל מִקְדָּשִׁי וְעוֹד תָּשׁוּב תִּרְאֶה תּוֹעֵבוֹת גְּדֹלוֹת` (יחזקאל ח:ו)
1511	61	איש-אשה	אשה	מלכים-ב כב:יד		`וַיֵּלֶךְ חִלְקִיָּהוּ הַכֹּהֵן וַאֲחִיקָם וְעַכְבּוֹר וְשָׁפָן וַעֲשָׂיָה אֶל חֻלְדָּה הַנְּבִיאָה אֵשֶׁת שַׁלֻּם בֶּן תִּקְוָה בֶּן חַרְחַס שֹׁמֵר הַבְּגָדִים וְהִיא יֹשֶׁבֶת בִּירוּשָׁלִַם בַּמִּשְׁנֶה וַיְדַבְּרוּ אֵלֶיהָ` (מלכים-ב כב:יד)
1512	61	נפש	נפש	יחזקאל יג:יט		`וַתְּחַלֶּלְנָה אֹתִי אֶל עַמִּי בְּשַׁעֲלֵי שְׂעֹרִים וּבִפְתוֹתֵי לֶחֶם לְהָמִית נְפָשׁוֹת אֲשֶׁר לֹא תְמוּתֶנָה וּלְחַיּוֹת נְפָשׁוֹת אֲשֶׁר לֹא תִחְיֶינָה בְּכַזֶּבְכֶם לְעַמִּי שֹׁמְעֵי כָזָב` (יחזקאל יג:יט)
1513	61	אדם	אדם	יחזקאל כח:כא		`בֶּן אָדָם שִׂים פָּנֶיךָ אֶל צִידוֹן וְהִנָּבֵא עָלֶיהָ` (יחזקאל כח:כא)
1514	61	חיים	חיים	תהילים סד:א		`לַמְנַצֵּחַ מִזְמוֹר לְדָוִד שְׁמַע אֱלֹהִים קוֹלִי בְשִׂיחִי מִפַּחַד אוֹיֵב תִּצֹּר חַיָּי` (תהילים סד:א)
1515	61	נפש	נפש	איוב כד:יב		`מֵעִיר מְתִים יִנְאָקוּ וְנֶפֶשׁ חֲלָלִים תְּשַׁוֵּעַ וֶאֱלוֹהַּ לֹא יָשִׂים תִּפְלָה` (איוב כד:יב)
1516	61	לב-לבב	לב	בראשית כז:מא		`וַיִּשְׂטֹם עֵשָׂו אֶת יַעֲקֹב עַל הַבְּרָכָה אֲשֶׁר בֵּרֲכוֹ אָבִיו וַיֹּאמֶר עֵשָׂו בְּלִבּוֹ יִקְרְבוּ יְמֵי אֵבֶל אָבִי וְאַהַרְגָה אֶת יַעֲקֹב אָחִי` (בראשית כז:מא)
1517	61	נפש	נפש	יחזקאל ד:יד		`וָאֹמַר אֲהָהּ אֲדֹנָי יְהוִה הִנֵּה נַפְשִׁי לֹא מְטֻמָּאָה וּנְבֵלָה וּטְרֵפָה לֹא אָכַלְתִּי מִנְּעוּרַי וְעַד עַתָּה וְלֹא בָא בְּפִי בְּשַׂר פִּגּוּל` (יחזקאל ד:יד)
1518	61	רוח	רוח	ירמיהו מט:לב		`וְהָיוּ גְמַלֵּיהֶם לָבַז וַהֲמוֹן מִקְנֵיהֶם לְשָׁלָל וְזֵרִתִים לְכָל רוּחַ קְצוּצֵי פֵאָה וּמִכָּל עֲבָרָיו אָבִיא אֶת אֵידָם נְאֻם יְהוָה` (ירמיהו מט:לב)
1519	61	נפש	נפש	דברי-הימים-א כח:ט		`וְאַתָּה שְׁלֹמֹה בְנִי דַּע אֶת אֱלֹהֵי אָבִיךָ וְעָבְדֵהוּ בְּלֵב שָׁלֵם וּבְנֶפֶשׁ חֲפֵצָה כִּי כָל לְבָבוֹת דּוֹרֵשׁ יְהוָה וְכָל יֵצֶר מַחֲשָׁבוֹת מֵבִין אִם תִּדְרְשֶׁנּוּ יִמָּצֵא לָךְ וְאִם תַּעַזְבֶנּוּ יַזְנִיחֲךָ לָעַד` (דברי-הימים-א כח:ט)
1520	61	נפש	נפש	משלי כח:כה		`רְחַב נֶפֶשׁ יְגָרֶה מָדוֹן וּבוֹטֵחַ עַל יְהוָה יְדֻשָּׁן` (משלי כח:כה)
1521	61	לב-לבב	לב	משלי כד:ב	1399	`כִּי שֹׁד יֶהְגֶּה לִבָּם וְעָמָל שִׂפְתֵיהֶם תְּדַבֵּרְנָה` (משלי כד:ב)
1522	61	נפש	נפש	ירמיהו יט:ט		`וְהַאֲכַלְתִּים אֶת בְּשַׂר בְּנֵיהֶם וְאֵת בְּשַׂר בְּנֹתֵיהֶם וְאִישׁ בְּשַׂר רֵעֵהוּ יֹאכֵלוּ בְּמָצוֹר וּבְמָצוֹק אֲשֶׁר יָצִיקוּ לָהֶם אֹיְבֵיהֶם וּמְבַקְשֵׁי נַפְשָׁם` (ירמיהו יט:ט)
1523	61	לב-לבב	לב	בראשית לא:כ		`וַיִּגְנֹב יַעֲקֹב אֶת לֵב לָבָן הָאֲרַמִּי עַל בְּלִי הִגִּיד לוֹ כִּי בֹרֵחַ הוּא` (בראשית לא:כ)
1524	61	רוח	רוח	תהילים עז:ו		`אֶזְכְּרָה נְגִינָתִי בַּלָּיְלָה עִם לְבָבִי אָשִׂיחָה וַיְחַפֵּשׂ רוּחִי` (תהילים עז:ו)
1525	61	לב-לבב	לב	שמואל-א ט:כ		`וְלָאֲתֹנוֹת הָאֹבְדוֹת לְךָ הַיּוֹם שְׁלֹשֶׁת הַיָּמִים אַל תָּשֶׂם אֶת לִבְּךָ לָהֶם כִּי נִמְצָאוּ וּלְמִי כָּל חֶמְדַּת יִשְׂרָאֵל הֲלוֹא לְךָ וּלְכֹל בֵּית אָבִיךָ` (שמואל-א ט:כ)
1526	62	נפש	נפש	ירמיהו מב:כ		`כִּי הִתְעֵתֶים בְּנַפְשׁוֹתֵיכֶם כִּי אַתֶּם שְׁלַחְתֶּם אֹתִי אֶל יְהוָה אֱלֹהֵיכֶם לֵאמֹר הִתְפַּלֵּל בַּעֲדֵנוּ אֶל יְהוָה אֱלֹהֵינוּ וּכְכֹל אֲשֶׁר יֹאמַר יְהוָה אֱלֹהֵינוּ כֵּן הַגֶּד לָנוּ וְעָשִׂינוּ` (ירמיהו מב:כ)
1527	62	אדם	אדם	קהלת ו:א		`יֵשׁ רָעָה אֲשֶׁר רָאִיתִי תַּחַת הַשָּׁמֶשׁ וְרַבָּה הִיא עַל הָאָדָם` (קהלת ו:א)
1528	62	חיים	חיים	מלכים-א יא:לד		`וְלֹא אֶקַּח אֶת כָּל הַמַּמְלָכָה מִיָּדוֹ כִּי נָשִׂיא אֲשִׁתֶנּוּ כֹּל יְמֵי חַיָּיו לְמַעַן דָּוִד עַבְדִּי אֲשֶׁר בָּחַרְתִּי אֹתוֹ אֲשֶׁר שָׁמַר מִצְוֺתַי וְחֻקֹּתָי` (מלכים-א יא:לד)
1529	62	לב-לבב	לב	קהלת ב:כג		`כִּי כָל יָמָיו מַכְאֹבִים וָכַעַס עִנְיָנוֹ גַּם בַּלַּיְלָה לֹא שָׁכַב לִבּוֹ גַּם זֶה הֶבֶל הוּא` (קהלת ב:כג)
1530	62	נפש	נפש	יונה א:יד		`וַיִּקְרְאוּ אֶל יְהוָה וַיֹּאמְרוּ אָנָּה יְהוָה אַל נָא נֹאבְדָה בְּנֶפֶשׁ הָאִישׁ הַזֶּה וְאַל תִּתֵּן עָלֵינוּ דָּם נָקִיא כִּי אַתָּה יְהוָה כַּאֲשֶׁר חָפַצְתָּ עָשִׂיתָ` (יונה א:יד)
1531	62	נפש	נפש	תהילים לא:ט		`חָנֵּנִי יְהוָה כִּי צַר לִי עָשְׁשָׁה בְכַעַס עֵינִי נַפְשִׁי וּבִטְנִי` (תהילים לא:ט)
1532	62	נפש	נפש	תהילים ז:ב		`פֶּן יִטְרֹף כְּאַרְיֵה נַפְשִׁי פֹּרֵק וְאֵין מַצִּיל` (תהילים ז:ב)
1533	62	נפש	נפש	ויקרא כב:ג	1405	`אֱמֹר אֲלֵהֶם לְדֹרֹתֵיכֶם כָּל אִישׁ אֲשֶׁר יִקְרַב מִכָּל זַרְעֲכֶם אֶל הַקֳּדָשִׁים אֲשֶׁר יַקְדִּישׁוּ בְנֵי יִשְׂרָאֵל לַיהוָה וְטֻמְאָתוֹ עָלָיו וְנִכְרְתָה הַנֶּפֶשׁ הַהִוא מִלְּפָנַי אֲנִי יְהוָה` (ויקרא כב:ג)
1534	62	חיים	חיים	ישעיהו לח:כ		`יְהוָה לְהוֹשִׁיעֵנִי וּנְגִנוֹתַי נְנַגֵּן כָּל יְמֵי חַיֵּינוּ עַל בֵּית יְהוָה` (ישעיהו לח:כ)
1535	62	נפש	נפש	תהילים קכ:ב		`יְהוָה הַצִּילָה נַפְשִׁי מִשְּׂפַת שֶׁקֶר מִלָּשׁוֹן רְמִיָּה` (תהילים קכ:ב)
1536	62	נפש	נפש	דברי-הימים-ב לד:לא		`וַיַּעֲמֹד הַמֶּלֶךְ עַל עָמְדוֹ וַיִּכְרֹת אֶת הַבְּרִית לִפְנֵי יְהוָה לָלֶכֶת אַחֲרֵי יְהוָה וְלִשְׁמוֹר אֶת מִצְוֺתָיו וְעֵדְוֺתָיו וְחֻקָּיו בְּכָל לְבָבוֹ וּבְכָל נַפְשׁוֹ לַעֲשׂוֹת אֶת דִּבְרֵי הַבְּרִית הַכְּתוּבִים עַל הַסֵּפֶר הַזֶּה` (דברי-הימים-ב לד:לא)
1537	62	נפש	נפש	בראשית א:כד	595	`וַיֹּאמֶר אֱלֹהִים תּוֹצֵא הָאָרֶץ נֶפֶשׁ חַיָּה לְמִינָהּ בְּהֵמָה וָרֶמֶשׂ וְחַיְתוֹ אֶרֶץ לְמִינָהּ וַיְהִי כֵן` (בראשית א:כד)
1538	62	נפש	נפש	ישעיהו מט:ז		`כֹּה אָמַר יְהוָה גֹּאֵל יִשְׂרָאֵל קְדוֹשׁוֹ לִבְזֹה נֶפֶשׁ לִמְתָעֵב גּוֹי לְעֶבֶד מֹשְׁלִים מְלָכִים יִרְאוּ וָקָמוּ שָׂרִים וְיִשְׁתַּחֲוּוּ לְמַעַן יְהוָה אֲשֶׁר נֶאֱמָן קְדֹשׁ יִשְׂרָאֵל וַיִּבְחָרֶךָּ` (ישעיהו מט:ז)
1539	62	נפש	נפש	ירמיהו ו:ח		`הִוָּסְרִי יְרוּשָׁלִַם פֶּן תֵּקַע נַפְשִׁי מִמֵּךְ פֶּן אֲשִׂימֵךְ שְׁמָמָה אֶרֶץ לוֹא נוֹשָׁבָה` (ירמיהו ו:ח)
1540	62	אדם	אדם	יחזקאל ח:טו		`וַיֹּאמֶר אֵלַי הֲרָאִיתָ בֶן אָדָם עוֹד תָּשׁוּב תִּרְאֶה תּוֹעֵבוֹת גְּדֹלוֹת מֵאֵלֶּה` (יחזקאל ח:טו)
1541	62	לב-לבב	לבב	בראשית לא:כו		`וַיֹּאמֶר לָבָן לְיַעֲקֹב מֶה עָשִׂיתָ וַתִּגְנֹב אֶת לְבָבִי וַתְּנַהֵג אֶת בְּנֹתַי כִּשְׁבֻיוֹת חָרֶב` (בראשית לא:כו)
1542	62	איש-אשה	איש	מלכים-א כ:לז		`וַיִּמְצָא אִישׁ אַחֵר וַיֹּאמֶר הַכֵּינִי נָא וַיַּכֵּהוּ הָאִישׁ הַכֵּה וּפָצֹעַ` (מלכים-א כ:לז)
1543	62	נפש	נפש	משלי יג:ב		`מִפְּרִי פִי אִישׁ יֹאכַל טוֹב וְנֶפֶשׁ בֹּגְדִים חָמָס` (משלי יג:ב)
1544	62	נפש	נפש	תהילים קג:א		`לְדָוִד בָּרֲכִי נַפְשִׁי אֶת יְהוָה וְכָל קְרָבַי אֶת שֵׁם קָדְשׁוֹ` (תהילים קג:א)
1545	62	חיים	חיים	מלכים-ב י:יד		`וַיֹּאמֶר תִּפְשׂוּם חַיִּים וַיִּתְפְּשׂוּם חַיִּים וַיִּשְׁחָטוּם אֶל בּוֹר בֵּית עֵקֶד אַרְבָּעִים וּשְׁנַיִם אִישׁ וְלֹא הִשְׁאִיר אִישׁ מֵהֶם` (מלכים-ב י:יד)
1546	62	נפש	נפש	יחזקאל לג:ו		`וְהַצֹּפֶה כִּי יִרְאֶה אֶת הַחֶרֶב בָּאָה וְלֹא תָקַע בַּשּׁוֹפָר וְהָעָם לֹא נִזְהָר וַתָּבוֹא חֶרֶב וַתִּקַּח מֵהֶם נָפֶשׁ הוּא בַּעֲוֺנוֹ נִלְקָח וְדָמוֹ מִיַּד הַצֹּפֶה אֶדְרֹשׁ` (יחזקאל לג:ו)
1547	62	נפש	נפש	תהילים צד:יז		`לוּלֵי יְהוָה עֶזְרָתָה לִּי כִּמְעַט שָׁכְנָה דוּמָה נַפְשִׁי` (תהילים צד:יז)
1548	62	איש-אשה	איש	בראשית יט:ח		`הִנֵּה נָא לִי שְׁתֵּי בָנוֹת אֲשֶׁר לֹא יָדְעוּ אִישׁ אוֹצִיאָה נָּא אֶתְהֶן אֲלֵיכֶם וַעֲשׂוּ לָהֶן כַּטּוֹב בְּעֵינֵיכֶם רַק לָאֲנָשִׁים הָאֵל אַל תַּעֲשׂוּ דָבָר כִּי עַל כֵּן בָּאוּ בְּצֵל קֹרָתִי` (בראשית יט:ח)
1549	62	רוח	רוח	יחזקאל יג:ג		`כֹּה אָמַר אֲדֹנָי יְהוִה הוֹי עַל הַנְּבִיאִים הַנְּבָלִים אֲשֶׁר הֹלְכִים אַחַר רוּחָם וּלְבִלְתִּי רָאוּ` (יחזקאל יג:ג)
1550	62	נפש	נפש	תהילים לה:יג		`וַאֲנִי בַּחֲלוֹתָם לְבוּשִׁי שָׂק עִנֵּיתִי בַצּוֹם נַפְשִׁי וּתְפִלָּתִי עַל חֵיקִי תָשׁוּב` (תהילים לה:יג)
1551	63	נפש	נפש	משלי טז:יז		`מְסִלַּת יְשָׁרִים סוּר מֵרָע שֹׁמֵר נַפְשׁוֹ נֹצֵר דַּרְכּוֹ` (משלי טז:יז)
1552	63	נפש	נפש	ישעיהו נג:יב		`לָכֵן אֲחַלֶּק לוֹ בָרַבִּים וְאֶת עֲצוּמִים יְחַלֵּק שָׁלָל תַּחַת אֲשֶׁר הֶעֱרָה לַמָּוֶת נַפְשׁוֹ וְאֶת פֹּשְׁעִים נִמְנָה וְהוּא חֵטְא רַבִּים נָשָׂא וְלַפֹּשְׁעִים יַפְגִּיעַ` (ישעיהו נג:יב)
1553	63	נפש	נפש	הושע ט:ד		`לֹא יִסְּכוּ לַיהוָה יַיִן וְלֹא יֶעֶרְבוּ לוֹ זִבְחֵיהֶם כְּלֶחֶם אוֹנִים לָהֶם כָּל אֹכְלָיו יִטַמָּאוּ כִּי לַחְמָם לְנַפְשָׁם לֹא יָבוֹא בֵּית יְהוָה` (הושע ט:ד)
1554	63	חיים	חיים	מלכים-א טו:ה		`אֲשֶׁר עָשָׂה דָוִד אֶת הַיָּשָׁר בְּעֵינֵי יְהוָה וְלֹא סָר מִכֹּל אֲשֶׁר צִוָּהוּ כֹּל יְמֵי חַיָּיו רַק בִּדְבַר אוּרִיָּה הַחִתִּי` (מלכים-א טו:ה)
1555	63	חיה-פועל	חיה	עמוס ה:יד		`דִּרְשׁוּ טוֹב וְאַל רָע לְמַעַן תִּחְיוּ וִיהִי כֵן יְהוָה אֱלֹהֵי צְבָאוֹת אִתְּכֶם כַּאֲשֶׁר אֲמַרְתֶּם` (עמוס ה:יד)
1556	63	נפש	נפש	יונה ד:ח	1286	`וַיְהִי כִּזְרֹחַ הַשֶּׁמֶשׁ וַיְמַן אֱלֹהִים רוּחַ קָדִים חֲרִישִׁית וַתַּךְ הַשֶּׁמֶשׁ עַל רֹאשׁ יוֹנָה וַיִּתְעַלָּף וַיִּשְׁאַל אֶת נַפְשׁוֹ לָמוּת וַיֹּאמֶר טוֹב מוֹתִי מֵחַיָּי` (יונה ד:ח)
1557	63	אדם	אדם	קהלת ג:יח	1256	`אָמַרְתִּי אֲנִי בְּלִבִּי עַל דִּבְרַת בְּנֵי הָאָדָם לְבָרָם הָאֱלֹהִים וְלִרְאוֹת שְׁהֶם בְּהֵמָה הֵמָּה לָהֶם` (קהלת ג:יח)
1558	63	נפש	נפש	איוב ב:ו		`וַיֹּאמֶר יְהוָה אֶל הַשָּׂטָן הִנּוֹ בְיָדֶךָ אַךְ אֶת נַפְשׁוֹ שְׁמֹר` (איוב ב:ו)
1559	63	נפש	נפש	יחזקאל יד:כ		`וְנֹחַ דָּנִאֵל וְאִיּוֹב בְּתוֹכָהּ חַי אָנִי נְאֻם אֲדֹנָי יְהוִה אִם בֵּן אִם בַּת יַצִּילוּ הֵמָּה בְצִדְקָתָם יַצִּילוּ נַפְשָׁם` (יחזקאל יד:כ)
1560	63	לב-לבב	לב	שופטים ה:טז		`לָמָּה יָשַׁבְתָּ בֵּין הַמִּשְׁפְּתַיִם לִשְׁמֹעַ שְׁרִקוֹת עֲדָרִים לִפְלַגּוֹת רְאוּבֵן גְּדוֹלִים חִקְרֵי לֵב` (שופטים ה:טז)
1561	63	נפש	נפש	שיר-השירים ג:ב		`אָקוּמָה נָּא וַאֲסוֹבְבָה בָעִיר בַּשְּׁוָקִים וּבָרְחֹבוֹת אֲבַקְשָׁה אֵת שֶׁאָהֲבָה נַפְשִׁי בִּקַּשְׁתִּיו וְלֹא מְצָאתִיו` (שיר-השירים ג:ב)
1562	63	אדם	אדם	יחזקאל ב:ו		`וְאַתָּה בֶן אָדָם אַל תִּירָא מֵהֶם וּמִדִּבְרֵיהֶם אַל תִּירָא כִּי סָרָבִים וְסַלּוֹנִים אוֹתָךְ וְאֶל עַקְרַבִּים אַתָּה יוֹשֵׁב מִדִּבְרֵיהֶם אַל תִּירָא וּמִפְּנֵיהֶם אַל תֵּחָת כִּי בֵּית מְרִי הֵמָּה` (יחזקאל ב:ו)
1563	63	נפש	נפש	משלי טז:כו		`נֶפֶשׁ עָמֵל עָמְלָה לּוֹ כִּי אָכַף עָלָיו פִּיהוּ` (משלי טז:כו)
1564	63	נפש	נפש	ירמיהו לז:ט		`כֹּה אָמַר יְהוָה אַל תַּשִּׁאוּ נַפְשֹׁתֵיכֶם לֵאמֹר הָלֹךְ יֵלְכוּ מֵעָלֵינוּ הַכַּשְׂדִּים כִּי לֹא יֵלֵכוּ` (ירמיהו לז:ט)
1565	63	נפש	נפש	מלכים-א יא:לז		`וְאֹתְךָ אֶקַּח וּמָלַכְתָּ בְּכֹל אֲשֶׁר תְּאַוֶּה נַפְשֶׁךָ וְהָיִיתָ מֶּלֶךְ עַל יִשְׂרָאֵל` (מלכים-א יא:לז)
1566	63	רוח	רוח	איוב לב:יח		`כִּי מָלֵתִי מִלִּים הֱצִיקַתְנִי רוּחַ בִּטְנִי` (איוב לב:יח)
1567	63	נפש	נפש	תהילים כב:כ		`הַצִּילָה מֵחֶרֶב נַפְשִׁי מִיַּד כֶּלֶב יְחִידָתִי` (תהילים כב:כ)
1568	63	איש-אשה	אשה	שופטים ח:ל		`וּלְגִדְעוֹן הָיוּ שִׁבְעִים בָּנִים יֹצְאֵי יְרֵכוֹ כִּי נָשִׁים רַבּוֹת הָיוּ לוֹ` (שופטים ח:ל)
1569	63	חיה-פועל	חיה	בראשית ה:כח		`וַיְחִי לֶמֶךְ שְׁתַּיִם וּשְׁמֹנִים שָׁנָה וּמְאַת שָׁנָה וַיּוֹלֶד בֵּן` (בראשית ה:כח)
1570	63	איש-אשה	איש	שמואל-ב טז:ה		`וּבָא הַמֶּלֶךְ דָּוִד עַד בַּחוּרִים וְהִנֵּה מִשָּׁם אִישׁ יוֹצֵא מִמִּשְׁפַּחַת בֵּית שָׁאוּל וּשְׁמוֹ שִׁמְעִי בֶן גֵּרָא יֹצֵא יָצוֹא וּמְקַלֵּל` (שמואל-ב טז:ה)
1571	63	נפש	נפש	ירמיהו כ:יג		`שִׁירוּ לַיהוָה הַלְלוּ אֶת יְהוָה כִּי הִצִּיל אֶת נֶפֶשׁ אֶבְיוֹן מִיַּד מְרֵעִים` (ירמיהו כ:יג)
1572	63	נפש	נפש	יחזקאל כה:טו		`כֹּה אָמַר אֲדֹנָי יְהוִה יַעַן עֲשׂוֹת פְּלִשְׁתִּים בִּנְקָמָה וַיִּנָּקְמוּ נָקָם בִּשְׁאָט בְּנֶפֶשׁ לְמַשְׁחִית אֵיבַת עוֹלָם` (יחזקאל כה:טו)
1573	63	רוח	רוח	מלאכי ב:טז		`כִּי שָׂנֵא שַׁלַּח אָמַר יְהוָה אֱלֹהֵי יִשְׂרָאֵל וְכִסָּה חָמָס עַל לְבוּשׁוֹ אָמַר יְהוָה צְבָאוֹת וְנִשְׁמַרְתֶּם בְּרוּחֲכֶם וְלֹא תִבְגֹּדוּ` (מלאכי ב:טז)
1574	63	נפש	נפש	יחזקאל כג:יח		`וַתְּגַל תַּזְנוּתֶיהָ וַתְּגַל אֶת עֶרְוָתָהּ וַתֵּקַע נַפְשִׁי מֵעָלֶיהָ כַּאֲשֶׁר נָקְעָה נַפְשִׁי מֵעַל אֲחוֹתָהּ` (יחזקאל כג:יח)
1575	63	אדם	אדם	איכה ג:לו		`לְעַוֵּת אָדָם בְּרִיבוֹ אֲדֹנָי לֹא רָאָה` (איכה ג:לו)
1576	64	נפש	נפש	במדבר לה:לא		`וְלֹא תִקְחוּ כֹפֶר לְנֶפֶשׁ רֹצֵחַ אֲשֶׁר הוּא רָשָׁע לָמוּת כִּי מוֹת יוּמָת` (במדבר לה:לא)
1577	64	חיים	חיים	שמות ו:טז		`וְאֵלֶּה שְׁמוֹת בְּנֵי לֵוִי לְתֹלְדֹתָם גֵּרְשׁוֹן וּקְהָת וּמְרָרִי וּשְׁנֵי חַיֵּי לֵוִי שֶׁבַע וּשְׁלֹשִׁים וּמְאַת שָׁנָה` (שמות ו:טז)
1578	64	נפש	נפש	משלי כא:כג		`שֹׁמֵר פִּיו וּלְשׁוֹנוֹ שֹׁמֵר מִצָּרוֹת נַפְשׁוֹ` (משלי כא:כג)
1579	64	נפש	נפש	מלכים-א ג:יא		`וַיֹּאמֶר אֱלֹהִים אֵלָיו יַעַן אֲשֶׁר שָׁאַלְתָּ אֶת הַדָּבָר הַזֶּה וְלֹא שָׁאַלְתָּ לְּךָ יָמִים רַבִּים וְלֹא שָׁאַלְתָּ לְּךָ עֹשֶׁר וְלֹא שָׁאַלְתָּ נֶפֶשׁ אֹיְבֶיךָ וְשָׁאַלְתָּ לְּךָ הָבִין לִשְׁמֹעַ מִשְׁפָּט` (מלכים-א ג:יא)
1580	64	חיים	חיים	משלי ד:יג		`הַחֲזֵק בַּמּוּסָר אַל תֶּרֶף נִצְּרֶהָ כִּי הִיא חַיֶּיךָ` (משלי ד:יג)
1581	64	נפש	נפש	יונה ב:ז		`בְּהִתְעַטֵּף עָלַי נַפְשִׁי אֶת יְהוָה זָכָרְתִּי וַתָּבוֹא אֵלֶיךָ תְּפִלָּתִי אֶל הֵיכַל קָדְשֶׁךָ` (יונה ב:ז)
1582	64	נפש	נפש	בראשית יט:יז		`וַיְהִי כְהוֹצִיאָם אֹתָם הַחוּצָה וַיֹּאמֶר הִמָּלֵט עַל נַפְשֶׁךָ אַל תַּבִּיט אַחֲרֶיךָ וְאַל תַּעֲמֹד בְּכָל הַכִּכָּר הָהָרָה הִמָּלֵט פֶּן תִּסָּפֶה` (בראשית יט:יז)
1583	64	נפש	נפש	שמות כג:ט		`וְגֵר לֹא תִלְחָץ וְאַתֶּם יְדַעְתֶּם אֶת נֶפֶשׁ הַגֵּר כִּי גֵרִים הֱיִיתֶם בְּאֶרֶץ מִצְרָיִם` (שמות כג:ט)
1584	64	לב-לבב	לבב	דברים ז:יז		`כִּי תֹאמַר בִּלְבָבְךָ רַבִּים הַגּוֹיִם הָאֵלֶּה מִמֶּנִּי אֵיכָה אוּכַל לְהוֹרִישָׁם` (דברים ז:יז)
1585	64	רוח	רוח	הושע ד:יב		`עַמִּי בְּעֵצוֹ יִשְׁאָל וּמַקְלוֹ יַגִּיד לוֹ כִּי רוּחַ זְנוּנִים הִתְעָה וַיִּזְנוּ מִתַּחַת אֱלֹהֵיהֶם` (הושע ד:יב)
1586	64	לב-לבב	לבב	תהילים סט:לב		`רָאוּ עֲנָוִים יִשְׂמָחוּ דֹּרְשֵׁי אֱלֹהִים וִיחִי לְבַבְכֶם` (תהילים סט:לב)
1587	64	נפש	נפש	תהילים קז:כו		`יַעֲלוּ שָׁמַיִם יֵרְדוּ תְהוֹמוֹת נַפְשָׁם בְּרָעָה תִתְמוֹגָג` (תהילים קז:כו)
1588	64	רוח	רוח	משלי יד:כט		`אֶרֶךְ אַפַּיִם רַב תְּבוּנָה וּקְצַר רוּחַ מֵרִים אִוֶּלֶת` (משלי יד:כט)
1589	64	איש-אשה	אשה	ירמיהו מד:ט		`הַשְׁכַחְתֶּם אֶת רָעוֹת אֲבוֹתֵיכֶם וְאֶת רָעוֹת מַלְכֵי יְהוּדָה וְאֵת רָעוֹת נָשָׁיו וְאֵת רָעֹתֵכֶם וְאֵת רָעֹת נְשֵׁיכֶם אֲשֶׁר עָשׂוּ בְּאֶרֶץ יְהוּדָה וּבְחֻצוֹת יְרוּשָׁלִָם` (ירמיהו מד:ט)
1590	64	נפש	נפש	ירמיהו ב:כד		`פֶּרֶה לִמֻּד מִדְבָּר בְּאַוַּת נַפְשׁוֹ שָׁאֲפָה רוּחַ תַּאֲנָתָהּ מִי יְשִׁיבֶנָּה כָּל מְבַקְשֶׁיהָ לֹא יִיעָפוּ בְּחָדְשָׁהּ יִמְצָאוּנְהָ` (ירמיהו ב:כד)
1591	64	איש-אשה	אשה	מלכים-א יא:יט		`וַיִּמְצָא הֲדַד חֵן בְּעֵינֵי פַרְעֹה מְאֹד וַיִּתֶּן לוֹ אִשָּׁה אֶת אֲחוֹת אִשְׁתּוֹ אֲחוֹת תַּחְפְּנֵיס הַגְּבִירָה` (מלכים-א יא:יט)
1592	64	אדם	אדם	יחזקאל כא:יד		`וְאַתָּה בֶן אָדָם הִנָּבֵא וְהַךְ כַּף אֶל כָּף וְתִכָּפֵל חֶרֶב שְׁלִישִׁתָה חֶרֶב חֲלָלִים הִיא חֶרֶב חָלָל הַגָּדוֹל הַחֹדֶרֶת לָהֶם` (יחזקאל כא:יד)
1593	64	נפש	נפש	שמות יב:טו		`שִׁבְעַת יָמִים מַצּוֹת תֹּאכֵלוּ אַךְ בַּיּוֹם הָרִאשׁוֹן תַּשְׁבִּיתוּ שְּׂאֹר מִבָּתֵּיכֶם כִּי כָּל אֹכֵל חָמֵץ וְנִכְרְתָה הַנֶּפֶשׁ הַהִוא מִיִּשְׂרָאֵל מִיּוֹם הָרִאשֹׁן עַד יוֹם הַשְּׁבִעִי` (שמות יב:טו)
1594	64	חיים	חיים	משלי כא:כא		`רֹדֵף צְדָקָה וָחָסֶד יִמְצָא חַיִּים צְדָקָה וְכָבוֹד` (משלי כא:כא)
1595	64	נפש	נפש	איוב יא:כ	1414	`וְעֵינֵי רְשָׁעִים תִּכְלֶינָה וּמָנוֹס אָבַד מִנְהֶם וְתִקְוָתָם מַפַּח נָפֶשׁ` (איוב יא:כ)
1596	64	איש-אשה	אשה	בראשית מא:מה		`וַיִּקְרָא פַרְעֹה שֵׁם יוֹסֵף צָפְנַת פַּעְנֵחַ וַיִּתֶּן לוֹ אֶת אָסְנַת בַּת פּוֹטִי פֶרַע כֹּהֵן אֹן לְאִשָּׁה וַיֵּצֵא יוֹסֵף עַל אֶרֶץ מִצְרָיִם` (בראשית מא:מה)
1597	64	נפש	נפש	ויקרא כו:טו		`וְאִם בְּחֻקֹּתַי תִּמְאָסוּ וְאִם אֶת מִשְׁפָּטַי תִּגְעַל נַפְשְׁכֶם לְבִלְתִּי עֲשׂוֹת אֶת כָּל מִצְוֺתַי לְהַפְרְכֶם אֶת בְּרִיתִי` (ויקרא כו:טו)
1598	64	אדם	אדם	בראשית טז:יב		`וְהוּא יִהְיֶה פֶּרֶא אָדָם יָדוֹ בַכֹּל וְיַד כֹּל בּוֹ וְעַל פְּנֵי כָל אֶחָיו יִשְׁכֹּן` (בראשית טז:יב)
1599	64	איש-אשה	איש	שיר-השירים ח:יא		`כֶּרֶם הָיָה לִשְׁלֹמֹה בְּבַעַל הָמוֹן נָתַן אֶת הַכֶּרֶם לַנֹּטְרִים אִישׁ יָבִא בְּפִרְיוֹ אֶלֶף כָּסֶף` (שיר-השירים ח:יא)
1600	64	נפש	נפש	מלכים-א יט:ג		`וַיַּרְא וַיָּקָם וַיֵּלֶךְ אֶל נַפְשׁוֹ וַיָּבֹא בְּאֵר שֶׁבַע אֲשֶׁר לִיהוּדָה וַיַּנַּח אֶת נַעֲרוֹ שָׁם` (מלכים-א יט:ג)
1601	65	חיה-פועל	חיה	בראשית ו:כ		`מֵהָעוֹף לְמִינֵהוּ וּמִן הַבְּהֵמָה לְמִינָהּ מִכֹּל רֶמֶשׂ הָאֲדָמָה לְמִינֵהוּ שְׁנַיִם מִכֹּל יָבֹאוּ אֵלֶיךָ לְהַחֲיוֹת` (בראשית ו:כ)
1602	65	נפש	נפש	מלכים-א ב:ד		`לְמַעַן יָקִים יְהוָה אֶת דְּבָרוֹ אֲשֶׁר דִּבֶּר עָלַי לֵאמֹר אִם יִשְׁמְרוּ בָנֶיךָ אֶת דַּרְכָּם לָלֶכֶת לְפָנַי בֶּאֱמֶת בְּכָל לְבָבָם וּבְכָל נַפְשָׁם לֵאמֹר לֹא יִכָּרֵת לְךָ אִישׁ מֵעַל כִּסֵּא יִשְׂרָאֵל` (מלכים-א ב:ד)
1603	65	חיה-פועל	חיה	דברים ה:כד		`וַתֹּאמְרוּ הֵן הֶרְאָנוּ יְהוָה אֱלֹהֵינוּ אֶת כְּבֹדוֹ וְאֶת גָּדְלוֹ וְאֶת קֹלוֹ שָׁמַעְנוּ מִתּוֹךְ הָאֵשׁ הַיּוֹם הַזֶּה רָאִינוּ כִּי יְדַבֵּר אֱלֹהִים אֶת הָאָדָם וָחָי` (דברים ה:כד)
1604	65	נפש	נפש	ירמיהו מד:ל		`כֹּה אָמַר יְהוָה הִנְנִי נֹתֵן אֶת פַּרְעֹה חָפְרַע מֶלֶךְ מִצְרַיִם בְּיַד אֹיְבָיו וּבְיַד מְבַקְשֵׁי נַפְשׁוֹ כַּאֲשֶׁר נָתַתִּי אֶת צִדְקִיָּהוּ מֶלֶךְ יְהוּדָה בְּיַד נְבוּכַדְרֶאצַּר מֶלֶךְ בָּבֶל אֹיְבוֹ וּמְבַקֵּשׁ נַפְשׁוֹ` (ירמיהו מד:ל)
1605	65	איש-אשה	איש	שמואל-א לא:יב		`וַיָּקוּמוּ כָּל אִישׁ חַיִל וַיֵּלְכוּ כָל הַלַּיְלָה וַיִּקְחוּ אֶת גְּוִיַּת שָׁאוּל וְאֵת גְּוִיֹּת בָּנָיו מֵחוֹמַת בֵּית שָׁן וַיָּבֹאוּ יָבֵשָׁה וַיִּשְׂרְפוּ אֹתָם שָׁם` (שמואל-א לא:יב)
1606	65	נפש	נפש	תהילים קז:ט		`כִּי הִשְׂבִּיעַ נֶפֶשׁ שֹׁקֵקָה וְנֶפֶשׁ רְעֵבָה מִלֵּא טוֹב` (תהילים קז:ט)
1607	65	נפש	נפש	דברים יג:ו		`כִּי יְסִיתְךָ אָחִיךָ בֶן אִמֶּךָ אוֹ בִנְךָ אוֹ בִתְּךָ אוֹ אֵשֶׁת חֵיקֶךָ אוֹ רֵעֲךָ אֲשֶׁר כְּנַפְשְׁךָ בַּסֵּתֶר לֵאמֹר נֵלְכָה וְנַעַבְדָה אֱלֹהִים אֲחֵרִים אֲשֶׁר לֹא יָדַעְתָּ אַתָּה וַאֲבֹתֶיךָ` (דברים יג:ו)
